Model,Train_R2,Test_R2,Train_RMSE,Test_RMSE,Train_MAE,Test_MAE,Overfit_Score
SVR,0.4571198828281937,0.2989113367577416,0.751759174663114,0.7631253193125249,0.5365711084565463,0.5898853905087952,0.1582085460704521
GradientBoosting,0.4150485923838182,0.23310193578303462,0.7803450219423486,0.7981384100049039,0.5996808072067892,0.6475732930854741,0.18194665660078357
RandomForest,0.5640610617012813,0.1782105399673054,0.6736581993461737,0.8262085295004492,0.4731741556253019,0.6606451004629634,0.38585052173397594
Ridge,0.3120613014019793,0.15419895616017232,0.8462557630535511,0.8381919762270873,0.6544742496614101,0.6630929419786352,0.15786234524180698
LinearRegression,0.31213027000896754,0.1526283901186658,0.846213341727233,0.8389698336846763,0.6545465751353028,0.6632380866372017,0.15950187989030173
ElasticNet,0.2957953242097989,0.1474723912023097,0.8562019669811121,0.8415184010792759,0.6608162756243531,0.6780059561681295,0.14832293300748922
DecisionTree,0.4194061900765629,0.12694966104800287,0.7774329969433671,0.8515870202796675,0.5892475572617973,0.6691620692411938,0.29245652902856
Lasso,0.23348505954010812,0.10688730567362059,0.8932789112373484,0.8613160139720083,0.6889550842857171,0.7013611287984177,0.12659775386648753
