Carbon_%,Silicon_%,Manganese_%,Sulphur_%,Phosphorus_%,Nickel_%,Chromium_%,Molybdenum_%,Vanadium_%,Copper_%,Cobalt_%,Tungsten_%,Oxygen_weight%,Titanium_weight%,Nitrogen_weight%,Aluminium_weight%,Boron_weight%,Niobium_weight%,Tin_weight%,Arsenic_weight%,Antimony_weight%,Interpass_Temp_C,PWHT_Temp_C,PWHT_Time_hours,Yield_Strength_MPa,UTS_MPa,Elongation_%,Reduction_Area_%,Charpy_Temp_C,Charpy_Energy_J,Hardness_kg_mm2,FATT_50%,Primary_Ferrite_%,Ferrite_2nd_Phase_%,Acicular_Ferrite_%,Martensite_%,Ferrite_Carbide_%,Electrode_Polarity_+,Electrode_Polarity_-,Electrode_Polarity_0,Power_W,Weld_Type_FCA,Weld_Type_GMAA,Weld_Type_GTAA,Weld_Type_MMA,Weld_Type_NGGMA,Weld_Type_NGSAW,Weld_Type_SA,Weld_Type_SAA,Weld_Type_ShMA,Weld_Type_TSA,Heat_Input_J_mm,FATT_50%_Predicted,FATT_50%_Complete,Primary_Ferrite_%_Predicted,Primary_Ferrite_%_Complete,Ferrite_2nd_Phase_%_Predicted,Ferrite_2nd_Phase_%_Complete,Acicular_Ferrite_%_Predicted,Acicular_Ferrite_%_Complete,Martensite_%_Predicted,Martensite_%_Complete,Ferrite_Carbide_%_Predicted,Ferrite_Carbide_%_Complete
0.037,0.3,0.65,0.008,0.012,0.0,0.0,0.0,0.0,0.0,0.0,0.0,0.0,0.0,0.0,0.0,0.0,0.0,0.0,0.0,0.0,200.0,250.0,14.0,392.0,466.0,31.9,80.6,,,,,,,,,,1,0,0,3570.0,0,0,0,1,0,0,0,0,0,0,1000.0,0.842779,0.8427789807319641,27.825,27.825,36.114956,36.11495590209961,41.6,41.6,0.0,0.0,0.1657857142857143,0.1657857142857143
0.037,0.3,0.65,0.008,0.012,0.0,0.0,0.0,0.0,0.0,0.0,0.0,0.0,0.0,0.0,0.0,0.0,0.0,0.0,0.0,0.0,200.0,0.0,0.0,,,,,-28.0,100.0,,,,,,,,1,0,0,3570.0,0,0,0,1,0,0,0,0,0,0,1000.0,0.842779,0.8427789807319641,27.825,27.825,36.114956,36.11495590209961,41.6,41.6,0.0,0.0,0.1657857142857143,0.1657857142857143
0.037,0.3,0.65,0.008,0.012,0.0,0.0,0.0,0.0,0.0,0.0,0.0,0.0,0.0,0.0,0.0,0.0,0.0,0.0,0.0,0.0,200.0,580.0,2.0,370.0,456.0,35.2,80.6,-38.0,100.0,,,,,,,,1,0,0,3570.0,0,0,0,1,0,0,0,0,0,0,1000.0,0.842779,0.8427789807319641,23.223333333333336,23.223333333333336,32.459774,32.459774017333984,44.21,44.21,0.0,0.0,0.2402698412698413,0.2402698412698413
0.037,0.31,1.03,0.007,0.014,0.0,0.0,0.0,0.0,0.0,0.0,0.0,0.0,0.0,0.0,0.0,0.0,0.0,0.0,0.0,0.0,200.0,250.0,14.0,413.0,498.0,31.2,80.6,,,,,,,,,,1,0,0,3570.0,0,0,0,1,0,0,0,0,0,0,1000.0,-4.9408126,-4.940812587738037,26.49333333333333,26.49333333333333,34.85806,34.85805892944336,41.24,41.24,0.0,0.0,0.005,0.005
0.037,0.31,1.03,0.007,0.014,0.0,0.0,0.0,0.0,0.0,0.0,0.0,0.0,0.0,0.0,0.0,0.0,0.0,0.0,0.0,0.0,200.0,0.0,0.0,,,,,-48.0,100.0,,,32.0,28.0,40.0,0.0,0.0,1,0,0,3570.0,0,0,0,1,0,0,0,0,0,0,1000.0,-4.9408126,-4.940812587738037,26.49,32.0,29.60191,28.0,41.21666666666666,40.0,0.0,0.0,0.005,0.0
0.037,0.31,1.03,0.007,0.014,0.0,0.0,0.0,0.0,0.0,0.0,0.0,0.0,0.0,0.0,0.0,0.0,0.0,0.0,0.0,0.0,200.0,580.0,2.0,402.0,490.0,31.0,80.6,-44.0,100.0,,,,,,,,1,0,0,3570.0,0,0,0,1,0,0,0,0,0,0,1000.0,-4.9408126,-4.940812587738037,23.27,23.27,30.049683,30.0496826171875,43.89,43.89,0.0,0.0,0.08015079365079365,0.08015079365079365
0.044,0.35,1.43,0.007,0.014,0.0,0.0,0.0,0.0,0.0,0.0,0.0,0.0,0.0,0.0,0.0,0.0,0.0,0.0,0.0,0.0,200.0,250.0,14.0,468.0,551.0,29.4,78.7,,,,,,,,,,1,0,0,3570.0,0,0,0,1,0,0,0,0,0,0,1000.0,-11.201312,-11.201312065124512,14.05,14.05,25.424778,25.42477798461914,67.27638095238095,67.27638095238095,0.0,0.0,0.0,0.0
0.044,0.35,1.43,0.007,0.014,0.0,0.0,0.0,0.0,0.0,0.0,0.0,0.0,0.0,0.0,0.0,0.0,0.0,0.0,0.0,0.0,200.0,0.0,0.0,,,,,-53.0,100.0,,,,,,,,1,0,0,3570.0,0,0,0,1,0,0,0,0,0,0,1000.0,-11.201312,-11.201312065124512,21.74333333333333,21.74333333333333,25.424778,25.42477798461914,66.88638095238095,66.88638095238095,0.0,0.0,0.0,0.0
0.044,0.35,1.43,0.007,0.014,0.0,0.0,0.0,0.0,0.0,0.0,0.0,0.0,0.0,0.0,0.0,0.0,0.0,0.0,0.0,0.0,200.0,580.0,2.0,436.0,529.0,31.6,78.8,-58.0,100.0,,,,,,,,1,0,0,3570.0,0,0,0,1,0,0,0,0,0,0,1000.0,-11.201312,-11.201312065124512,21.39333333333333,21.39333333333333,25.424778,25.42477798461914,66.23388095238096,66.23388095238096,0.0,0.0,0.0,0.0
0.045,0.33,1.85,0.007,0.016,0.0,0.0,0.0,0.0,0.0,0.0,0.0,0.0,0.0,0.0,0.0,0.0,0.0,0.0,0.0,0.0,200.0,250.0,14.0,514.0,588.0,28.0,76.8,,,,,,,,,,1,0,0,3570.0,0,0,0,1,0,0,0,0,0,0,1000.0,-11.201312,-11.201312065124512,12.38,12.38,16.276756,16.276756286621094,65.13783333333333,65.13783333333333,0.0,0.0,0.0,0.0
0.045,0.33,1.85,0.007,0.016,0.0,0.0,0.0,0.0,0.0,0.0,0.0,0.0,0.0,0.0,0.0,0.0,0.0,0.0,0.0,0.0,200.0,0.0,0.0,,,,,-38.0,100.0,,,13.0,17.0,60.0,0.0,0.0,1,0,0,3570.0,0,0,0,1,0,0,0,0,0,0,1000.0,-11.201312,-11.201312065124512,12.38,13.0,16.276756,17.0,65.13783333333333,60.0,0.0,0.0,0.0,0.0
0.045,0.33,1.85,0.007,0.016,0.0,0.0,0.0,0.0,0.0,0.0,0.0,0.0,0.0,0.0,0.0,0.0,0.0,0.0,0.0,0.0,200.0,580.0,2.0,479.0,576.0,27.4,76.9,-40.0,100.0,,,,,,,,1,0,0,3570.0,0,0,0,1,0,0,0,0,0,0,1000.0,-11.396365,-11.39636516571045,10.39,10.39,16.276756,16.276756286621094,57.07166666666666,57.07166666666666,15.6,15.6,0.0,0.0
0.039,0.32,0.66,0.006,0.011,0.53,0.0,0.0,0.0,0.0,0.0,0.0,0.0,0.0,0.0,0.0,0.0,0.0,0.0,0.0,0.0,200.0,250.0,14.0,411.0,484.0,32.6,79.3,,,,,,,,,,1,0,0,3570.0,0,0,0,1,0,0,0,0,0,0,1000.0,-14.11156,-14.111559867858887,22.638333333333332,22.638333333333332,40.226524,40.226524353027344,42.86,42.86,0.0,0.0,0.08166666666666667,0.08166666666666667
0.039,0.32,0.66,0.006,0.011,0.53,0.0,0.0,0.0,0.0,0.0,0.0,0.0,0.0,0.0,0.0,0.0,0.0,0.0,0.0,0.0,200.0,580.0,2.0,401.0,475.0,34.2,80.6,,,,,,,,,,1,0,0,3570.0,0,0,0,1,0,0,0,0,0,0,1000.0,-14.11156,-14.111559867858887,19.94,19.94,36.16899,36.16899108886719,44.39,44.39,0.0,0.0,0.14781746031746032,0.14781746031746032
0.041,0.33,1.01,0.006,0.011,0.49,0.0,0.0,0.0,0.0,0.0,0.0,0.0,0.0,0.0,0.0,0.0,0.0,0.0,0.0,0.0,200.0,250.0,14.0,464.0,522.0,29.6,77.8,,,,,,,,,,1,0,0,3570.0,0,0,0,1,0,0,0,0,0,0,1000.0,-37.03284,-37.032840728759766,20.273333333333333,20.273333333333333,36.384045,36.3840446472168,40.75,40.75,0.0,0.0,0.005,0.005
0.041,0.33,1.01,0.006,0.011,0.49,0.0,0.0,0.0,0.0,0.0,0.0,0.0,0.0,0.0,0.0,0.0,0.0,0.0,0.0,0.0,200.0,0.0,0.0,,,,,,,,,19.0,43.0,38.0,0.0,0.0,1,0,0,3570.0,0,0,0,1,0,0,0,0,0,0,1000.0,-37.03284,-37.032840728759766,20.463333333333335,19.0,40.226524,43.0,40.22,38.0,0.0,0.0,0.005,0.0
0.041,0.33,1.01,0.006,0.011,0.49,0.0,0.0,0.0,0.0,0.0,0.0,0.0,0.0,0.0,0.0,0.0,0.0,0.0,0.0,0.0,200.0,580.0,2.0,426.0,506.0,31.6,79.7,,,,,,,,,,1,0,0,3570.0,0,0,0,1,0,0,0,0,0,0,1000.0,-37.03284,-37.032840728759766,18.08,18.08,36.03386,36.03385925292969,42.74,42.74,0.0,0.0,0.07015079365079366,0.07015079365079366
0.051,0.32,1.4,0.007,0.014,0.47,0.0,0.0,0.0,0.0,0.0,0.0,0.0,0.0,0.0,0.0,0.0,0.0,0.0,0.0,0.0,200.0,250.0,14.0,509.0,568.0,28.6,76.9,,,,,,,,,,1,0,0,3570.0,0,0,0,1,0,0,0,0,0,0,1000.0,-8.9326515,-8.93265151977539,12.45,12.45,27.811058,27.811058044433594,67.5922581453634,67.5922581453634,0.0,0.0,0.0,0.0
0.051,0.32,1.4,0.007,0.014,0.47,0.0,0.0,0.0,0.0,0.0,0.0,0.0,0.0,0.0,0.0,0.0,0.0,0.0,0.0,0.0,200.0,580.0,2.0,450.0,536.0,28.2,78.8,,,,,,,,,,1,0,0,3570.0,0,0,0,1,0,0,0,0,0,0,1000.0,-8.9326515,-8.93265151977539,21.32333333333333,21.32333333333333,27.811058,27.811058044433594,66.16642481203007,66.16642481203007,0.0,0.0,0.0,0.0
0.049,0.33,1.85,0.006,0.014,0.51,0.0,0.0,0.0,0.0,0.0,0.0,0.0,0.0,0.0,0.0,0.0,0.0,0.0,0.0,0.0,200.0,250.0,14.0,547.0,618.0,26.0,74.9,,,,,,,,,,1,0,0,3570.0,0,0,0,1,0,0,0,0,0,0,1000.0,-36.482944,-36.48294448852539,9.72,9.72,21.703283,21.703283309936523,70.04143274853801,70.04143274853801,0.0,0.0,0.0,0.0
0.049,0.33,1.85,0.006,0.014,0.51,0.0,0.0,0.0,0.0,0.0,0.0,0.0,0.0,0.0,0.0,0.0,0.0,0.0,0.0,0.0,200.0,0.0,0.0,,,,,,,,,8.0,24.0,68.0,0.0,0.0,1,0,0,3570.0,0,0,0,1,0,0,0,0,0,0,1000.0,-36.482944,-36.48294448852539,9.02,8.0,21.703283,24.0,69.92543274853801,68.0,0.0,0.0,0.0,0.0
0.049,0.33,1.85,0.006,0.014,0.51,0.0,0.0,0.0,0.0,0.0,0.0,0.0,0.0,0.0,0.0,0.0,0.0,0.0,0.0,0.0,200.0,580.0,2.0,526.0,612.0,26.8,72.9,,,,,,,,,,1,0,0,3570.0,0,0,0,1,0,0,0,0,0,0,1000.0,-36.482944,-36.48294448852539,20.293333333333333,20.293333333333333,21.703283,21.703283309936523,69.03293274853802,69.03293274853802,0.0,0.0,0.0,0.0
0.038,0.31,0.63,0.007,0.012,1.09,0.0,0.0,0.0,0.0,0.0,0.0,0.0,0.0,0.0,0.0,0.0,0.0,0.0,0.0,0.0,200.0,250.0,14.0,423.0,497.0,30.6,78.8,,,,,,,,,,1,0,0,3570.0,0,0,0,1,0,0,0,0,0,0,1000.0,3.1358998,3.135899782180786,23.993333333333336,23.993333333333336,34.823105,34.82310485839844,43.26666666666666,43.26666666666666,0.0,0.0,0.12,0.12
0.038,0.31,0.63,0.007,0.012,1.09,0.0,0.0,0.0,0.0,0.0,0.0,0.0,0.0,0.0,0.0,0.0,0.0,0.0,0.0,0.0,200.0,0.0,0.0,,,,,-38.0,100.0,,,,,,,,1,0,0,3570.0,0,0,0,1,0,0,0,0,0,0,1000.0,3.1358998,3.135899782180786,23.923333333333336,23.923333333333336,34.09283,34.092830657958984,44.32,44.32,0.0,0.0,0.16115079365079363,0.16115079365079363
0.038,0.31,0.63,0.007,0.012,1.09,0.0,0.0,0.0,0.0,0.0,0.0,0.0,0.0,0.0,0.0,0.0,0.0,0.0,0.0,0.0,200.0,580.0,2.0,411.0,493.0,33.6,79.7,-40.0,100.0,,,,,,,,1,0,0,3570.0,0,0,0,1,0,0,0,0,0,0,1000.0,3.1358998,3.135899782180786,23.063333333333336,23.063333333333336,34.09283,34.092830657958984,44.6,44.6,0.0,0.0,0.16115079365079363,0.16115079365079363
0.043,0.33,1.0,0.006,0.013,1.1,0.0,0.0,0.0,0.0,0.0,0.0,0.0,0.0,0.0,0.0,0.0,0.0,0.0,0.0,0.0,200.0,250.0,14.0,475.0,541.0,29.6,77.9,,,,,,,,,,1,0,0,3570.0,0,0,0,1,0,0,0,0,0,0,1000.0,-35.683746,-35.683746337890625,20.523333333333333,20.523333333333333,34.167305,34.16730499267578,42.75,42.75,0.0,0.0,0.0,0.0
0.043,0.33,1.0,0.006,0.013,1.1,0.0,0.0,0.0,0.0,0.0,0.0,0.0,0.0,0.0,0.0,0.0,0.0,0.0,0.0,0.0,200.0,0.0,0.0,,,,,-55.0,100.0,,,20.0,42.0,38.0,0.0,0.0,1,0,0,3570.0,0,0,0,1,0,0,0,0,0,0,1000.0,-35.683746,-35.683746337890625,20.523333333333333,20.0,34.167305,42.0,42.75,38.0,0.0,0.0,0.0,0.0
0.043,0.33,1.0,0.006,0.013,1.1,0.0,0.0,0.0,0.0,0.0,0.0,0.0,0.0,0.0,0.0,0.0,0.0,0.0,0.0,0.0,200.0,580.0,2.0,443.0,521.0,31.8,77.8,-51.0,100.0,,,,,,,,1,0,0,3570.0,0,0,0,1,0,0,0,0,0,0,1000.0,-35.683746,-35.683746337890625,17.74,17.74,33.990982,33.99098205566406,44.37,44.37,0.0,0.0,0.06515079365079365,0.06515079365079365
0.049,0.35,1.37,0.007,0.013,1.06,0.0,0.0,0.0,0.0,0.0,0.0,0.0,0.0,0.0,0.0,0.0,0.0,0.0,0.0,0.0,200.0,250.0,14.0,498.0,569.0,28.4,78.8,,,,,,,,,,1,0,0,3570.0,0,0,0,1,0,0,0,0,0,0,1000.0,-8.789156,-8.789155960083008,21.16333333333333,21.16333333333333,30.07585,30.075849533081055,63.29822243107769,63.29822243107769,0.0,0.0,0.08,0.08
0.049,0.35,1.37,0.007,0.013,1.06,0.0,0.0,0.0,0.0,0.0,0.0,0.0,0.0,0.0,0.0,0.0,0.0,0.0,0.0,0.0,200.0,0.0,0.0,,,,,-58.0,100.0,,,,,,,,1,0,0,3570.0,0,0,0,1,0,0,0,0,0,0,1000.0,-8.789156,-8.789155960083008,21.08333333333333,21.08333333333333,30.07585,30.075849533081055,63.29822243107769,63.29822243107769,0.0,0.0,0.08,0.08
0.049,0.35,1.37,0.007,0.013,1.06,0.0,0.0,0.0,0.0,0.0,0.0,0.0,0.0,0.0,0.0,0.0,0.0,0.0,0.0,0.0,200.0,580.0,2.0,470.0,557.0,30.2,76.0,-20.0,100.0,,,,,,,,1,0,0,3570.0,0,0,0,1,0,0,0,0,0,0,1000.0,-8.789156,-8.789155960083008,20.10333333333333,20.10333333333333,29.518137,29.518136978149414,67.41155576441103,67.41155576441103,0.0,0.0,0.0,0.0
0.053,0.35,1.83,0.007,0.012,1.06,0.0,0.0,0.0,0.0,0.0,0.0,0.0,0.0,0.0,0.0,0.0,0.0,0.0,0.0,0.0,200.0,250.0,14.0,566.0,641.0,26.4,76.0,,,,,,,,,,1,0,0,3570.0,0,0,0,1,0,0,0,0,0,0,1000.0,-8.789156,-8.789155960083008,6.37,6.37,19.152227,19.1522274017334,72.22852005012531,72.22852005012531,0.0,0.0,0.0,0.0
0.053,0.35,1.83,0.007,0.012,1.06,0.0,0.0,0.0,0.0,0.0,0.0,0.0,0.0,0.0,0.0,0.0,0.0,0.0,0.0,0.0,200.0,0.0,0.0,,,,,-39.0,100.0,,,6.0,19.0,75.0,0.0,0.0,1,0,0,3570.0,0,0,0,1,0,0,0,0,0,0,1000.0,-8.789156,-8.789155960083008,6.37,6.0,19.152227,19.0,72.22852005012531,75.0,0.0,0.0,0.0,0.0
0.053,0.35,1.83,0.007,0.012,1.06,0.0,0.0,0.0,0.0,0.0,0.0,0.0,0.0,0.0,0.0,0.0,0.0,0.0,0.0,0.0,200.0,580.0,2.0,521.0,612.0,26.0,74.0,1.0,100.0,,,,,,,,1,0,0,3570.0,0,0,0,1,0,0,0,0,0,0,1000.0,-8.789156,-8.789155960083008,18.69333333333333,18.69333333333333,19.152227,19.1522274017334,70.99054385964912,70.99054385964912,0.0,0.0,0.0,0.0
0.041,0.3,0.62,0.007,0.01,2.38,0.0,0.0,0.0,0.0,0.0,0.0,0.0,0.0,0.0,0.0,0.0,0.0,0.0,0.0,0.0,200.0,250.0,14.0,466.0,538.0,30.6,77.8,,,,,,,,,,1,0,0,3570.0,0,0,0,1,0,0,0,0,0,0,1000.0,-0.10810065,-0.10810065269470215,23.483333333333334,23.483333333333334,35.77277,35.772769927978516,43.14666666666666,43.14666666666666,0.0,0.0,0.16115079365079363,0.16115079365079363
0.041,0.3,0.62,0.007,0.01,2.38,0.0,0.0,0.0,0.0,0.0,0.0,0.0,0.0,0.0,0.0,0.0,0.0,0.0,0.0,0.0,200.0,0.0,0.0,,,,,-50.0,100.0,,,,,,,,1,0,0,3570.0,0,0,0,1,0,0,0,0,0,0,1000.0,-0.10810065,-0.10810065269470215,22.143333333333334,22.143333333333334,35.77277,35.772769927978516,43.41,43.41,0.0,0.0,0.16115079365079363,0.16115079365079363
0.041,0.3,0.62,0.007,0.01,2.38,0.0,0.0,0.0,0.0,0.0,0.0,0.0,0.0,0.0,0.0,0.0,0.0,0.0,0.0,0.0,200.0,580.0,2.0,431.0,518.0,32.2,76.9,-41.0,100.0,,,,,,,,1,0,0,3570.0,0,0,0,1,0,0,0,0,0,0,1000.0,-0.10810065,-0.10810065269470215,22.693333333333335,22.693333333333335,35.77277,35.772769927978516,43.36,43.36,0.0,0.0,0.16115079365079363,0.16115079365079363
0.044,0.31,0.96,0.006,0.013,2.38,0.0,0.0,0.0,0.0,0.0,0.0,0.0,0.0,0.0,0.0,0.0,0.0,0.0,0.0,0.0,200.0,250.0,14.0,489.0,567.0,30.6,76.9,,,,,,,,,,1,0,0,3570.0,0,0,0,1,0,0,0,0,0,0,1000.0,-35.66922,-35.669219970703125,18.11,18.11,36.551395,36.551395416259766,43.96666666666666,43.96666666666666,0.0,0.0,0.05515079365079365,0.05515079365079365
0.044,0.31,0.96,0.006,0.013,2.38,0.0,0.0,0.0,0.0,0.0,0.0,0.0,0.0,0.0,0.0,0.0,0.0,0.0,0.0,0.0,200.0,0.0,0.0,,,,,-59.0,100.0,,,16.0,38.0,46.0,0.0,0.0,1,0,0,3570.0,0,0,0,1,0,0,0,0,0,0,1000.0,-35.66922,-35.669219970703125,16.54,16.0,37.90867,38.0,44.26,46.0,0.0,0.0,0.05515079365079365,0.0
0.044,0.31,0.96,0.006,0.013,2.38,0.0,0.0,0.0,0.0,0.0,0.0,0.0,0.0,0.0,0.0,0.0,0.0,0.0,0.0,0.0,200.0,580.0,2.0,481.0,561.0,29.1,76.9,-44.0,100.0,,,,,,,,1,0,0,3570.0,0,0,0,1,0,0,0,0,0,0,1000.0,-35.66922,-35.669219970703125,16.54,16.54,37.90867,37.908668518066406,44.26,44.26,0.0,0.0,0.05515079365079365,0.05515079365079365
0.049,0.32,1.41,0.007,0.014,2.32,0.0,0.0,0.0,0.0,0.0,0.0,0.0,0.0,0.0,0.0,0.0,0.0,0.0,0.0,0.0,200.0,250.0,14.0,567.0,635.0,23.6,72.7,,,,,,,,,,1,0,0,3570.0,0,0,0,1,0,0,0,0,0,0,1000.0,-11.899326,-11.89932632446289,21.59333333333333,21.59333333333333,29.211163,29.211162567138672,65.86909147869675,65.86909147869675,0.0,0.0,0.0,0.0
0.049,0.32,1.41,0.007,0.014,2.32,0.0,0.0,0.0,0.0,0.0,0.0,0.0,0.0,0.0,0.0,0.0,0.0,0.0,0.0,0.0,200.0,0.0,0.0,,,,,-38.0,100.0,,,,,,,,1,0,0,3570.0,0,0,0,1,0,0,0,0,0,0,1000.0,-11.899326,-11.89932632446289,7.21,7.21,29.211163,29.211162567138672,66.70909147869673,66.70909147869673,0.0,0.0,0.0,0.0
0.049,0.32,1.41,0.007,0.014,2.32,0.0,0.0,0.0,0.0,0.0,0.0,0.0,0.0,0.0,0.0,0.0,0.0,0.0,0.0,0.0,200.0,580.0,2.0,530.0,615.0,26.6,73.0,-20.0,100.0,,,,,,,,1,0,0,3570.0,0,0,0,1,0,0,0,0,0,0,1000.0,-11.899326,-11.89932632446289,21.12333333333333,21.12333333333333,29.211163,29.211162567138672,64.83659147869675,64.83659147869675,0.0,0.0,0.0,0.0
0.046,0.32,1.81,0.007,0.015,2.33,0.0,0.0,0.0,0.0,0.0,0.0,0.0,0.0,0.0,0.0,0.0,0.0,0.0,0.0,0.0,200.0,250.0,14.0,621.0,684.0,23.5,73.9,,,,,,,,,,1,0,0,3570.0,0,0,0,1,0,0,0,0,0,0,1000.0,-11.899326,-11.89932632446289,20.30333333333333,20.30333333333333,17.174988,17.17498779296875,69.18504385964913,69.18504385964913,0.0,0.0,0.0,0.0
0.046,0.32,1.81,0.007,0.015,2.33,0.0,0.0,0.0,0.0,0.0,0.0,0.0,0.0,0.0,0.0,0.0,0.0,0.0,0.0,0.0,200.0,0.0,0.0,,,,,-30.0,100.0,,,5.0,14.0,81.0,0.0,0.0,1,0,0,3570.0,0,0,0,1,0,0,0,0,0,0,1000.0,-11.899326,-11.89932632446289,5.7,5.0,17.174988,14.0,65.36504385964912,81.0,5.4,0.0,0.0,0.0
0.046,0.32,1.81,0.007,0.015,2.33,0.0,0.0,0.0,0.0,0.0,0.0,0.0,0.0,0.0,0.0,0.0,0.0,0.0,0.0,0.0,200.0,580.0,2.0,574.0,665.0,26.4,70.7,,,,,,,,,,1,0,0,3570.0,0,0,0,1,0,0,0,0,0,0,1000.0,-11.899326,-11.89932632446289,20.093333333333334,20.093333333333334,17.174988,17.17498779296875,68.51254385964913,68.51254385964913,0.0,0.0,0.0,0.0
0.037,0.3,0.65,0.009,0.011,3.5,0.0,0.0,0.0,0.0,0.0,0.0,0.0,0.0,0.0,0.0,0.0,0.0,0.0,0.0,0.0,200.0,250.0,14.0,479.0,561.0,30.4,76.6,,,,,,,,,,1,0,0,3570.0,0,0,0,1,0,0,0,0,0,0,1000.0,-0.10810065,-0.10810065269470215,23.993333333333336,23.993333333333336,36.78349,36.78348922729492,42.8,42.8,4.2,4.2,0.8231031746031747,0.8231031746031747
0.037,0.3,0.65,0.009,0.011,3.5,0.0,0.0,0.0,0.0,0.0,0.0,0.0,0.0,0.0,0.0,0.0,0.0,0.0,0.0,0.0,200.0,0.0,0.0,,,,,-26.0,100.0,,,,,,,,1,0,0,3570.0,0,0,0,1,0,0,0,0,0,0,1000.0,-0.10810065,-0.10810065269470215,22.213333333333335,22.213333333333335,36.78349,36.78348922729492,43.01,43.01,4.2,4.2,0.8231031746031747,0.8231031746031747
0.037,0.3,0.65,0.009,0.011,3.5,0.0,0.0,0.0,0.0,0.0,0.0,0.0,0.0,0.0,0.0,0.0,0.0,0.0,0.0,0.0,200.0,580.0,2.0,482.0,560.0,31.4,48.8,-63.0,100.0,,,,,,,,1,0,0,3570.0,0,0,0,1,0,0,0,0,0,0,1000.0,-0.10810065,-0.10810065269470215,11.303333333333335,11.303333333333335,36.78349,36.78348922729492,43.01,43.01,4.2,4.2,0.8231031746031747,0.8231031746031747
0.041,0.31,0.98,0.008,0.012,3.46,0.0,0.0,0.0,0.0,0.0,0.0,0.0,0.0,0.0,0.0,0.0,0.0,0.0,0.0,0.0,200.0,250.0,14.0,525.0,605.0,27.6,76.0,,,,,,,,,,1,0,0,3570.0,0,0,0,1,0,0,0,0,0,0,1000.0,-5.7746806,-5.7746806144714355,17.6,17.6,34.631725,34.6317253112793,46.44,46.44,4.2,4.2,0.19176984126984128,0.19176984126984128
0.041,0.31,0.98,0.008,0.012,3.46,0.0,0.0,0.0,0.0,0.0,0.0,0.0,0.0,0.0,0.0,0.0,0.0,0.0,0.0,0.0,200.0,0.0,0.0,,,,,-48.0,100.0,,,14.0,35.0,51.0,0.0,0.0,1,0,0,3570.0,0,0,0,1,0,0,0,0,0,0,1000.0,-5.7746806,-5.7746806144714355,15.72,14.0,34.631725,35.0,46.75,51.0,4.2,0.0,0.19176984126984128,0.0
0.041,0.31,0.98,0.008,0.012,3.46,0.0,0.0,0.0,0.0,0.0,0.0,0.0,0.0,0.0,0.0,0.0,0.0,0.0,0.0,0.0,200.0,580.0,2.0,521.0,599.0,28.4,74.0,-38.0,100.0,,,,,,,,1,0,0,3570.0,0,0,0,1,0,0,0,0,0,0,1000.0,-5.7746806,-5.7746806144714355,18.42,18.42,34.98191,34.981910705566406,44.49,44.49,4.2,4.2,0.12828571428571428,0.12828571428571428
0.048,0.33,1.4,0.007,0.013,3.47,0.0,0.0,0.0,0.0,0.0,0.0,0.0,0.0,0.0,0.0,0.0,0.0,0.0,0.0,0.0,200.0,250.0,14.0,621.0,682.0,25.4,72.9,,,,,,,,,,1,0,0,3570.0,0,0,0,1,0,0,0,0,0,0,1000.0,-12.040733,-12.040733337402344,13.963333333333335,13.963333333333335,28.00263,28.00263023376465,60.681948621553886,60.681948621553886,4.2,4.2,0.0,0.0
0.048,0.33,1.4,0.007,0.013,3.47,0.0,0.0,0.0,0.0,0.0,0.0,0.0,0.0,0.0,0.0,0.0,0.0,0.0,0.0,0.0,200.0,0.0,0.0,,,,,-18.0,100.0,,,,,,,,1,0,0,3570.0,0,0,0,1,0,0,0,0,0,0,1000.0,-12.040733,-12.040733337402344,5.82,5.82,28.00263,28.00263023376465,61.71242481203008,61.71242481203008,4.2,4.2,0.0,0.0
0.048,0.33,1.4,0.007,0.013,3.47,0.0,0.0,0.0,0.0,0.0,0.0,0.0,0.0,0.0,0.0,0.0,0.0,0.0,0.0,0.0,200.0,580.0,2.0,584.0,677.0,26.6,70.8,56.0,100.0,,,,,,,,1,0,0,3570.0,0,0,0,1,0,0,0,0,0,0,1000.0,-12.040733,-12.040733337402344,22.18333333333333,22.18333333333333,28.560343,28.56034278869629,58.23075814536341,58.23075814536341,4.2,4.2,0.08,0.08
0.051,0.36,1.79,0.007,0.013,3.42,0.0,0.0,0.0,0.0,0.0,0.0,0.0,0.0,0.0,0.0,0.0,0.0,0.0,0.0,0.0,200.0,250.0,14.0,692.0,753.0,22.2,69.7,,,,,,,,,,1,0,0,3570.0,0,0,0,1,0,0,0,0,0,0,1000.0,-13.17742,-13.177419662475586,17.323333333333334,17.323333333333334,30.24422,30.244220733642578,61.73861528822055,61.73861528822055,4.2,4.2,0.0,0.0
0.051,0.36,1.79,0.007,0.013,3.42,0.0,0.0,0.0,0.0,0.0,0.0,0.0,0.0,0.0,0.0,0.0,0.0,0.0,0.0,0.0,200.0,0.0,0.0,,,,,24.0,100.0,,,0.0,33.0,37.0,30.0,0.0,1,0,0,3570.0,0,0,0,1,0,0,0,0,0,0,1000.0,-13.17742,-13.177419662475586,2.85,0.0,30.24422,33.0,51.02571428571429,37.0,19.8,30.0,0.0,0.0
0.051,0.36,1.79,0.007,0.013,3.42,0.0,0.0,0.0,0.0,0.0,0.0,0.0,0.0,0.0,0.0,0.0,0.0,0.0,0.0,0.0,200.0,580.0,2.0,662.0,745.0,24.0,67.5,,,,,,,,,,1,0,0,3570.0,0,0,0,1,0,0,0,0,0,0,1000.0,-13.17742,-13.177419662475586,21.38333333333333,21.38333333333333,30.801933,30.80193328857422,59.512424812030076,59.512424812030076,4.2,4.2,0.16,0.16
0.074,0.36,1.51,0.008,0.011,0.0,0.0,0.0,0.0,0.02,0.0,0.0,0.04,0.004,0.0,0.0,0.0,0.0,0.0,0.0,0.0,150.0,0.0,0.0,484.0,560.0,26.0,78.8,,,,,,,,,,1,0,0,3570.0,0,0,0,1,0,0,0,0,0,0,1000.0,-12.224727,-12.224726676940918,19.91,19.91,9.117925,9.117924690246582,71.75695779220779,71.75695779220779,0.0,0.0,0.33411904761904765,0.33411904761904765
0.074,0.36,1.51,0.008,0.011,0.0,0.0,0.0,0.0,0.02,0.0,0.0,0.04,0.004,0.0,0.0,0.0,0.0,0.0,0.0,0.0,150.0,580.0,2.0,471.0,563.0,31.2,77.0,,,,,,,,,,1,0,0,3570.0,0,0,0,1,0,0,0,0,0,0,1000.0,-12.485425,-12.485424995422363,8.58,8.58,9.117925,9.117924690246582,60.938630952380954,60.938630952380954,15.6,15.6,0.33411904761904765,0.33411904761904765
0.075,0.36,1.48,0.007,0.006,0.0,0.0,0.0,0.0,0.11,0.0,0.0,0.039,0.004,0.0,0.0,0.0,0.0,0.0,0.0,0.0,150.0,0.0,0.0,502.0,578.0,27.6,77.0,,,,,,,,,,1,0,0,3570.0,0,0,0,1,0,0,0,0,0,0,1000.0,-12.222636,-12.222636222839355,17.383333333333333,17.383333333333333,9.327003,9.32700252532959,72.82095779220778,72.82095779220778,0.0,0.0,0.16,0.16
0.075,0.36,1.48,0.007,0.006,0.0,0.0,0.0,0.0,0.11,0.0,0.0,0.039,0.004,0.0,0.0,0.0,0.0,0.0,0.0,0.0,150.0,580.0,2.0,462.0,548.0,29.8,77.9,,,,,,,,,,1,0,0,3570.0,0,0,0,1,0,0,0,0,0,0,1000.0,-12.483335,-12.4833345413208,8.09,8.09,9.327003,9.32700252532959,61.76863095238095,61.76863095238095,15.6,15.6,0.16,0.16
0.074,0.32,1.42,0.008,0.007,0.0,0.0,0.0,0.0,0.19,0.0,0.0,0.038,0.004,0.0,0.0,0.0,0.0,0.0,0.0,0.0,150.0,0.0,0.0,488.0,566.0,28.2,77.0,,,,,,,,,,1,0,0,3570.0,0,0,0,1,0,0,0,0,0,0,1000.0,-11.084455,-11.084454536437988,19.625,19.625,9.045119,9.045119285583496,72.21646428571428,72.21646428571428,0.0,0.0,0.2841190476190476,0.2841190476190476
0.074,0.32,1.42,0.008,0.007,0.0,0.0,0.0,0.0,0.19,0.0,0.0,0.038,0.004,0.0,0.0,0.0,0.0,0.0,0.0,0.0,150.0,580.0,2.0,453.0,549.0,31.2,78.8,,,,,,,,,,1,0,0,3570.0,0,0,0,1,0,0,0,0,0,0,1000.0,-11.345155,-11.345154762268066,8.33,8.33,9.045119,9.045119285583496,62.20196428571428,62.20196428571428,15.6,15.6,0.2841190476190476,0.2841190476190476
0.076,0.33,1.48,0.007,0.006,0.0,0.0,0.0,0.0,0.35,0.0,0.0,0.04,0.004,0.0,0.0,0.0,0.0,0.0,0.0,0.0,150.0,0.0,0.0,504.0,586.0,27.6,77.0,,,,,,,,,,1,0,0,3570.0,0,0,0,1,0,0,0,0,0,0,1000.0,-11.09785,-11.09784984588623,17.67833333333333,17.67833333333333,9.327003,9.32700252532959,72.53495779220778,72.53495779220778,0.0,0.0,0.16,0.16
0.076,0.33,1.48,0.007,0.006,0.0,0.0,0.0,0.0,0.35,0.0,0.0,0.04,0.004,0.0,0.0,0.0,0.0,0.0,0.0,0.0,150.0,580.0,2.0,482.0,572.0,28.2,77.9,,,,,,,,,,1,0,0,3570.0,0,0,0,1,0,0,0,0,0,0,1000.0,-11.35855,-11.358550071716309,7.86,7.86,9.327003,9.32700252532959,61.98863095238095,61.98863095238095,15.6,15.6,0.16,0.16
0.068,0.32,1.49,0.006,0.006,0.0,0.0,0.0,0.0,0.66,0.0,0.0,0.039,0.004,0.0,0.0,0.0,0.0,0.0,0.0,0.0,150.0,0.0,0.0,513.0,593.0,28.6,77.0,,,,,,,,,,1,0,0,3570.0,0,0,0,1,0,0,0,0,0,0,1000.0,-37.49264,-37.49264144897461,13.94,13.94,10.294317,10.294317245483398,71.28638260423787,71.28638260423787,0.0,0.0,0.0,0.0
0.068,0.32,1.49,0.006,0.006,0.0,0.0,0.0,0.0,0.66,0.0,0.0,0.039,0.004,0.0,0.0,0.0,0.0,0.0,0.0,0.0,150.0,580.0,2.0,499.0,607.0,28.6,74.0,,,,,,,,,,1,0,0,3570.0,0,0,0,1,0,0,0,0,0,0,1000.0,-37.595512,-37.59551239013672,8.02,8.02,10.294317,10.294317245483398,61.48517857142857,61.48517857142857,15.6,15.6,0.0,0.0
0.076,0.36,1.49,0.006,0.006,0.0,0.0,0.0,0.0,1.4,0.0,0.0,0.041,0.004,0.0,0.0,0.0,0.0,0.0,0.0,0.0,150.0,0.0,0.0,568.0,647.0,27.4,73.0,,,,,,,,,,1,0,0,3570.0,0,0,0,1,0,0,0,0,0,0,1000.0,-37.252132,-37.252132415771484,12.053333333333333,12.053333333333333,9.271627,9.271627426147461,71.91091017316016,71.91091017316016,0.0,0.0,0.16,0.16
0.076,0.36,1.49,0.006,0.006,0.0,0.0,0.0,0.0,1.4,0.0,0.0,0.041,0.004,0.0,0.0,0.0,0.0,0.0,0.0,0.0,150.0,580.0,2.0,583.0,673.0,24.2,73.0,,,,,,,,,,1,0,0,3570.0,0,0,0,1,0,0,0,0,0,0,1000.0,-37.617504,-37.61750411987305,8.83,8.83,9.271627,9.271627426147461,61.71791666666666,61.71791666666666,15.6,15.6,0.16,0.16
0.074,0.29,1.49,0.006,0.013,0.0,0.0,0.0,0.0,0.0,0.0,0.0,0.0471,0.0005,0.0072,0.0006,0.0,0.0,0.0,0.0,0.0,200.0,250.0,14.0,431.0,527.0,29.6,78.0,,,,,,,,,,1,0,0,3570.0,0,0,0,1,0,0,0,0,0,0,1000.0,-37.21227,-37.2122688293457,30.205,30.205,51.145588,51.14558792114258,51.4857619047619,51.4857619047619,0.0,0.0,2.477047619047619,2.477047619047619
0.074,0.29,1.49,0.006,0.013,0.0,0.0,0.0,0.0,0.0,0.0,0.0,0.0471,0.0005,0.0072,0.0006,0.0,0.0,0.0,0.0,0.0,200.0,0.0,0.0,,,,,-41.0,28.0,,,,,,,,1,0,0,3570.0,0,0,0,1,0,0,0,0,0,0,1000.0,-37.21227,-37.2122688293457,30.235,30.235,48.596394,48.59639358520508,51.715761904761905,51.715761904761905,0.0,0.0,2.477047619047619,2.477047619047619
0.074,0.29,1.49,0.006,0.013,0.0,0.0,0.0,0.0,0.0,0.0,0.0,0.0471,0.0005,0.0072,0.0006,0.0,0.0,0.0,0.0,0.0,200.0,0.0,0.0,,,,,-19.0,100.0,,,,,,,,1,0,0,3570.0,0,0,0,1,0,0,0,0,0,0,1000.0,-37.21227,-37.2122688293457,30.235,30.235,48.596394,48.59639358520508,51.715761904761905,51.715761904761905,0.0,0.0,2.477047619047619,2.477047619047619
0.074,0.29,1.49,0.006,0.013,0.0,0.0,0.0,0.0,0.0,0.0,0.0,0.0471,0.0005,0.0072,0.0006,0.0,0.0,0.0,0.0,0.0,200.0,0.0,0.0,,,,,,,,,34.0,57.0,9.0,0.0,0.0,1,0,0,3570.0,0,0,0,1,0,0,0,0,0,0,1000.0,-37.21227,-37.2122688293457,30.235,34.0,48.596394,57.0,51.715761904761905,9.0,0.0,0.0,2.477047619047619,0.0
0.081,0.29,1.43,0.006,0.013,0.0,0.0,0.0,0.0,0.0,0.0,0.0,0.0461,0.0005,0.0054,0.006,0.0,0.0,0.0,0.0,0.0,200.0,250.0,14.0,444.0,542.0,27.6,72.9,,,,,,,,,,1,0,0,3570.0,0,0,0,1,0,0,0,0,0,0,1000.0,-37.207207,-37.20720672607422,40.04,40.04,45.502094,45.50209426879883,18.84,18.84,0.0,0.0,0.38166666666666665,0.38166666666666665
0.081,0.29,1.43,0.006,0.013,0.0,0.0,0.0,0.0,0.0,0.0,0.0,0.0461,0.0005,0.0054,0.006,0.0,0.0,0.0,0.0,0.0,200.0,0.0,0.0,,,,,-39.0,28.0,,,,,,,,1,0,0,3570.0,0,0,0,1,0,0,0,0,0,0,1000.0,-37.207207,-37.20720672607422,40.31,40.31,47.117844,47.11784362792969,17.39,17.39,0.0,0.0,0.9238809523809524,0.9238809523809524
0.081,0.29,1.43,0.006,0.013,0.0,0.0,0.0,0.0,0.0,0.0,0.0,0.0461,0.0005,0.0054,0.006,0.0,0.0,0.0,0.0,0.0,200.0,0.0,0.0,,,,,-15.0,100.0,,,,,,,,1,0,0,3570.0,0,0,0,1,0,0,0,0,0,0,1000.0,-37.207207,-37.20720672607422,40.31,40.31,47.117844,47.11784362792969,17.39,17.39,0.0,0.0,0.9238809523809524,0.9238809523809524
0.081,0.29,1.43,0.006,0.013,0.0,0.0,0.0,0.0,0.0,0.0,0.0,0.0461,0.0005,0.0054,0.006,0.0,0.0,0.0,0.0,0.0,200.0,0.0,0.0,,,,,,,,,45.0,46.0,9.0,0.0,0.0,1,0,0,3570.0,0,0,0,1,0,0,0,0,0,0,1000.0,-37.207207,-37.20720672607422,40.31,45.0,47.117844,46.0,17.39,9.0,0.0,0.0,0.9238809523809524,0.0
0.076,0.34,1.36,0.005,0.011,0.0,0.0,0.0,0.0,0.0,0.0,0.0,0.0476,0.0005,0.0057,0.015,0.0,0.0,0.0,0.0,0.0,200.0,250.0,14.0,437.0,527.0,24.6,78.9,,,,,,,,,,1,0,0,3570.0,0,0,0,1,0,0,0,0,0,0,1000.0,-37.217125,-37.217124938964844,30.29333333333333,30.29333333333333,48.84527,48.84526824951172,44.713862554112545,44.713862554112545,0.0,0.0,2.477047619047619,2.477047619047619
0.076,0.34,1.36,0.005,0.011,0.0,0.0,0.0,0.0,0.0,0.0,0.0,0.0476,0.0005,0.0057,0.015,0.0,0.0,0.0,0.0,0.0,200.0,0.0,0.0,,,,,-58.0,28.0,,,,,,,,1,0,0,3570.0,0,0,0,1,0,0,0,0,0,0,1000.0,-37.217125,-37.217124938964844,30.49333333333333,30.49333333333333,51.28107,51.281070709228516,43.443862554112556,43.443862554112556,0.0,0.0,3.013714285714286,3.013714285714286
0.076,0.34,1.36,0.005,0.011,0.0,0.0,0.0,0.0,0.0,0.0,0.0,0.0476,0.0005,0.0057,0.015,0.0,0.0,0.0,0.0,0.0,200.0,0.0,0.0,,,,,-20.0,100.0,,,,,,,,1,0,0,3570.0,0,0,0,1,0,0,0,0,0,0,1000.0,-37.217125,-37.217124938964844,30.49333333333333,30.49333333333333,51.28107,51.281070709228516,43.443862554112556,43.443862554112556,0.0,0.0,3.013714285714286,3.013714285714286
0.076,0.34,1.36,0.005,0.011,0.0,0.0,0.0,0.0,0.0,0.0,0.0,0.0476,0.0005,0.0057,0.015,0.0,0.0,0.0,0.0,0.0,200.0,0.0,0.0,,,,,,,,,40.0,47.0,13.0,0.0,0.0,1,0,0,3570.0,0,0,0,1,0,0,0,0,0,0,1000.0,-37.217125,-37.217124938964844,30.49333333333333,40.0,51.28107,47.0,43.443862554112556,13.0,0.0,0.0,3.013714285714286,0.0
0.079,0.39,1.37,0.005,0.011,0.0,0.0,0.0,0.0,0.0,0.0,0.0,0.0446,0.0005,0.0047,0.025,0.0,0.0,0.0,0.0,0.0,200.0,250.0,14.0,437.0,538.0,25.2,78.9,,,,,,,,,,1,0,0,3570.0,0,0,0,1,0,0,0,0,0,0,1000.0,-38.494785,-38.49478530883789,20.9,20.9,40.547543,40.547542572021484,31.751969696969695,31.751969696969695,0.0,0.0,0.04666666666666667,0.04666666666666667
0.079,0.39,1.37,0.005,0.011,0.0,0.0,0.0,0.0,0.0,0.0,0.0,0.0446,0.0005,0.0047,0.025,0.0,0.0,0.0,0.0,0.0,200.0,0.0,0.0,,,,,-56.0,28.0,,,,,,,,1,0,0,3570.0,0,0,0,1,0,0,0,0,0,0,1000.0,-38.494785,-38.49478530883789,31.59,31.59,40.547543,40.547542572021484,30.831969696969693,30.831969696969693,0.0,0.0,0.04666666666666667,0.04666666666666667
0.079,0.39,1.37,0.005,0.011,0.0,0.0,0.0,0.0,0.0,0.0,0.0,0.0446,0.0005,0.0047,0.025,0.0,0.0,0.0,0.0,0.0,200.0,0.0,0.0,,,,,-25.0,100.0,,,,,,,,1,0,0,3570.0,0,0,0,1,0,0,0,0,0,0,1000.0,-38.494785,-38.49478530883789,31.59,31.59,40.547543,40.547542572021484,30.831969696969693,30.831969696969693,0.0,0.0,0.04666666666666667,0.04666666666666667
0.079,0.39,1.37,0.005,0.011,0.0,0.0,0.0,0.0,0.0,0.0,0.0,0.0446,0.0005,0.0047,0.025,0.0,0.0,0.0,0.0,0.0,200.0,0.0,0.0,,,,,,,,,35.0,44.0,21.0,0.0,0.0,1,0,0,3570.0,0,0,0,1,0,0,0,0,0,0,1000.0,-38.494785,-38.49478530883789,31.59,35.0,40.547543,44.0,30.831969696969693,21.0,0.0,0.0,0.04666666666666667,0.0
0.078,0.44,1.4,0.004,0.011,0.0,0.0,0.0,0.0,0.0,0.0,0.0,0.0436,0.0005,0.0044,0.042,0.0,0.0,0.0,0.0,0.0,200.0,250.0,14.0,469.0,545.0,24.4,77.0,,,,,,,,,,1,0,0,3570.0,0,0,0,1,0,0,0,0,0,0,1000.0,-38.494785,-38.49478530883789,35.23,35.23,37.080544,37.080543518066406,38.870263347763355,38.870263347763355,0.0,0.0,0.04666666666666667,0.04666666666666667
0.078,0.44,1.4,0.004,0.011,0.0,0.0,0.0,0.0,0.0,0.0,0.0,0.0436,0.0005,0.0044,0.042,0.0,0.0,0.0,0.0,0.0,200.0,0.0,0.0,,,,,-62.0,28.0,,,,,,,,1,0,0,3570.0,0,0,0,1,0,0,0,0,0,0,1000.0,-38.494785,-38.49478530883789,36.13,36.13,37.080544,37.080543518066406,38.58026334776335,38.58026334776335,0.0,0.0,0.04666666666666667,0.04666666666666667
0.078,0.44,1.4,0.004,0.011,0.0,0.0,0.0,0.0,0.0,0.0,0.0,0.0436,0.0005,0.0044,0.042,0.0,0.0,0.0,0.0,0.0,200.0,0.0,0.0,,,,,-30.0,100.0,,,,,,,,1,0,0,3570.0,0,0,0,1,0,0,0,0,0,0,1000.0,-38.494785,-38.49478530883789,36.13,36.13,37.080544,37.080543518066406,38.58026334776335,38.58026334776335,0.0,0.0,0.04666666666666667,0.04666666666666667
0.078,0.44,1.4,0.004,0.011,0.0,0.0,0.0,0.0,0.0,0.0,0.0,0.0436,0.0005,0.0044,0.042,0.0,0.0,0.0,0.0,0.0,200.0,0.0,0.0,,,,,,,,,44.0,38.0,18.0,0.0,0.0,1,0,0,3570.0,0,0,0,1,0,0,0,0,0,0,1000.0,-38.494785,-38.49478530883789,36.13,44.0,37.080544,38.0,38.58026334776335,18.0,0.0,0.0,0.04666666666666667,0.0
0.081,0.48,1.42,0.004,0.006,0.0,0.0,0.0,0.0,0.0,0.0,0.0,0.0444,0.0004,0.0046,0.066,0.0,0.0,0.0,0.0,0.0,200.0,250.0,14.0,466.0,551.0,26.2,78.9,,,,,,,,,,1,0,0,3570.0,0,0,0,1,0,0,0,0,0,0,1000.0,-38.486813,-38.486812591552734,35.97,35.97,39.1922,39.19219970703125,26.123636363636365,26.123636363636365,0.0,0.0,0.04666666666666667,0.04666666666666667
0.081,0.48,1.42,0.004,0.006,0.0,0.0,0.0,0.0,0.0,0.0,0.0,0.0444,0.0004,0.0046,0.066,0.0,0.0,0.0,0.0,0.0,200.0,0.0,0.0,,,,,-76.0,28.0,,,,,,,,1,0,0,3570.0,0,0,0,1,0,0,0,0,0,0,1000.0,-38.486813,-38.486812591552734,35.97,35.97,39.1922,39.19219970703125,26.123636363636365,26.123636363636365,0.0,0.0,0.04666666666666667,0.04666666666666667
0.081,0.48,1.42,0.004,0.006,0.0,0.0,0.0,0.0,0.0,0.0,0.0,0.0444,0.0004,0.0046,0.066,0.0,0.0,0.0,0.0,0.0,200.0,0.0,0.0,,,,,-29.0,100.0,,,,,,,,1,0,0,3570.0,0,0,0,1,0,0,0,0,0,0,1000.0,-38.486813,-38.486812591552734,35.97,35.97,39.1922,39.19219970703125,26.123636363636365,26.123636363636365,0.0,0.0,0.04666666666666667,0.04666666666666667
0.081,0.48,1.42,0.004,0.006,0.0,0.0,0.0,0.0,0.0,0.0,0.0,0.0444,0.0004,0.0046,0.066,0.0,0.0,0.0,0.0,0.0,200.0,0.0,0.0,,,,,,,,,38.0,39.0,23.0,0.0,0.0,1,0,0,3570.0,0,0,0,1,0,0,0,0,0,0,1000.0,-38.486813,-38.486812591552734,35.97,38.0,39.1922,39.0,26.123636363636365,23.0,0.0,0.0,0.04666666666666667,0.0
0.069,0.3,1.36,0.007,0.009,0.0,0.0,0.0,0.0,0.0,0.0,0.0,0.0432,0.0037,0.0068,0.0005,0.0,0.0,0.0,0.0,0.0,200.0,250.0,14.0,468.0,529.0,32.6,80.7,,,,,,,,,,1,0,0,3570.0,0,0,0,1,0,0,0,0,0,0,1000.0,-11.323844,-11.323843955993652,22.25,22.25,8.713575,8.71357536315918,69.61725814536341,69.61725814536341,0.0,0.0,0.0,0.0
0.069,0.3,1.36,0.007,0.009,0.0,0.0,0.0,0.0,0.0,0.0,0.0,0.0432,0.0037,0.0068,0.0005,0.0,0.0,0.0,0.0,0.0,200.0,0.0,0.0,,,,,-99.0,28.0,,,,,,,,1,0,0,3570.0,0,0,0,1,0,0,0,0,0,0,1000.0,-11.323844,-11.323843955993652,22.36,22.36,6.164383,6.1643829345703125,70.25725814536341,70.25725814536341,0.0,0.0,0.0,0.0
0.069,0.3,1.36,0.007,0.009,0.0,0.0,0.0,0.0,0.0,0.0,0.0,0.0432,0.0037,0.0068,0.0005,0.0,0.0,0.0,0.0,0.0,200.0,0.0,0.0,,,,,-72.0,100.0,,,,,,,,1,0,0,3570.0,0,0,0,1,0,0,0,0,0,0,1000.0,-11.323844,-11.323843955993652,22.36,22.36,6.164383,6.1643829345703125,70.25725814536341,70.25725814536341,0.0,0.0,0.0,0.0
0.069,0.3,1.36,0.007,0.009,0.0,0.0,0.0,0.0,0.0,0.0,0.0,0.0432,0.0037,0.0068,0.0005,0.0,0.0,0.0,0.0,0.0,200.0,0.0,0.0,,,,,,,,,22.0,5.0,73.0,0.0,0.0,1,0,0,3570.0,0,0,0,1,0,0,0,0,0,0,1000.0,-11.323844,-11.323843955993652,22.36,22.0,6.164383,5.0,70.25725814536341,73.0,0.0,0.0,0.0,0.0
0.08,0.33,1.41,0.006,0.009,0.0,0.0,0.0,0.0,0.0,0.0,0.0,0.0432,0.0043,0.0055,0.0078,0.0,0.0,0.0,0.0,0.0,200.0,250.0,14.0,478.0,540.0,31.2,80.7,,,,,,,,,,1,0,0,3570.0,0,0,0,1,0,0,0,0,0,0,1000.0,-37.24794,-37.24794006347656,24.54666666666667,24.54666666666667,10.287719,10.287718772888184,64.7817316017316,64.7817316017316,0.0,0.0,0.0,0.0
0.08,0.33,1.41,0.006,0.009,0.0,0.0,0.0,0.0,0.0,0.0,0.0,0.0432,0.0043,0.0055,0.0078,0.0,0.0,0.0,0.0,0.0,200.0,0.0,0.0,,,,,-77.0,28.0,,,,,,,,1,0,0,3570.0,0,0,0,1,0,0,0,0,0,0,1000.0,-37.24794,-37.24794006347656,24.736666666666668,24.736666666666668,9.232241,9.232240676879883,65.3217316017316,65.3217316017316,0.0,0.0,0.0,0.0
0.08,0.33,1.41,0.006,0.009,0.0,0.0,0.0,0.0,0.0,0.0,0.0,0.0432,0.0043,0.0055,0.0078,0.0,0.0,0.0,0.0,0.0,200.0,0.0,0.0,,,,,-55.0,100.0,,,,,,,,1,0,0,3570.0,0,0,0,1,0,0,0,0,0,0,1000.0,-37.24794,-37.24794006347656,24.736666666666668,24.736666666666668,9.232241,9.232240676879883,65.3217316017316,65.3217316017316,0.0,0.0,0.0,0.0
0.08,0.33,1.41,0.006,0.009,0.0,0.0,0.0,0.0,0.0,0.0,0.0,0.0432,0.0043,0.0055,0.0078,0.0,0.0,0.0,0.0,0.0,200.0,0.0,0.0,,,,,,,,,24.0,9.0,67.0,0.0,0.0,1,0,0,3570.0,0,0,0,1,0,0,0,0,0,0,1000.0,-37.24794,-37.24794006347656,24.736666666666668,24.0,9.232241,9.0,65.3217316017316,67.0,0.0,0.0,0.0,0.0
0.076,0.37,1.36,0.005,0.009,0.0,0.0,0.0,0.0,0.0,0.0,0.0,0.0422,0.0036,0.0053,0.019,0.0,0.0,0.0,0.0,0.0,200.0,250.0,14.0,485.0,549.0,31.4,79.8,,,,,,,,,,1,0,0,3570.0,0,0,0,1,0,0,0,0,0,0,1000.0,-37.343487,-37.34348678588867,21.75333333333333,21.75333333333333,5.7227855,5.722785472869873,67.60262506937507,67.60262506937507,0.0,0.0,0.0,0.0
0.076,0.37,1.36,0.005,0.009,0.0,0.0,0.0,0.0,0.0,0.0,0.0,0.0422,0.0036,0.0053,0.019,0.0,0.0,0.0,0.0,0.0,200.0,0.0,0.0,,,,,-86.0,28.0,,,,,,,,1,0,0,3570.0,0,0,0,1,0,0,0,0,0,0,1000.0,-37.343487,-37.34348678588867,21.65333333333333,21.65333333333333,5.7227855,5.722785472869873,68.49262506937507,68.49262506937507,0.0,0.0,0.0,0.0
0.076,0.37,1.36,0.005,0.009,0.0,0.0,0.0,0.0,0.0,0.0,0.0,0.0422,0.0036,0.0053,0.019,0.0,0.0,0.0,0.0,0.0,200.0,0.0,0.0,,,,,-58.0,100.0,,,,,,,,1,0,0,3570.0,0,0,0,1,0,0,0,0,0,0,1000.0,-37.343487,-37.34348678588867,21.65333333333333,21.65333333333333,5.7227855,5.722785472869873,68.49262506937507,68.49262506937507,0.0,0.0,0.0,0.0
0.076,0.37,1.36,0.005,0.009,0.0,0.0,0.0,0.0,0.0,0.0,0.0,0.0422,0.0036,0.0053,0.019,0.0,0.0,0.0,0.0,0.0,200.0,0.0,0.0,,,,,,,,,20.0,3.0,77.0,0.0,0.0,1,0,0,3570.0,0,0,0,1,0,0,0,0,0,0,1000.0,-37.343487,-37.34348678588867,21.65333333333333,20.0,5.7227855,3.0,68.49262506937507,77.0,0.0,0.0,0.0,0.0
0.078,0.44,1.31,0.005,0.008,0.0,0.0,0.0,0.0,0.0,0.0,0.0,0.0431,0.0036,0.005,0.034,0.0,0.0,0.0,0.0,0.0,200.0,250.0,14.0,491.0,564.0,28.2,78.9,,,,,,,,,,1,0,0,3570.0,0,0,0,1,0,0,0,0,0,0,1000.0,-38.48978,-38.48978042602539,22.53333333333333,22.53333333333333,9.449175,9.449174880981445,67.79598809523809,67.79598809523809,0.0,0.0,0.0,0.0
0.078,0.44,1.31,0.005,0.008,0.0,0.0,0.0,0.0,0.0,0.0,0.0,0.0431,0.0036,0.005,0.034,0.0,0.0,0.0,0.0,0.0,200.0,0.0,0.0,,,,,-88.0,28.0,,,,,,,,1,0,0,3570.0,0,0,0,1,0,0,0,0,0,0,1000.0,-38.48978,-38.48978042602539,22.34333333333333,22.34333333333333,9.226962,9.226962089538574,68.61598809523808,68.61598809523808,0.0,0.0,0.0,0.0
0.078,0.44,1.31,0.005,0.008,0.0,0.0,0.0,0.0,0.0,0.0,0.0,0.0431,0.0036,0.005,0.034,0.0,0.0,0.0,0.0,0.0,200.0,0.0,0.0,,,,,-63.0,100.0,,,,,,,,1,0,0,3570.0,0,0,0,1,0,0,0,0,0,0,1000.0,-38.48978,-38.48978042602539,22.34333333333333,22.34333333333333,9.226962,9.226962089538574,68.61598809523808,68.61598809523808,0.0,0.0,0.0,0.0
0.078,0.44,1.31,0.005,0.008,0.0,0.0,0.0,0.0,0.0,0.0,0.0,0.0431,0.0036,0.005,0.034,0.0,0.0,0.0,0.0,0.0,200.0,0.0,0.0,,,,,,,,,21.0,7.0,72.0,0.0,0.0,1,0,0,3570.0,0,0,0,1,0,0,0,0,0,0,1000.0,-38.48978,-38.48978042602539,22.34333333333333,21.0,9.226962,7.0,68.61598809523808,72.0,0.0,0.0,0.0,0.0
0.076,0.51,1.3,0.005,0.008,0.0,0.0,0.0,0.0,0.0,0.0,0.0,0.0423,0.0043,0.0048,0.049,0.0,0.0,0.0,0.0,0.0,200.0,250.0,14.0,485.0,560.0,25.2,78.9,,,,,,,,,,1,0,0,3570.0,0,0,0,1,0,0,0,0,0,0,1000.0,-38.48978,-38.48978042602539,21.71333333333333,21.71333333333333,16.434072,16.434072494506836,61.38150457875457,61.38150457875457,0.0,0.0,0.0,0.0
0.076,0.51,1.3,0.005,0.008,0.0,0.0,0.0,0.0,0.0,0.0,0.0,0.0423,0.0043,0.0048,0.049,0.0,0.0,0.0,0.0,0.0,200.0,0.0,0.0,,,,,-90.0,28.0,,,,,,,,1,0,0,3570.0,0,0,0,1,0,0,0,0,0,0,1000.0,-38.48978,-38.48978042602539,21.453333333333333,21.453333333333333,16.434072,16.434072494506836,61.36150457875458,61.36150457875458,0.0,0.0,0.0,0.0
0.076,0.51,1.3,0.005,0.008,0.0,0.0,0.0,0.0,0.0,0.0,0.0,0.0423,0.0043,0.0048,0.049,0.0,0.0,0.0,0.0,0.0,200.0,0.0,0.0,,,,,-55.0,100.0,,,,,,,,1,0,0,3570.0,0,0,0,1,0,0,0,0,0,0,1000.0,-38.48978,-38.48978042602539,21.453333333333333,21.453333333333333,16.434072,16.434072494506836,61.36150457875458,61.36150457875458,0.0,0.0,0.0,0.0
0.076,0.51,1.3,0.005,0.008,0.0,0.0,0.0,0.0,0.0,0.0,0.0,0.0423,0.0043,0.0048,0.049,0.0,0.0,0.0,0.0,0.0,200.0,0.0,0.0,,,,,,,,,21.0,17.0,62.0,0.0,0.0,1,0,0,3570.0,0,0,0,1,0,0,0,0,0,0,1000.0,-38.48978,-38.48978042602539,21.453333333333333,21.0,16.434072,17.0,61.36150457875458,62.0,0.0,0.0,0.0,0.0
0.079,0.57,1.32,0.004,0.008,0.0,0.0,0.0,0.0,0.0,0.0,0.0,0.0422,0.0038,0.0052,0.061,0.0,0.0,0.0,0.0,0.0,200.0,250.0,14.0,491.0,570.0,29.2,77.0,,,,,,,,,,1,0,0,3570.0,0,0,0,1,0,0,0,0,0,0,1000.0,-38.486736,-38.48673629760742,23.83,23.83,24.54254,24.542539596557617,52.265249999999995,52.265249999999995,0.0,0.0,0.0,0.0
0.079,0.57,1.32,0.004,0.008,0.0,0.0,0.0,0.0,0.0,0.0,0.0,0.0422,0.0038,0.0052,0.061,0.0,0.0,0.0,0.0,0.0,200.0,0.0,0.0,,,,,-74.0,28.0,,,,,,,,1,0,0,3570.0,0,0,0,1,0,0,0,0,0,0,1000.0,-38.486736,-38.48673629760742,23.83,23.83,24.54254,24.542539596557617,52.265249999999995,52.265249999999995,0.0,0.0,0.0,0.0
0.079,0.57,1.32,0.004,0.008,0.0,0.0,0.0,0.0,0.0,0.0,0.0,0.0422,0.0038,0.0052,0.061,0.0,0.0,0.0,0.0,0.0,200.0,0.0,0.0,,,,,-38.0,100.0,,,,,,,,1,0,0,3570.0,0,0,0,1,0,0,0,0,0,0,1000.0,-38.486736,-38.48673629760742,23.83,23.83,24.54254,24.542539596557617,52.265249999999995,52.265249999999995,0.0,0.0,0.0,0.0
0.079,0.57,1.32,0.004,0.008,0.0,0.0,0.0,0.0,0.0,0.0,0.0,0.0422,0.0038,0.0052,0.061,0.0,0.0,0.0,0.0,0.0,200.0,0.0,0.0,,,,,,,,,24.0,26.0,50.0,0.0,0.0,1,0,0,3570.0,0,0,0,1,0,0,0,0,0,0,1000.0,-38.486736,-38.48673629760742,23.83,24.0,24.54254,26.0,52.265249999999995,50.0,0.0,0.0,0.0,0.0
0.074,0.32,1.5,0.006,0.006,0.0,0.0,0.0,0.0,0.0,0.0,0.0,0.0375,0.0099,0.0089,0.0008,0.0,0.0,0.0,0.0,0.0,200.0,250.0,14.0,484.0,547.0,29.4,79.8,,,,,,,,,,1,0,0,3570.0,0,0,0,1,0,0,0,0,0,0,1000.0,-37.25009,-37.250091552734375,18.8275,18.8275,10.951824,10.951824188232422,66.3300521978022,66.3300521978022,0.0,0.0,0.34969047619047616,0.34969047619047616
0.074,0.32,1.5,0.006,0.006,0.0,0.0,0.0,0.0,0.0,0.0,0.0,0.0375,0.0099,0.0089,0.0008,0.0,0.0,0.0,0.0,0.0,200.0,0.0,0.0,,,,,-74.0,28.0,,,,,,,,1,0,0,3570.0,0,0,0,1,0,0,0,0,0,0,1000.0,-37.25009,-37.250091552734375,18.8075,18.8075,10.951824,10.951824188232422,66.3300521978022,66.3300521978022,0.0,0.0,0.34969047619047616,0.34969047619047616
0.074,0.32,1.5,0.006,0.006,0.0,0.0,0.0,0.0,0.0,0.0,0.0,0.0375,0.0099,0.0089,0.0008,0.0,0.0,0.0,0.0,0.0,200.0,0.0,0.0,,,,,-52.0,100.0,,,,,,,,1,0,0,3570.0,0,0,0,1,0,0,0,0,0,0,1000.0,-37.25009,-37.250091552734375,18.8075,18.8075,10.951824,10.951824188232422,66.3300521978022,66.3300521978022,0.0,0.0,0.34969047619047616,0.34969047619047616
0.074,0.27,1.41,0.007,0.006,0.0,0.0,0.0,0.0,0.0,0.0,0.0,0.0407,0.0088,0.007,0.0047,0.0,0.0,0.0,0.0,0.0,200.0,250.0,14.0,442.0,514.0,32.2,81.6,,,,,,,,,,1,0,0,3570.0,0,0,0,1,0,0,0,0,0,0,1000.0,-11.16657,-11.166569709777832,20.056333333333335,20.056333333333335,11.512596,11.512596130371094,68.44661904761904,68.44661904761904,0.0,0.0,0.05,0.05
0.074,0.27,1.41,0.007,0.006,0.0,0.0,0.0,0.0,0.0,0.0,0.0,0.0407,0.0088,0.007,0.0047,0.0,0.0,0.0,0.0,0.0,200.0,0.0,0.0,,,,,-57.0,28.0,,,,,,,,1,0,0,3570.0,0,0,0,1,0,0,0,0,0,0,1000.0,-11.16657,-11.166569709777832,20.056333333333335,20.056333333333335,11.512596,11.512596130371094,68.44661904761904,68.44661904761904,0.0,0.0,0.05,0.05
0.074,0.27,1.41,0.007,0.006,0.0,0.0,0.0,0.0,0.0,0.0,0.0,0.0407,0.0088,0.007,0.0047,0.0,0.0,0.0,0.0,0.0,200.0,0.0,0.0,,,,,-31.0,100.0,,,,,,,,1,0,0,3570.0,0,0,0,1,0,0,0,0,0,0,1000.0,-11.16657,-11.166569709777832,20.056333333333335,20.056333333333335,11.512596,11.512596130371094,68.44661904761904,68.44661904761904,0.0,0.0,0.05,0.05
0.071,0.39,1.36,0.005,0.009,0.0,0.0,0.0,0.0,0.0,0.0,0.0,0.0381,0.0092,0.0052,0.016,0.0,0.0,0.0,0.0,0.0,200.0,250.0,14.0,481.0,545.0,30.6,81.4,,,,,,,,,,1,0,0,3570.0,0,0,0,1,0,0,0,0,0,0,1000.0,-38.75596,-38.755958557128906,14.19,14.19,11.054314,11.054313659667969,71.01852005012532,71.01852005012532,0.0,0.0,0.04,0.04
0.071,0.39,1.36,0.005,0.009,0.0,0.0,0.0,0.0,0.0,0.0,0.0,0.0381,0.0092,0.0052,0.016,0.0,0.0,0.0,0.0,0.0,200.0,0.0,0.0,,,,,-68.0,28.0,,,,,,,,1,0,0,3570.0,0,0,0,1,0,0,0,0,0,0,1000.0,-38.75596,-38.755958557128906,18.22,18.22,11.054314,11.054313659667969,70.90852005012532,70.90852005012532,0.0,0.0,0.04,0.04
0.071,0.39,1.36,0.005,0.009,0.0,0.0,0.0,0.0,0.0,0.0,0.0,0.0381,0.0092,0.0052,0.016,0.0,0.0,0.0,0.0,0.0,200.0,0.0,0.0,,,,,-56.0,100.0,,,,,,,,1,0,0,3570.0,0,0,0,1,0,0,0,0,0,0,1000.0,-38.75596,-38.755958557128906,18.22,18.22,11.054314,11.054313659667969,70.90852005012532,70.90852005012532,0.0,0.0,0.04,0.04
0.069,0.45,1.36,0.005,0.008,0.0,0.0,0.0,0.0,0.0,0.0,0.0,0.0374,0.0063,0.0044,0.028,0.0,0.0,0.0,0.0,0.0,200.0,250.0,14.0,474.0,540.0,28.0,80.7,,,,,,,,,,1,0,0,3570.0,0,0,0,1,0,0,0,0,0,0,1000.0,-38.75596,-38.755958557128906,14.72,14.72,11.054314,11.054313659667969,71.12018671679199,71.12018671679199,0.0,0.0,0.0,0.0
0.069,0.45,1.36,0.005,0.008,0.0,0.0,0.0,0.0,0.0,0.0,0.0,0.0374,0.0063,0.0044,0.028,0.0,0.0,0.0,0.0,0.0,200.0,0.0,0.0,,,,,-68.0,28.0,,,,,,,,1,0,0,3570.0,0,0,0,1,0,0,0,0,0,0,1000.0,-38.75596,-38.755958557128906,18.42,18.42,11.054314,11.054313659667969,71.01018671679199,71.01018671679199,0.0,0.0,0.0,0.0
0.069,0.45,1.36,0.005,0.008,0.0,0.0,0.0,0.0,0.0,0.0,0.0,0.0374,0.0063,0.0044,0.028,0.0,0.0,0.0,0.0,0.0,200.0,0.0,0.0,,,,,-61.0,100.0,,,,,,,,1,0,0,3570.0,0,0,0,1,0,0,0,0,0,0,1000.0,-38.75596,-38.755958557128906,18.42,18.42,11.054314,11.054313659667969,71.01018671679199,71.01018671679199,0.0,0.0,0.0,0.0
0.069,0.51,1.39,0.004,0.008,0.0,0.0,0.0,0.0,0.0,0.0,0.0,0.0379,0.0069,0.0041,0.048,0.0,0.0,0.0,0.0,0.0,200.0,250.0,14.0,466.0,533.0,27.2,77.0,,,,,,,,,,1,0,0,3570.0,0,0,0,1,0,0,0,0,0,0,1000.0,-38.75596,-38.755958557128906,20.29,20.29,12.759917,12.759917259216309,62.841227009832274,62.841227009832274,0.0,0.0,0.04,0.04
0.069,0.51,1.39,0.004,0.008,0.0,0.0,0.0,0.0,0.0,0.0,0.0,0.0379,0.0069,0.0041,0.048,0.0,0.0,0.0,0.0,0.0,200.0,0.0,0.0,,,,,-70.0,28.0,,,,,,,,1,0,0,3570.0,0,0,0,1,0,0,0,0,0,0,1000.0,-38.75596,-38.755958557128906,20.29,20.29,12.759917,12.759917259216309,62.841227009832274,62.841227009832274,0.0,0.0,0.04,0.04
0.069,0.51,1.39,0.004,0.008,0.0,0.0,0.0,0.0,0.0,0.0,0.0,0.0379,0.0069,0.0041,0.048,0.0,0.0,0.0,0.0,0.0,200.0,0.0,0.0,,,,,-54.0,100.0,,,,,,,,1,0,0,3570.0,0,0,0,1,0,0,0,0,0,0,1000.0,-38.75596,-38.755958557128906,20.29,20.29,12.759917,12.759917259216309,62.841227009832274,62.841227009832274,0.0,0.0,0.04,0.04
0.072,0.57,1.4,0.004,0.008,0.0,0.0,0.0,0.0,0.0,0.0,0.0,0.036,0.008,0.0038,0.064,0.0,0.0,0.0,0.0,0.0,200.0,250.0,14.0,486.0,555.0,26.6,78.0,,,,,,,,,,1,0,0,3570.0,0,0,0,1,0,0,0,0,0,0,1000.0,-38.494785,-38.49478530883789,20.61,20.61,16.540146,16.540145874023438,64.8375,64.8375,0.0,0.0,0.04,0.04
0.072,0.57,1.4,0.004,0.008,0.0,0.0,0.0,0.0,0.0,0.0,0.0,0.036,0.008,0.0038,0.064,0.0,0.0,0.0,0.0,0.0,200.0,0.0,0.0,,,,,-68.0,28.0,,,,,,,,1,0,0,3570.0,0,0,0,1,0,0,0,0,0,0,1000.0,-38.494785,-38.49478530883789,20.61,20.61,16.540146,16.540145874023438,64.8375,64.8375,0.0,0.0,0.04,0.04
0.072,0.57,1.4,0.004,0.008,0.0,0.0,0.0,0.0,0.0,0.0,0.0,0.036,0.008,0.0038,0.064,0.0,0.0,0.0,0.0,0.0,200.0,0.0,0.0,,,,,-41.0,100.0,,,,,,,,1,0,0,3570.0,0,0,0,1,0,0,0,0,0,0,1000.0,-38.494785,-38.49478530883789,20.61,20.61,16.540146,16.540145874023438,64.8375,64.8375,0.0,0.0,0.04,0.04
0.081,0.34,1.54,0.007,0.008,0.0,0.0,0.0,0.0,0.0,0.0,0.0,0.0312,0.018,0.008,0.0003,0.0,0.0,0.0,0.0,0.0,200.0,250.0,14.0,502.0,555.0,26.6,78.9,,,,,,,,,,1,0,0,3570.0,0,0,0,1,0,0,0,0,0,0,1000.0,-11.096727,-11.09672737121582,13.47,13.47,12.212146,12.212145805358887,50.02321428571428,50.02321428571428,0.0,0.0,0.2682619047619047,0.2682619047619047
0.081,0.34,1.54,0.007,0.008,0.0,0.0,0.0,0.0,0.0,0.0,0.0,0.0312,0.018,0.008,0.0003,0.0,0.0,0.0,0.0,0.0,200.0,0.0,0.0,,,,,-67.0,28.0,,,,,,,,1,0,0,3570.0,0,0,0,1,0,0,0,0,0,0,1000.0,-11.096727,-11.09672737121582,12.61,12.61,12.212146,12.212145805358887,50.02321428571428,50.02321428571428,0.0,0.0,0.2682619047619047,0.2682619047619047
0.081,0.34,1.54,0.007,0.008,0.0,0.0,0.0,0.0,0.0,0.0,0.0,0.0312,0.018,0.008,0.0003,0.0,0.0,0.0,0.0,0.0,200.0,0.0,0.0,,,,,-52.0,100.0,,,,,,,,1,0,0,3570.0,0,0,0,1,0,0,0,0,0,0,1000.0,-11.096727,-11.09672737121582,12.61,12.61,12.212146,12.212145805358887,50.02321428571428,50.02321428571428,0.0,0.0,0.2682619047619047,0.2682619047619047
0.081,0.34,1.54,0.007,0.008,0.0,0.0,0.0,0.0,0.0,0.0,0.0,0.0312,0.018,0.008,0.0003,0.0,0.0,0.0,0.0,0.0,200.0,0.0,0.0,,,,,,,,,19.0,20.0,61.0,0.0,0.0,1,0,0,3570.0,0,0,0,1,0,0,0,0,0,0,1000.0,-11.096727,-11.09672737121582,12.61,19.0,12.212146,20.0,50.02321428571428,61.0,0.0,0.0,0.2682619047619047,0.0
0.072,0.24,1.32,0.006,0.008,0.0,0.0,0.0,0.0,0.0,0.0,0.0,0.0397,0.018,0.0068,0.0047,0.0,0.0,0.0,0.0,0.0,200.0,250.0,14.0,452.0,535.0,30.7,78.9,,,,,,,,,,1,0,0,3570.0,0,0,0,1,0,0,0,0,0,0,1000.0,-61.14072,-61.14072036743164,21.3,21.3,21.230967,21.230966567993164,58.340226190476194,58.340226190476194,0.0,0.0,0.04476190476190475,0.04476190476190475
0.072,0.24,1.32,0.006,0.008,0.0,0.0,0.0,0.0,0.0,0.0,0.0,0.0397,0.018,0.0068,0.0047,0.0,0.0,0.0,0.0,0.0,200.0,0.0,0.0,,,,,-54.0,28.0,,,,,,,,1,0,0,3570.0,0,0,0,1,0,0,0,0,0,0,1000.0,-61.14072,-61.14072036743164,21.34,21.34,21.230967,21.230966567993164,58.2102261904762,58.2102261904762,0.0,0.0,0.034761904761904765,0.034761904761904765
0.072,0.24,1.32,0.006,0.008,0.0,0.0,0.0,0.0,0.0,0.0,0.0,0.0397,0.018,0.0068,0.0047,0.0,0.0,0.0,0.0,0.0,200.0,0.0,0.0,,,,,-35.0,100.0,,,,,,,,1,0,0,3570.0,0,0,0,1,0,0,0,0,0,0,1000.0,-61.14072,-61.14072036743164,21.34,21.34,21.230967,21.230966567993164,58.2102261904762,58.2102261904762,0.0,0.0,0.034761904761904765,0.034761904761904765
0.072,0.24,1.32,0.006,0.008,0.0,0.0,0.0,0.0,0.0,0.0,0.0,0.0397,0.018,0.0068,0.0047,0.0,0.0,0.0,0.0,0.0,200.0,0.0,0.0,,,,,,,,,23.0,24.0,53.0,0.0,0.0,1,0,0,3570.0,0,0,0,1,0,0,0,0,0,0,1000.0,-61.14072,-61.14072036743164,21.34,23.0,21.230967,24.0,58.2102261904762,53.0,0.0,0.0,0.034761904761904765,0.0
0.072,0.34,1.33,0.006,0.008,0.0,0.0,0.0,0.0,0.0,0.0,0.0,0.0427,0.019,0.0057,0.015,0.0,0.0,0.0,0.0,0.0,200.0,250.0,14.0,467.0,522.0,29.2,77.0,,,,,,,,,,1,0,0,3570.0,0,0,0,1,0,0,0,0,0,0,1000.0,-46.47541,-46.47541046142578,20.266666666666666,20.266666666666666,14.838201,14.838200569152832,65.47194588744588,65.47194588744588,0.0,0.0,0.046011904761904754,0.046011904761904754
0.072,0.34,1.33,0.006,0.008,0.0,0.0,0.0,0.0,0.0,0.0,0.0,0.0427,0.019,0.0057,0.015,0.0,0.0,0.0,0.0,0.0,200.0,0.0,0.0,,,,,-64.0,28.0,,,,,,,,1,0,0,3570.0,0,0,0,1,0,0,0,0,0,0,1000.0,-46.47541,-46.47541046142578,20.256666666666668,20.256666666666668,14.838201,14.838200569152832,65.51194588744588,65.51194588744588,0.0,0.0,0.026011904761904764,0.026011904761904764
0.072,0.34,1.33,0.006,0.008,0.0,0.0,0.0,0.0,0.0,0.0,0.0,0.0427,0.019,0.0057,0.015,0.0,0.0,0.0,0.0,0.0,200.0,0.0,0.0,,,,,-52.0,100.0,,,,,,,,1,0,0,3570.0,0,0,0,1,0,0,0,0,0,0,1000.0,-46.47541,-46.47541046142578,20.256666666666668,20.256666666666668,14.838201,14.838200569152832,65.51194588744588,65.51194588744588,0.0,0.0,0.026011904761904764,0.026011904761904764
0.072,0.34,1.33,0.006,0.008,0.0,0.0,0.0,0.0,0.0,0.0,0.0,0.0427,0.019,0.0057,0.015,0.0,0.0,0.0,0.0,0.0,200.0,0.0,0.0,,,,,,,,,18.0,15.0,67.0,0.0,0.0,1,0,0,3570.0,0,0,0,1,0,0,0,0,0,0,1000.0,-46.47541,-46.47541046142578,20.256666666666668,18.0,14.838201,15.0,65.51194588744588,67.0,0.0,0.0,0.026011904761904764,0.0
0.074,0.41,1.36,0.005,0.005,0.0,0.0,0.0,0.0,0.0,0.0,0.0,0.0418,0.026,0.0049,0.032,0.0,0.0,0.0,0.0,0.0,200.0,250.0,14.0,514.0,570.0,23.6,77.0,,,,,,,,,,1,0,0,3570.0,0,0,0,1,0,0,0,0,0,0,1000.0,-47.756096,-47.75609588623047,21.42,21.42,8.986422,8.986421585083008,67.99255760905763,67.99255760905763,0.0,0.0,0.06992857142857142,0.06992857142857142
0.074,0.41,1.36,0.005,0.005,0.0,0.0,0.0,0.0,0.0,0.0,0.0,0.0418,0.026,0.0049,0.032,0.0,0.0,0.0,0.0,0.0,200.0,0.0,0.0,,,,,-63.0,28.0,,,,,,,,1,0,0,3570.0,0,0,0,1,0,0,0,0,0,0,1000.0,-47.756096,-47.75609588623047,21.42,21.42,8.986422,8.986421585083008,67.99255760905763,67.99255760905763,0.0,0.0,0.06992857142857142,0.06992857142857142
0.074,0.41,1.36,0.005,0.005,0.0,0.0,0.0,0.0,0.0,0.0,0.0,0.0418,0.026,0.0049,0.032,0.0,0.0,0.0,0.0,0.0,200.0,0.0,0.0,,,,,-47.0,100.0,,,,,,,,1,0,0,3570.0,0,0,0,1,0,0,0,0,0,0,1000.0,-47.756096,-47.75609588623047,21.42,21.42,8.986422,8.986421585083008,67.99255760905763,67.99255760905763,0.0,0.0,0.06992857142857142,0.06992857142857142
0.074,0.41,1.36,0.005,0.005,0.0,0.0,0.0,0.0,0.0,0.0,0.0,0.0418,0.026,0.0049,0.032,0.0,0.0,0.0,0.0,0.0,200.0,0.0,0.0,,,,,,,,,23.0,9.0,68.0,0.0,0.0,1,0,0,3570.0,0,0,0,1,0,0,0,0,0,0,1000.0,-47.756096,-47.75609588623047,21.42,23.0,8.986422,9.0,67.99255760905763,68.0,0.0,0.0,0.06992857142857142,0.0
0.066,0.46,1.41,0.004,0.009,0.0,0.0,0.0,0.0,0.0,0.0,0.0,0.0407,0.024,0.0049,0.044,0.0,0.0,0.0,0.0,0.0,200.0,250.0,14.0,522.0,580.0,24.0,76.0,,,,,,,,,,1,0,0,3570.0,0,0,0,1,0,0,0,0,0,0,1000.0,-48.01727,-48.017269134521484,19.33,19.33,11.778837,11.778837203979492,67.77385146870674,67.77385146870674,0.0,0.0,0.07392857142857143,0.07392857142857143
0.066,0.46,1.41,0.004,0.009,0.0,0.0,0.0,0.0,0.0,0.0,0.0,0.0407,0.024,0.0049,0.044,0.0,0.0,0.0,0.0,0.0,200.0,0.0,0.0,,,,,-68.0,28.0,,,,,,,,1,0,0,3570.0,0,0,0,1,0,0,0,0,0,0,1000.0,-48.01727,-48.017269134521484,19.33,19.33,11.778837,11.778837203979492,67.63385146870674,67.63385146870674,0.0,0.0,0.07392857142857143,0.07392857142857143
0.066,0.46,1.41,0.004,0.009,0.0,0.0,0.0,0.0,0.0,0.0,0.0,0.0407,0.024,0.0049,0.044,0.0,0.0,0.0,0.0,0.0,200.0,0.0,0.0,,,,,-42.0,100.0,,,,,,,,1,0,0,3570.0,0,0,0,1,0,0,0,0,0,0,1000.0,-48.01727,-48.017269134521484,19.33,19.33,11.778837,11.778837203979492,67.63385146870674,67.63385146870674,0.0,0.0,0.07392857142857143,0.07392857142857143
0.066,0.46,1.41,0.004,0.009,0.0,0.0,0.0,0.0,0.0,0.0,0.0,0.0407,0.024,0.0049,0.044,0.0,0.0,0.0,0.0,0.0,200.0,0.0,0.0,,,,,,,,,19.0,12.0,69.0,0.0,0.0,1,0,0,3570.0,0,0,0,1,0,0,0,0,0,0,1000.0,-48.01727,-48.017269134521484,19.33,19.0,11.778837,12.0,67.63385146870674,69.0,0.0,0.0,0.07392857142857143,0.0
0.066,0.44,1.33,0.004,0.008,0.0,0.0,0.0,0.0,0.0,0.0,0.0,0.0454,0.024,0.0049,0.068,0.0,0.0,0.0,0.0,0.0,200.0,250.0,14.0,522.0,591.0,23.8,71.9,,,,,,,,,,1,0,0,3570.0,0,0,0,1,0,0,0,0,0,0,1000.0,-48.00922,-48.009220123291016,19.53,19.53,17.899328,17.899328231811523,62.626743506493504,62.626743506493504,0.0,0.0,0.07392857142857143,0.07392857142857143
0.066,0.44,1.33,0.004,0.008,0.0,0.0,0.0,0.0,0.0,0.0,0.0,0.0454,0.024,0.0049,0.068,0.0,0.0,0.0,0.0,0.0,200.0,0.0,0.0,,,,,-76.0,28.0,,,,,,,,1,0,0,3570.0,0,0,0,1,0,0,0,0,0,0,1000.0,-48.00922,-48.009220123291016,19.53,19.53,17.899328,17.899328231811523,62.626743506493504,62.626743506493504,0.0,0.0,0.07392857142857143,0.07392857142857143
0.066,0.44,1.33,0.004,0.008,0.0,0.0,0.0,0.0,0.0,0.0,0.0,0.0454,0.024,0.0049,0.068,0.0,0.0,0.0,0.0,0.0,200.0,0.0,0.0,,,,,-42.0,100.0,,,,,,,,1,0,0,3570.0,0,0,0,1,0,0,0,0,0,0,1000.0,-48.00922,-48.009220123291016,19.53,19.53,17.899328,17.899328231811523,62.626743506493504,62.626743506493504,0.0,0.0,0.07392857142857143,0.07392857142857143
0.066,0.44,1.33,0.004,0.008,0.0,0.0,0.0,0.0,0.0,0.0,0.0,0.0454,0.024,0.0049,0.068,0.0,0.0,0.0,0.0,0.0,200.0,0.0,0.0,,,,,,,,,18.0,18.0,64.0,0.0,0.0,1,0,0,3570.0,0,0,0,1,0,0,0,0,0,0,1000.0,-48.00922,-48.009220123291016,19.53,18.0,17.899328,18.0,62.626743506493504,64.0,0.0,0.0,0.07392857142857143,0.0
0.069,0.43,1.49,0.004,0.005,0.0,0.0,0.0,0.0,0.0,0.0,0.0,0.0294,0.046,0.0077,0.0001,0.0,0.0,0.0,0.0,0.0,200.0,250.0,14.0,535.0,594.0,26.0,79.8,,,,,,,,,,1,0,0,3570.0,0,0,0,1,0,0,0,0,0,0,1000.0,-47.937595,-47.93759536743164,17.05,17.05,10.288814,10.288813591003418,72.5087105263158,72.5087105263158,0.0,0.0,0.10392857142857143,0.10392857142857143
0.069,0.43,1.49,0.004,0.005,0.0,0.0,0.0,0.0,0.0,0.0,0.0,0.0294,0.046,0.0077,0.0001,0.0,0.0,0.0,0.0,0.0,200.0,0.0,0.0,,,,,-78.0,28.0,,,,,,,,1,0,0,3570.0,0,0,0,1,0,0,0,0,0,0,1000.0,-47.937595,-47.93759536743164,14.3,14.3,10.288814,10.288813591003418,73.17671052631579,73.17671052631579,0.0,0.0,0.10392857142857143,0.10392857142857143
0.069,0.43,1.49,0.004,0.005,0.0,0.0,0.0,0.0,0.0,0.0,0.0,0.0294,0.046,0.0077,0.0001,0.0,0.0,0.0,0.0,0.0,200.0,0.0,0.0,,,,,-60.0,100.0,,,,,,,,1,0,0,3570.0,0,0,0,1,0,0,0,0,0,0,1000.0,-47.937595,-47.93759536743164,14.3,14.3,10.288814,10.288813591003418,73.17671052631579,73.17671052631579,0.0,0.0,0.10392857142857143,0.10392857142857143
0.069,0.43,1.49,0.004,0.005,0.0,0.0,0.0,0.0,0.0,0.0,0.0,0.0294,0.046,0.0077,0.0001,0.0,0.0,0.0,0.0,0.0,200.0,0.0,0.0,,,,,,,,,15.0,10.0,75.0,0.0,0.0,1,0,0,3570.0,0,0,0,1,0,0,0,0,0,0,1000.0,-47.937595,-47.93759536743164,14.3,15.0,10.288814,10.0,73.17671052631579,75.0,0.0,0.0,0.10392857142857143,0.0
0.071,0.36,1.44,0.007,0.005,0.0,0.0,0.0,0.0,0.0,0.0,0.0,0.0373,0.046,0.0094,0.0067,0.0,0.0,0.0,0.0,0.0,200.0,250.0,14.0,522.0,583.0,22.0,78.9,,,,,,,,,,1,0,0,3570.0,0,0,0,1,0,0,0,0,0,0,1000.0,-12.499845,-12.499844551086426,16.026666666666667,16.026666666666667,8.899053,8.899052619934082,74.58454385964912,74.58454385964912,0.0,0.0,0.27006349206349206,0.27006349206349206
0.071,0.36,1.44,0.007,0.005,0.0,0.0,0.0,0.0,0.0,0.0,0.0,0.0373,0.046,0.0094,0.0067,0.0,0.0,0.0,0.0,0.0,200.0,0.0,0.0,,,,,-69.0,28.0,,,,,,,,1,0,0,3570.0,0,0,0,1,0,0,0,0,0,0,1000.0,-12.499845,-12.499844551086426,12.84,12.84,8.899053,8.899052619934082,76.12171052631578,76.12171052631578,0.0,0.0,0.27006349206349206,0.27006349206349206
0.071,0.36,1.44,0.007,0.005,0.0,0.0,0.0,0.0,0.0,0.0,0.0,0.0373,0.046,0.0094,0.0067,0.0,0.0,0.0,0.0,0.0,200.0,0.0,0.0,,,,,-48.0,100.0,,,,,,,,1,0,0,3570.0,0,0,0,1,0,0,0,0,0,0,1000.0,-12.499845,-12.499844551086426,12.84,12.84,8.899053,8.899052619934082,76.12171052631578,76.12171052631578,0.0,0.0,0.27006349206349206,0.27006349206349206
0.071,0.36,1.44,0.007,0.005,0.0,0.0,0.0,0.0,0.0,0.0,0.0,0.0373,0.046,0.0094,0.0067,0.0,0.0,0.0,0.0,0.0,200.0,0.0,0.0,,,,,,,,,13.0,9.0,78.0,0.0,0.0,1,0,0,3570.0,0,0,0,1,0,0,0,0,0,0,1000.0,-12.499845,-12.499844551086426,12.84,13.0,8.899053,9.0,76.12171052631578,78.0,0.0,0.0,0.27006349206349206,0.0
0.071,0.42,1.39,0.007,0.005,0.0,0.0,0.0,0.0,0.0,0.0,0.0,0.0446,0.042,0.0065,0.015,0.0,0.0,0.0,0.0,0.0,200.0,250.0,14.0,531.0,587.0,25.2,78.0,,,,,,,,,,1,0,0,3570.0,0,0,0,1,0,0,0,0,0,0,1000.0,-18.321707,-18.321706771850586,16.34166666666667,16.34166666666667,9.034538,9.034538269042969,68.85832957393482,68.85832957393482,0.0,0.0,0.07392857142857143,0.07392857142857143
0.071,0.42,1.39,0.007,0.005,0.0,0.0,0.0,0.0,0.0,0.0,0.0,0.0446,0.042,0.0065,0.015,0.0,0.0,0.0,0.0,0.0,200.0,0.0,0.0,,,,,-74.0,28.0,,,,,,,,1,0,0,3570.0,0,0,0,1,0,0,0,0,0,0,1000.0,-18.321707,-18.321706771850586,16.64666666666667,16.64666666666667,9.21389,9.213890075683594,70.75716290726817,70.75716290726817,0.0,0.0,0.07392857142857143,0.07392857142857143
0.071,0.42,1.39,0.007,0.005,0.0,0.0,0.0,0.0,0.0,0.0,0.0,0.0446,0.042,0.0065,0.015,0.0,0.0,0.0,0.0,0.0,200.0,0.0,0.0,,,,,-56.0,100.0,,,,,,,,1,0,0,3570.0,0,0,0,1,0,0,0,0,0,0,1000.0,-18.321707,-18.321706771850586,16.64666666666667,16.64666666666667,9.21389,9.213890075683594,70.75716290726817,70.75716290726817,0.0,0.0,0.07392857142857143,0.07392857142857143
0.071,0.42,1.39,0.007,0.005,0.0,0.0,0.0,0.0,0.0,0.0,0.0,0.0446,0.042,0.0065,0.015,0.0,0.0,0.0,0.0,0.0,200.0,0.0,0.0,,,,,,,,,15.0,9.0,76.0,0.0,0.0,1,0,0,3570.0,0,0,0,1,0,0,0,0,0,0,1000.0,-18.321707,-18.321706771850586,16.64666666666667,15.0,9.21389,9.0,70.75716290726817,76.0,0.0,0.0,0.07392857142857143,0.0
0.071,0.52,1.44,0.005,0.005,0.0,0.0,0.0,0.0,0.0,0.0,0.0,0.0466,0.046,0.0067,0.03,0.0,0.0,0.0,0.0,0.0,200.0,250.0,14.0,538.0,604.0,23.2,77.0,,,,,,,,,,1,0,0,3570.0,0,0,0,1,0,0,0,0,0,0,1000.0,-48.01727,-48.017269134521484,15.55,15.55,23.755482,23.755481719970703,63.098976190476186,63.098976190476186,0.0,0.0,2.2387738095238094,2.2387738095238094
0.071,0.52,1.44,0.005,0.005,0.0,0.0,0.0,0.0,0.0,0.0,0.0,0.0466,0.046,0.0067,0.03,0.0,0.0,0.0,0.0,0.0,200.0,0.0,0.0,,,,,-65.0,28.0,,,,,,,,1,0,0,3570.0,0,0,0,1,0,0,0,0,0,0,1000.0,-48.01727,-48.017269134521484,16.36,16.36,23.755482,23.755481719970703,62.958976190476186,62.958976190476186,0.0,0.0,2.2387738095238094,2.2387738095238094
0.071,0.52,1.44,0.005,0.005,0.0,0.0,0.0,0.0,0.0,0.0,0.0,0.0466,0.046,0.0067,0.03,0.0,0.0,0.0,0.0,0.0,200.0,0.0,0.0,,,,,-49.0,100.0,,,,,,,,1,0,0,3570.0,0,0,0,1,0,0,0,0,0,0,1000.0,-48.01727,-48.017269134521484,16.36,16.36,23.755482,23.755481719970703,62.958976190476186,62.958976190476186,0.0,0.0,2.2387738095238094,2.2387738095238094
0.071,0.52,1.44,0.005,0.005,0.0,0.0,0.0,0.0,0.0,0.0,0.0,0.0466,0.046,0.0067,0.03,0.0,0.0,0.0,0.0,0.0,200.0,0.0,0.0,,,,,,,,,15.0,26.0,59.0,0.0,0.0,1,0,0,3570.0,0,0,0,1,0,0,0,0,0,0,1000.0,-48.01727,-48.017269134521484,16.36,15.0,23.755482,26.0,62.958976190476186,59.0,0.0,0.0,2.2387738095238094,0.0
0.069,0.54,1.41,0.005,0.005,0.0,0.0,0.0,0.0,0.0,0.0,0.0,0.0439,0.046,0.0058,0.042,0.0,0.0,0.0,0.0,0.0,200.0,250.0,14.0,561.0,622.0,26.0,77.0,,,,,,,,,,1,0,0,3570.0,0,0,0,1,0,0,0,0,0,0,1000.0,-48.01727,-48.017269134521484,16.49,16.49,7.6246243,7.624624252319336,74.44162719298244,74.44162719298244,0.0,0.0,0.08392857142857142,0.08392857142857142
0.069,0.54,1.41,0.005,0.005,0.0,0.0,0.0,0.0,0.0,0.0,0.0,0.0439,0.046,0.0058,0.042,0.0,0.0,0.0,0.0,0.0,200.0,0.0,0.0,,,,,-63.0,28.0,,,,,,,,1,0,0,3570.0,0,0,0,1,0,0,0,0,0,0,1000.0,-48.01727,-48.017269134521484,16.51,16.51,7.6246243,7.624624252319336,74.24162719298243,74.24162719298243,0.0,0.0,0.08392857142857142,0.08392857142857142
0.069,0.54,1.41,0.005,0.005,0.0,0.0,0.0,0.0,0.0,0.0,0.0,0.0439,0.046,0.0058,0.042,0.0,0.0,0.0,0.0,0.0,200.0,0.0,0.0,,,,,-43.0,100.0,,,,,,,,1,0,0,3570.0,0,0,0,1,0,0,0,0,0,0,1000.0,-48.01727,-48.017269134521484,16.51,16.51,7.6246243,7.624624252319336,74.24162719298243,74.24162719298243,0.0,0.0,0.08392857142857142,0.08392857142857142
0.069,0.54,1.41,0.005,0.005,0.0,0.0,0.0,0.0,0.0,0.0,0.0,0.0439,0.046,0.0058,0.042,0.0,0.0,0.0,0.0,0.0,200.0,0.0,0.0,,,,,,,,,15.0,7.0,78.0,0.0,0.0,1,0,0,3570.0,0,0,0,1,0,0,0,0,0,0,1000.0,-48.01727,-48.017269134521484,16.51,15.0,7.6246243,7.0,74.24162719298243,78.0,0.0,0.0,0.08392857142857142,0.0
0.067,0.57,1.4,0.005,0.005,0.0,0.0,0.0,0.0,0.0,0.0,0.0,0.0451,0.045,0.006,0.05,0.0,0.0,0.0,0.0,0.0,200.0,250.0,14.0,547.0,616.0,22.6,75.0,,,,,,,,,,1,0,0,3570.0,0,0,0,1,0,0,0,0,0,0,1000.0,-48.01727,-48.017269134521484,15.11,15.11,7.6246243,7.624624252319336,73.46302005012531,73.46302005012531,0.0,0.0,0.08392857142857142,0.08392857142857142
0.067,0.57,1.4,0.005,0.005,0.0,0.0,0.0,0.0,0.0,0.0,0.0,0.0451,0.045,0.006,0.05,0.0,0.0,0.0,0.0,0.0,200.0,0.0,0.0,,,,,-76.0,28.0,,,,,,,,1,0,0,3570.0,0,0,0,1,0,0,0,0,0,0,1000.0,-48.01727,-48.017269134521484,15.11,15.11,7.6246243,7.624624252319336,73.46302005012531,73.46302005012531,0.0,0.0,0.08392857142857142,0.08392857142857142
0.067,0.57,1.4,0.005,0.005,0.0,0.0,0.0,0.0,0.0,0.0,0.0,0.0451,0.045,0.006,0.05,0.0,0.0,0.0,0.0,0.0,200.0,0.0,0.0,,,,,-44.0,100.0,,,,,,,,1,0,0,3570.0,0,0,0,1,0,0,0,0,0,0,1000.0,-48.01727,-48.017269134521484,15.11,15.11,7.6246243,7.624624252319336,73.46302005012531,73.46302005012531,0.0,0.0,0.08392857142857142,0.08392857142857142
0.067,0.57,1.4,0.005,0.005,0.0,0.0,0.0,0.0,0.0,0.0,0.0,0.0451,0.045,0.006,0.05,0.0,0.0,0.0,0.0,0.0,200.0,0.0,0.0,,,,,,,,,13.0,5.0,82.0,0.0,0.0,1,0,0,3570.0,0,0,0,1,0,0,0,0,0,0,1000.0,-48.01727,-48.017269134521484,15.11,13.0,7.6246243,5.0,73.46302005012531,82.0,0.0,0.0,0.08392857142857142,0.0
0.09,0.18,0.98,0.008,0.012,0.0,8.9,1.0,0.22,0.0,0.0,0.0,0.0642,0.0,0.046,0.0,0.0003,0.052,0.0,0.0,0.0,175.0,750.0,8.0,542.0,697.0,18.8,65.3,,,,,,,,,,1,0,0,6120.0,0,0,0,1,0,0,0,0,0,0,1000.0,-34.36407,-34.364070892333984,7.4,7.4,63.50178,63.50178146362305,29.3,29.3,15.6,15.6,3.1865317460317457,3.1865317460317457
0.09,0.18,0.98,0.008,0.012,0.0,8.9,1.0,0.22,0.0,0.0,0.0,0.0642,0.0,0.046,0.0,0.0003,0.052,0.0,0.0,0.0,175.0,750.0,8.0,,,,,-24.0,28.0,,,,,,,,1,0,0,6120.0,0,0,0,1,0,0,0,0,0,0,1000.0,-34.36407,-34.364070892333984,7.4,7.4,63.50178,63.50178146362305,29.3,29.3,15.6,15.6,3.1865317460317457,3.1865317460317457
0.09,0.18,0.98,0.008,0.012,0.0,8.9,1.0,0.22,0.0,0.0,0.0,0.0642,0.0,0.046,0.0,0.0003,0.052,0.0,0.0,0.0,175.0,750.0,8.0,,,,,-13.0,50.0,,,,,,,,1,0,0,6120.0,0,0,0,1,0,0,0,0,0,0,1000.0,-34.36407,-34.364070892333984,7.4,7.4,63.50178,63.50178146362305,29.3,29.3,15.6,15.6,3.1865317460317457,3.1865317460317457
0.09,0.18,0.98,0.008,0.012,0.0,8.9,1.0,0.22,0.0,0.0,0.0,0.0642,0.0,0.046,0.0,0.0003,0.052,0.0,0.0,0.0,175.0,750.0,8.0,,,,,12.0,100.0,,,,,,,,1,0,0,6120.0,0,0,0,1,0,0,0,0,0,0,1000.0,-34.36407,-34.364070892333984,7.4,7.4,63.50178,63.50178146362305,29.3,29.3,15.6,15.6,3.1865317460317457,3.1865317460317457
0.088,0.17,1.03,0.007,0.013,0.0,9.1,1.01,0.23,0.0,0.0,0.0,0.0604,0.0,0.046,0.0,0.0017,0.053,0.0,0.0,0.0,175.0,750.0,8.0,574.0,723.0,17.1,59.1,,,,,,,,,,1,0,0,6120.0,0,0,0,1,0,0,0,0,0,0,1000.0,-33.56304,-33.56304168701172,7.63,7.63,65.75275,65.75274658203125,28.19,28.19,15.6,15.6,3.0131984126984124,3.0131984126984124
0.088,0.17,1.03,0.007,0.013,0.0,9.1,1.01,0.23,0.0,0.0,0.0,0.0604,0.0,0.046,0.0,0.0017,0.053,0.0,0.0,0.0,175.0,750.0,8.0,,,,,-30.0,28.0,,,,,,,,1,0,0,6120.0,0,0,0,1,0,0,0,0,0,0,1000.0,-33.56304,-33.56304168701172,7.63,7.63,65.75275,65.75274658203125,28.19,28.19,15.6,15.6,3.0131984126984124,3.0131984126984124
0.088,0.17,1.03,0.007,0.013,0.0,9.1,1.01,0.23,0.0,0.0,0.0,0.0604,0.0,0.046,0.0,0.0017,0.053,0.0,0.0,0.0,175.0,750.0,8.0,,,,,-17.0,50.0,,,,,,,,1,0,0,6120.0,0,0,0,1,0,0,0,0,0,0,1000.0,-33.56304,-33.56304168701172,7.63,7.63,65.75275,65.75274658203125,28.19,28.19,15.6,15.6,3.0131984126984124,3.0131984126984124
0.088,0.17,1.03,0.007,0.013,0.0,9.1,1.01,0.23,0.0,0.0,0.0,0.0604,0.0,0.046,0.0,0.0017,0.053,0.0,0.0,0.0,175.0,750.0,8.0,,,,,12.0,100.0,,,,,,,,1,0,0,6120.0,0,0,0,1,0,0,0,0,0,0,1000.0,-33.56304,-33.56304168701172,7.63,7.63,65.75275,65.75274658203125,28.19,28.19,15.6,15.6,3.0131984126984124,3.0131984126984124
0.091,0.2,1.04,0.007,0.013,0.0,9.02,1.01,0.24,0.0,0.0,0.0,0.0591,0.0,0.048,0.0,0.0032,0.062,0.0,0.0,0.0,175.0,750.0,8.0,642.0,778.0,16.8,59.8,,,,,,,,,,1,0,0,6120.0,0,0,0,1,0,0,0,0,0,0,1000.0,-37.82422,-37.82421875,7.85,7.85,65.75275,65.75274658203125,27.72,27.72,15.6,15.6,3.0131984126984124,3.0131984126984124
0.091,0.2,1.04,0.007,0.013,0.0,9.02,1.01,0.24,0.0,0.0,0.0,0.0591,0.0,0.048,0.0,0.0032,0.062,0.0,0.0,0.0,175.0,750.0,8.0,,,,,-13.0,28.0,,,,,,,,1,0,0,6120.0,0,0,0,1,0,0,0,0,0,0,1000.0,-37.82422,-37.82421875,7.85,7.85,65.75275,65.75274658203125,27.72,27.72,15.6,15.6,3.0131984126984124,3.0131984126984124
0.091,0.2,1.04,0.007,0.013,0.0,9.02,1.01,0.24,0.0,0.0,0.0,0.0591,0.0,0.048,0.0,0.0032,0.062,0.0,0.0,0.0,175.0,750.0,8.0,,,,,10.0,50.0,,,,,,,,1,0,0,6120.0,0,0,0,1,0,0,0,0,0,0,1000.0,-37.82422,-37.82421875,7.85,7.85,65.75275,65.75274658203125,27.72,27.72,15.6,15.6,3.0131984126984124,3.0131984126984124
0.091,0.2,1.04,0.007,0.013,0.0,9.02,1.01,0.24,0.0,0.0,0.0,0.0591,0.0,0.048,0.0,0.0032,0.062,0.0,0.0,0.0,175.0,750.0,8.0,,,,,53.0,100.0,,,,,,,,1,0,0,6120.0,0,0,0,1,0,0,0,0,0,0,1000.0,-37.82422,-37.82421875,7.85,7.85,65.75275,65.75274658203125,27.72,27.72,15.6,15.6,3.0131984126984124,3.0131984126984124
0.089,0.22,1.05,0.007,0.013,0.0,9.0,1.04,0.23,0.0,0.0,0.0,0.0592,0.0,0.046,0.0,0.0064,0.07,0.0,0.0,0.0,175.0,750.0,8.0,643.0,777.0,15.7,60.2,,,,,,,,,,1,0,0,6120.0,0,0,0,1,0,0,0,0,0,0,1000.0,-37.85055,-37.85055160522461,8.22,8.22,65.75275,65.75274658203125,28.37,28.37,15.6,15.6,3.0131984126984124,3.0131984126984124
0.089,0.22,1.05,0.007,0.013,0.0,9.0,1.04,0.23,0.0,0.0,0.0,0.0592,0.0,0.046,0.0,0.0064,0.07,0.0,0.0,0.0,175.0,750.0,8.0,,,,,0.0,28.0,,,,,,,,1,0,0,6120.0,0,0,0,1,0,0,0,0,0,0,1000.0,-37.85055,-37.85055160522461,8.22,8.22,65.75275,65.75274658203125,28.37,28.37,15.6,15.6,3.0131984126984124,3.0131984126984124
0.089,0.22,1.05,0.007,0.013,0.0,9.0,1.04,0.23,0.0,0.0,0.0,0.0592,0.0,0.046,0.0,0.0064,0.07,0.0,0.0,0.0,175.0,750.0,8.0,,,,,21.0,50.0,,,,,,,,1,0,0,6120.0,0,0,0,1,0,0,0,0,0,0,1000.0,-37.85055,-37.85055160522461,8.22,8.22,65.75275,65.75274658203125,28.37,28.37,15.6,15.6,3.0131984126984124,3.0131984126984124
0.089,0.22,1.05,0.007,0.013,0.0,9.0,1.04,0.23,0.0,0.0,0.0,0.0592,0.0,0.046,0.0,0.0064,0.07,0.0,0.0,0.0,175.0,750.0,8.0,,,,,59.0,100.0,,,,,,,,1,0,0,6120.0,0,0,0,1,0,0,0,0,0,0,1000.0,-37.85055,-37.85055160522461,8.22,8.22,65.75275,65.75274658203125,28.37,28.37,15.6,15.6,3.0131984126984124,3.0131984126984124
0.094,0.17,1.0,0.008,0.012,0.0,8.99,1.03,0.21,0.0,0.0,0.0,0.0636,0.0,0.016,0.0,0.0003,0.052,0.0,0.0,0.0,175.0,750.0,8.0,558.0,705.0,20.8,64.5,,,,,,,,,,1,0,0,6120.0,0,0,0,1,0,0,0,0,0,0,1000.0,-29.824934,-29.824934005737305,7.49,7.49,63.50178,63.50178146362305,29.3,29.3,15.6,15.6,3.196531746031746,3.196531746031746
0.094,0.17,1.0,0.008,0.012,0.0,8.99,1.03,0.21,0.0,0.0,0.0,0.0636,0.0,0.016,0.0,0.0003,0.052,0.0,0.0,0.0,175.0,750.0,8.0,,,,,-14.0,28.0,,,,,,,,1,0,0,6120.0,0,0,0,1,0,0,0,0,0,0,1000.0,-29.824934,-29.824934005737305,7.49,7.49,63.50178,63.50178146362305,29.3,29.3,15.6,15.6,3.196531746031746,3.196531746031746
0.094,0.17,1.0,0.008,0.012,0.0,8.99,1.03,0.21,0.0,0.0,0.0,0.0636,0.0,0.016,0.0,0.0003,0.052,0.0,0.0,0.0,175.0,750.0,8.0,,,,,0.0,50.0,,,,,,,,1,0,0,6120.0,0,0,0,1,0,0,0,0,0,0,1000.0,-29.824934,-29.824934005737305,7.49,7.49,63.50178,63.50178146362305,29.3,29.3,15.6,15.6,3.196531746031746,3.196531746031746
0.094,0.17,1.0,0.008,0.012,0.0,8.99,1.03,0.21,0.0,0.0,0.0,0.0636,0.0,0.016,0.0,0.0003,0.052,0.0,0.0,0.0,175.0,750.0,8.0,,,,,31.0,100.0,,,,,,,,1,0,0,6120.0,0,0,0,1,0,0,0,0,0,0,1000.0,-29.824934,-29.824934005737305,7.49,7.49,63.50178,63.50178146362305,29.3,29.3,15.6,15.6,3.196531746031746,3.196531746031746
0.086,0.2,1.01,0.007,0.012,0.0,8.9,1.01,0.21,0.0,0.0,0.0,0.0596,0.0,0.016,0.0,0.0019,0.051,0.0,0.0,0.0,175.0,750.0,8.0,569.0,709.0,17.4,62.7,,,,,,,,,,1,0,0,6120.0,0,0,0,1,0,0,0,0,0,0,1000.0,-30.545843,-30.54584312438965,7.11,7.11,65.75275,65.75274658203125,28.19,28.19,15.6,15.6,3.003198412698412,3.003198412698412
0.086,0.2,1.01,0.007,0.012,0.0,8.9,1.01,0.21,0.0,0.0,0.0,0.0596,0.0,0.016,0.0,0.0019,0.051,0.0,0.0,0.0,175.0,750.0,8.0,,,,,-22.0,28.0,,,,,,,,1,0,0,6120.0,0,0,0,1,0,0,0,0,0,0,1000.0,-30.545843,-30.54584312438965,7.11,7.11,65.75275,65.75274658203125,28.19,28.19,15.6,15.6,3.003198412698412,3.003198412698412
0.086,0.2,1.01,0.007,0.012,0.0,8.9,1.01,0.21,0.0,0.0,0.0,0.0596,0.0,0.016,0.0,0.0019,0.051,0.0,0.0,0.0,175.0,750.0,8.0,,,,,-9.0,50.0,,,,,,,,1,0,0,6120.0,0,0,0,1,0,0,0,0,0,0,1000.0,-30.545843,-30.54584312438965,7.11,7.11,65.75275,65.75274658203125,28.19,28.19,15.6,15.6,3.003198412698412,3.003198412698412
0.086,0.2,1.01,0.007,0.012,0.0,8.9,1.01,0.21,0.0,0.0,0.0,0.0596,0.0,0.016,0.0,0.0019,0.051,0.0,0.0,0.0,175.0,750.0,8.0,,,,,24.0,100.0,,,,,,,,1,0,0,6120.0,0,0,0,1,0,0,0,0,0,0,1000.0,-30.545843,-30.54584312438965,7.11,7.11,65.75275,65.75274658203125,28.19,28.19,15.6,15.6,3.003198412698412,3.003198412698412
0.086,0.2,1.04,0.008,0.013,0.0,8.98,1.01,0.22,0.0,0.0,0.0,0.0567,0.0,0.016,0.0,0.0036,0.056,0.0,0.0,0.0,175.0,750.0,8.0,609.0,743.0,16.9,61.9,,,,,,,,,,1,0,0,6120.0,0,0,0,1,0,0,0,0,0,0,1000.0,-34.006004,-34.006004333496094,7.38,7.38,63.50178,63.50178146362305,28.33,28.33,15.6,15.6,3.1598650793650798,3.1598650793650798
0.086,0.2,1.04,0.008,0.013,0.0,8.98,1.01,0.22,0.0,0.0,0.0,0.0567,0.0,0.016,0.0,0.0036,0.056,0.0,0.0,0.0,175.0,750.0,8.0,,,,,-19.0,28.0,,,,,,,,1,0,0,6120.0,0,0,0,1,0,0,0,0,0,0,1000.0,-34.006004,-34.006004333496094,7.38,7.38,63.50178,63.50178146362305,28.33,28.33,15.6,15.6,3.1598650793650798,3.1598650793650798
0.086,0.2,1.04,0.008,0.013,0.0,8.98,1.01,0.22,0.0,0.0,0.0,0.0567,0.0,0.016,0.0,0.0036,0.056,0.0,0.0,0.0,175.0,750.0,8.0,,,,,-1.0,50.0,,,,,,,,1,0,0,6120.0,0,0,0,1,0,0,0,0,0,0,1000.0,-34.006004,-34.006004333496094,7.38,7.38,63.50178,63.50178146362305,28.33,28.33,15.6,15.6,3.1598650793650798,3.1598650793650798
0.086,0.2,1.04,0.008,0.013,0.0,8.98,1.01,0.22,0.0,0.0,0.0,0.0567,0.0,0.016,0.0,0.0036,0.056,0.0,0.0,0.0,175.0,750.0,8.0,,,,,38.0,100.0,,,,,,,,1,0,0,6120.0,0,0,0,1,0,0,0,0,0,0,1000.0,-34.006004,-34.006004333496094,7.38,7.38,63.50178,63.50178146362305,28.33,28.33,15.6,15.6,3.1598650793650798,3.1598650793650798
0.088,0.24,1.06,0.007,0.013,0.0,9.08,1.0,0.23,0.0,0.0,0.0,0.0538,0.0,0.0155,0.0,0.0069,0.056,0.0,0.0,0.0,175.0,750.0,8.0,620.0,753.0,16.8,58.8,,,,,,,,,,1,0,0,6120.0,0,0,0,1,0,0,0,0,0,0,1000.0,-35.91586,-35.91585922241211,7.71,7.71,65.75275,65.75274658203125,28.35,28.35,15.6,15.6,3.0131984126984124,3.0131984126984124
0.088,0.24,1.06,0.007,0.013,0.0,9.08,1.0,0.23,0.0,0.0,0.0,0.0538,0.0,0.0155,0.0,0.0069,0.056,0.0,0.0,0.0,175.0,750.0,8.0,,,,,8.0,28.0,,,,,,,,1,0,0,6120.0,0,0,0,1,0,0,0,0,0,0,1000.0,-35.91586,-35.91585922241211,7.71,7.71,65.75275,65.75274658203125,28.35,28.35,15.6,15.6,3.0131984126984124,3.0131984126984124
0.088,0.24,1.06,0.007,0.013,0.0,9.08,1.0,0.23,0.0,0.0,0.0,0.0538,0.0,0.0155,0.0,0.0069,0.056,0.0,0.0,0.0,175.0,750.0,8.0,,,,,32.0,50.0,,,,,,,,1,0,0,6120.0,0,0,0,1,0,0,0,0,0,0,1000.0,-35.91586,-35.91585922241211,7.71,7.71,65.75275,65.75274658203125,28.35,28.35,15.6,15.6,3.0131984126984124,3.0131984126984124
0.088,0.24,1.06,0.007,0.013,0.0,9.08,1.0,0.23,0.0,0.0,0.0,0.0538,0.0,0.0155,0.0,0.0069,0.056,0.0,0.0,0.0,175.0,750.0,8.0,,,,,-70.0,100.0,,,,,,,,1,0,0,6120.0,0,0,0,1,0,0,0,0,0,0,1000.0,-35.91586,-35.91585922241211,7.71,7.71,65.75275,65.75274658203125,28.35,28.35,15.6,15.6,3.0131984126984124,3.0131984126984124
0.037,0.3,0.65,0.008,0.012,0.0,0.0,0.0,0.0,0.0,0.0,0.0,0.0,0.0,0.0,0.0,0.0,0.0,0.0,0.0,0.0,200.0,250.0,14.0,392.0,466.0,31.9,80.6,,,,,,,,,,1,0,0,3570.0,0,0,0,1,0,0,0,0,0,0,1000.0,0.842779,0.8427789807319641,27.825,27.825,36.114956,36.11495590209961,41.6,41.6,0.0,0.0,0.1657857142857143,0.1657857142857143
0.037,0.3,0.65,0.008,0.012,0.0,0.0,0.0,0.0,0.0,0.0,0.0,0.0,0.0,0.0,0.0,0.0,0.0,0.0,0.0,0.0,200.0,580.0,2.0,370.0,456.0,35.2,80.6,-30.0,100.0,,,,,,,,1,0,0,3570.0,0,0,0,1,0,0,0,0,0,0,1000.0,0.842779,0.8427789807319641,23.223333333333336,23.223333333333336,32.459774,32.459774017333984,44.21,44.21,0.0,0.0,0.2402698412698413,0.2402698412698413
0.037,0.3,0.65,0.008,0.012,0.0,0.0,0.0,0.0,0.0,0.0,0.0,0.0,0.0,0.0,0.0,0.0,0.0,0.0,0.0,0.0,200.0,0.0,0.0,,,,,-26.0,100.0,,,,,,,,1,0,0,3570.0,0,0,0,1,0,0,0,0,0,0,1000.0,0.842779,0.8427789807319641,27.825,27.825,36.114956,36.11495590209961,41.6,41.6,0.0,0.0,0.1657857142857143,0.1657857142857143
0.037,0.31,1.03,0.007,0.014,0.0,0.0,0.0,0.0,0.0,0.0,0.0,0.0,0.0,0.0,0.0,0.0,0.0,0.0,0.0,0.0,200.0,250.0,14.0,413.0,498.0,31.2,80.6,,,,,,,,,,1,0,0,3570.0,0,0,0,1,0,0,0,0,0,0,1000.0,-4.9408126,-4.940812587738037,26.49333333333333,26.49333333333333,34.85806,34.85805892944336,41.24,41.24,0.0,0.0,0.005,0.005
0.037,0.31,1.03,0.007,0.014,0.0,0.0,0.0,0.0,0.0,0.0,0.0,0.0,0.0,0.0,0.0,0.0,0.0,0.0,0.0,0.0,200.0,580.0,2.0,402.0,490.0,31.0,80.6,-44.0,100.0,,,,,,,,1,0,0,3570.0,0,0,0,1,0,0,0,0,0,0,1000.0,-4.9408126,-4.940812587738037,23.27,23.27,30.049683,30.0496826171875,43.89,43.89,0.0,0.0,0.08015079365079365,0.08015079365079365
0.037,0.31,1.03,0.007,0.014,0.0,0.0,0.0,0.0,0.0,0.0,0.0,0.0,0.0,0.0,0.0,0.0,0.0,0.0,0.0,0.0,200.0,0.0,0.0,,,,,-47.0,100.0,,,33.0,27.0,40.0,0.0,0.0,1,0,0,3570.0,0,0,0,1,0,0,0,0,0,0,1000.0,-4.9408126,-4.940812587738037,26.49,33.0,29.60191,27.0,41.21666666666666,40.0,0.0,0.0,0.005,0.0
0.044,0.35,1.43,0.007,0.014,0.0,0.0,0.0,0.0,0.0,0.0,0.0,0.0,0.0,0.0,0.0,0.0,0.0,0.0,0.0,0.0,200.0,250.0,14.0,468.0,551.0,29.4,78.7,,,,,,,,,,1,0,0,3570.0,0,0,0,1,0,0,0,0,0,0,1000.0,-11.201312,-11.201312065124512,14.05,14.05,25.424778,25.42477798461914,67.27638095238095,67.27638095238095,0.0,0.0,0.0,0.0
0.044,0.35,1.43,0.007,0.014,0.0,0.0,0.0,0.0,0.0,0.0,0.0,0.0,0.0,0.0,0.0,0.0,0.0,0.0,0.0,0.0,200.0,580.0,2.0,436.0,529.0,31.6,78.8,-49.0,100.0,,,,,,,,1,0,0,3570.0,0,0,0,1,0,0,0,0,0,0,1000.0,-11.201312,-11.201312065124512,21.39333333333333,21.39333333333333,25.424778,25.42477798461914,66.23388095238096,66.23388095238096,0.0,0.0,0.0,0.0
0.044,0.35,1.43,0.007,0.014,0.0,0.0,0.0,0.0,0.0,0.0,0.0,0.0,0.0,0.0,0.0,0.0,0.0,0.0,0.0,0.0,200.0,0.0,0.0,,,,,-52.0,100.0,,,,,,,,1,0,0,3570.0,0,0,0,1,0,0,0,0,0,0,1000.0,-11.201312,-11.201312065124512,21.74333333333333,21.74333333333333,25.424778,25.42477798461914,66.88638095238095,66.88638095238095,0.0,0.0,0.0,0.0
0.045,0.33,1.85,0.007,0.016,0.0,0.0,0.0,0.0,0.0,0.0,0.0,0.0,0.0,0.0,0.0,0.0,0.0,0.0,0.0,0.0,200.0,250.0,14.0,514.0,588.0,28.0,76.8,,,,,,,,,,1,0,0,3570.0,0,0,0,1,0,0,0,0,0,0,1000.0,-11.201312,-11.201312065124512,12.38,12.38,16.276756,16.276756286621094,65.13783333333333,65.13783333333333,0.0,0.0,0.0,0.0
0.045,0.33,1.85,0.007,0.016,0.0,0.0,0.0,0.0,0.0,0.0,0.0,0.0,0.0,0.0,0.0,0.0,0.0,0.0,0.0,0.0,200.0,580.0,2.0,479.0,576.0,27.4,76.9,-38.0,100.0,,,,,,,,1,0,0,3570.0,0,0,0,1,0,0,0,0,0,0,1000.0,-11.396365,-11.39636516571045,10.39,10.39,16.276756,16.276756286621094,57.07166666666666,57.07166666666666,15.6,15.6,0.0,0.0
0.045,0.33,1.85,0.007,0.016,0.0,0.0,0.0,0.0,0.0,0.0,0.0,0.0,0.0,0.0,0.0,0.0,0.0,0.0,0.0,0.0,200.0,0.0,0.0,,,,,-45.0,100.0,,,13.0,16.0,71.0,0.0,0.0,1,0,0,3570.0,0,0,0,1,0,0,0,0,0,0,1000.0,-11.201312,-11.201312065124512,12.38,13.0,16.276756,16.0,65.13783333333333,71.0,0.0,0.0,0.0,0.0
0.038,0.3,0.65,0.007,0.014,0.0,0.22,0.0,0.0,0.0,0.0,0.0,0.0,0.0,0.0,0.0,0.0,0.0,0.0,0.0,0.0,200.0,250.0,14.0,422.0,496.0,30.4,78.8,,,,,,,,,,1,0,0,3570.0,0,0,0,1,0,0,0,0,0,0,1000.0,0.5709155,0.5709155201911926,27.835,27.835,34.85806,34.85805892944336,42.09,42.09,0.0,0.0,0.055,0.055
0.038,0.3,0.65,0.007,0.014,0.0,0.22,0.0,0.0,0.0,0.0,0.0,0.0,0.0,0.0,0.0,0.0,0.0,0.0,0.0,0.0,200.0,580.0,2.0,410.0,496.0,31.0,79.7,,,,,,,,,,1,0,0,3570.0,0,0,0,1,0,0,0,0,0,0,1000.0,0.5709155,0.5709155201911926,23.493333333333336,23.493333333333336,31.37674,31.376739501953125,43.89,43.89,0.0,0.0,0.12115079365079366,0.12115079365079366
0.041,0.32,1.01,0.008,0.013,0.0,0.24,0.0,0.0,0.0,0.0,0.0,0.0,0.0,0.0,0.0,0.0,0.0,0.0,0.0,0.0,200.0,250.0,14.0,463.0,532.0,30.0,77.8,,,,,,,,,,1,0,0,3570.0,0,0,0,1,0,0,0,0,0,0,1000.0,-5.4954915,-5.4954915046691895,23.343333333333334,23.343333333333334,30.750101,30.75010108947754,44.58,44.58,0.0,0.0,0.10328571428571427,0.10328571428571427
0.041,0.32,1.01,0.008,0.013,0.0,0.24,0.0,0.0,0.0,0.0,0.0,0.0,0.0,0.0,0.0,0.0,0.0,0.0,0.0,0.0,200.0,580.0,2.0,426.0,519.0,29.8,78.8,,,,,,,,,,1,0,0,3570.0,0,0,0,1,0,0,0,0,0,0,1000.0,-5.4954915,-5.4954915046691895,19.68,19.68,26.241917,26.24191665649414,47.54,47.54,0.0,0.0,0.1767698412698413,0.1767698412698413
0.041,0.32,1.01,0.008,0.013,0.0,0.24,0.0,0.0,0.0,0.0,0.0,0.0,0.0,0.0,0.0,0.0,0.0,0.0,0.0,0.0,200.0,0.0,0.0,,,,,,,,,26.0,25.0,49.0,0.0,0.0,1,0,0,3570.0,0,0,0,1,0,0,0,0,0,0,1000.0,-5.4954915,-5.4954915046691895,22.73,26.0,25.794136,25.0,45.0,49.0,0.0,0.0,0.10328571428571427,0.0
0.044,0.32,1.45,0.007,0.013,0.0,0.24,0.0,0.0,0.0,0.0,0.0,0.0,0.0,0.0,0.0,0.0,0.0,0.0,0.0,0.0,200.0,250.0,14.0,500.0,575.0,28.0,78.8,,,,,,,,,,1,0,0,3570.0,0,0,0,1,0,0,0,0,0,0,1000.0,-11.756711,-11.75671100616455,12.2,12.2,21.617012,21.61701202392578,70.03607142857142,70.03607142857142,0.0,0.0,0.0,0.0
0.044,0.32,1.45,0.007,0.013,0.0,0.24,0.0,0.0,0.0,0.0,0.0,0.0,0.0,0.0,0.0,0.0,0.0,0.0,0.0,0.0,200.0,580.0,2.0,468.0,559.0,28.0,76.9,,,,,,,,,,1,0,0,3570.0,0,0,0,1,0,0,0,0,0,0,1000.0,-11.756711,-11.75671100616455,20.94333333333333,20.94333333333333,21.617012,21.61701202392578,69.03357142857142,69.03357142857142,0.0,0.0,0.0,0.0
0.048,0.33,1.85,0.007,0.013,0.0,0.26,0.0,0.0,0.0,0.0,0.0,0.0,0.0,0.0,0.0,0.0,0.0,0.0,0.0,0.0,200.0,250.0,14.0,567.0,622.0,26.0,75.0,,,,,,,,,,1,0,0,3570.0,0,0,0,1,0,0,0,0,0,0,1000.0,-11.756711,-11.75671100616455,9.2,9.2,13.394789,13.39478874206543,73.91494862155388,73.91494862155388,0.0,0.0,0.0,0.0
0.048,0.33,1.85,0.007,0.013,0.0,0.26,0.0,0.0,0.0,0.0,0.0,0.0,0.0,0.0,0.0,0.0,0.0,0.0,0.0,0.0,200.0,580.0,2.0,535.0,620.0,27.0,74.0,,,,,,,,,,1,0,0,3570.0,0,0,0,1,0,0,0,0,0,0,1000.0,-11.951766,-11.951766014099121,7.66,7.66,13.394789,13.39478874206543,63.712380952380954,63.712380952380954,15.6,15.6,0.0,0.0
0.048,0.33,1.85,0.007,0.013,0.0,0.26,0.0,0.0,0.0,0.0,0.0,0.0,0.0,0.0,0.0,0.0,0.0,0.0,0.0,0.0,200.0,0.0,0.0,,,,,,,,,8.0,13.0,79.0,0.0,0.0,1,0,0,3570.0,0,0,0,1,0,0,0,0,0,0,1000.0,-11.756711,-11.75671100616455,8.31,8.0,13.394789,13.0,74.29494862155387,79.0,0.0,0.0,0.0,0.0
0.04,0.33,0.6,0.006,0.01,0.0,0.51,0.0,0.0,0.0,0.0,0.0,0.0,0.0,0.0,0.0,0.0,0.0,0.0,0.0,0.0,200.0,250.0,14.0,446.0,510.0,32.2,78.8,,,,,,,,,,1,0,0,3570.0,0,0,0,1,0,0,0,0,0,0,1000.0,-15.392079,-15.39207935333252,24.725,24.725,33.68579,33.685791015625,43.86,43.86,0.0,0.0,0.095,0.095
0.04,0.33,0.6,0.006,0.01,0.0,0.51,0.0,0.0,0.0,0.0,0.0,0.0,0.0,0.0,0.0,0.0,0.0,0.0,0.0,0.0,200.0,580.0,2.0,417.0,496.0,29.0,78.8,-17.0,100.0,,,,,,,,1,0,0,3570.0,0,0,0,1,0,0,0,0,0,0,1000.0,-15.392079,-15.39207935333252,20.973333333333336,20.973333333333336,29.138874,29.138874053955078,45.17,45.17,0.0,0.0,0.16115079365079363,0.16115079365079363
0.04,0.33,0.6,0.006,0.01,0.0,0.51,0.0,0.0,0.0,0.0,0.0,0.0,0.0,0.0,0.0,0.0,0.0,0.0,0.0,0.0,200.0,0.0,0.0,,,,,-17.0,100.0,,,,,,,,1,0,0,3570.0,0,0,0,1,0,0,0,0,0,0,1000.0,-15.392079,-15.39207935333252,24.725,24.725,33.68579,33.685791015625,43.86,43.86,0.0,0.0,0.095,0.095
0.043,0.31,0.95,0.007,0.01,0.0,0.53,0.0,0.0,0.0,0.0,0.0,0.0,0.0,0.0,0.0,0.0,0.0,0.0,0.0,0.0,200.0,250.0,14.0,494.0,545.0,29.6,77.0,,,,,,,,,,1,0,0,3570.0,0,0,0,1,0,0,0,0,0,0,1000.0,-6.778945,-6.778944969177246,18.113333333333333,18.113333333333333,32.56948,32.569480895996094,46.87,46.87,0.0,0.0,0.0,0.0
0.043,0.31,0.95,0.007,0.01,0.0,0.53,0.0,0.0,0.0,0.0,0.0,0.0,0.0,0.0,0.0,0.0,0.0,0.0,0.0,0.0,200.0,580.0,2.0,460.0,536.0,28.8,77.0,-35.0,100.0,,,,,,,,1,0,0,3570.0,0,0,0,1,0,0,0,0,0,0,1000.0,-6.778945,-6.778944969177246,14.8,14.8,28.02255,28.022550582885742,48.99,48.99,0.0,0.0,0.05515079365079365,0.05515079365079365
0.043,0.31,0.95,0.007,0.01,0.0,0.53,0.0,0.0,0.0,0.0,0.0,0.0,0.0,0.0,0.0,0.0,0.0,0.0,0.0,0.0,200.0,0.0,0.0,,,,,-45.0,100.0,,,16.0,26.0,58.0,0.0,0.0,1,0,0,3570.0,0,0,0,1,0,0,0,0,0,0,1000.0,-6.778945,-6.778944969177246,16.86,16.0,27.74864,26.0,48.43666666666666,58.0,0.0,0.0,0.0,0.0
0.047,0.33,1.42,0.006,0.01,0.0,0.53,0.0,0.0,0.0,0.0,0.0,0.0,0.0,0.0,0.0,0.0,0.0,0.0,0.0,0.0,200.0,250.0,14.0,543.0,603.0,28.2,77.0,,,,,,,,,,1,0,0,3570.0,0,0,0,1,0,0,0,0,0,0,1000.0,-39.188465,-39.1884651184082,9.11,9.11,24.354378,24.35437774658203,70.03012322472848,70.03012322472848,0.0,0.0,0.0,0.0
0.047,0.33,1.42,0.006,0.01,0.0,0.53,0.0,0.0,0.0,0.0,0.0,0.0,0.0,0.0,0.0,0.0,0.0,0.0,0.0,0.0,200.0,580.0,2.0,514.0,600.0,25.8,76.0,-35.0,100.0,,,,,,,,1,0,0,3570.0,0,0,0,1,0,0,0,0,0,0,1000.0,-39.188465,-39.1884651184082,15.593333333333335,15.593333333333335,24.354378,24.35437774658203,69.18762322472848,69.18762322472848,0.0,0.0,0.0,0.0
0.047,0.33,1.42,0.006,0.01,0.0,0.53,0.0,0.0,0.0,0.0,0.0,0.0,0.0,0.0,0.0,0.0,0.0,0.0,0.0,0.0,200.0,0.0,0.0,,,,,-44.0,100.0,,,,,,,,1,0,0,3570.0,0,0,0,1,0,0,0,0,0,0,1000.0,-39.188465,-39.1884651184082,16.323333333333334,16.323333333333334,24.354378,24.35437774658203,69.65012322472849,69.65012322472849,0.0,0.0,0.0,0.0
0.051,0.33,1.83,0.006,0.013,0.0,0.52,0.0,0.0,0.0,0.0,0.0,0.0,0.0,0.0,0.0,0.0,0.0,0.0,0.0,0.0,200.0,250.0,14.0,617.0,674.0,23.0,70.2,,,,,,,,,,1,0,0,3570.0,0,0,0,1,0,0,0,0,0,0,1000.0,-37.905014,-37.90501403808594,5.85,5.85,16.782366,16.782365798950195,72.01645655806182,72.01645655806182,0.0,0.0,0.0,0.0
0.051,0.33,1.83,0.006,0.013,0.0,0.52,0.0,0.0,0.0,0.0,0.0,0.0,0.0,0.0,0.0,0.0,0.0,0.0,0.0,0.0,200.0,580.0,2.0,570.0,650.0,24.0,68.7,-2.0,100.0,,,,,,,,1,0,0,3570.0,0,0,0,1,0,0,0,0,0,0,1000.0,-38.203415,-38.20341491699219,4.67,4.67,16.782366,16.782365798950195,62.007222222222225,62.007222222222225,15.6,15.6,0.0,0.0
0.051,0.33,1.83,0.006,0.013,0.0,0.52,0.0,0.0,0.0,0.0,0.0,0.0,0.0,0.0,0.0,0.0,0.0,0.0,0.0,0.0,200.0,0.0,0.0,,,,,-35.0,100.0,,,4.0,8.0,88.0,0.0,0.0,1,0,0,3570.0,0,0,0,1,0,0,0,0,0,0,1000.0,-37.905014,-37.90501403808594,5.05,4.0,16.782366,8.0,72.71678989139515,88.0,0.0,0.0,0.0,0.0
0.041,0.3,0.59,0.009,0.011,0.0,1.0,0.0,0.0,0.0,0.0,0.0,0.0,0.0,0.0,0.0,0.0,0.0,0.0,0.0,0.0,200.0,250.0,14.0,472.0,531.0,25.8,77.8,,,,,,,,,,1,0,0,3570.0,0,0,0,1,0,0,0,0,0,0,1000.0,-0.25377715,-0.2537771463394165,25.205,25.205,33.580196,33.580196380615234,43.03,43.03,0.0,0.0,0.8186190476190477,0.8186190476190477
0.041,0.3,0.59,0.009,0.011,0.0,1.0,0.0,0.0,0.0,0.0,0.0,0.0,0.0,0.0,0.0,0.0,0.0,0.0,0.0,0.0,200.0,580.0,2.0,427.0,514.0,29.2,77.9,-12.0,100.0,,,,,,,,1,0,0,3570.0,0,0,0,1,0,0,0,0,0,0,1000.0,-0.25377715,-0.2537771463394165,20.043333333333337,20.043333333333337,30.225208,30.225208282470703,45.38,45.38,0.0,0.0,0.8631031746031748,0.8631031746031748
0.041,0.3,0.59,0.009,0.011,0.0,1.0,0.0,0.0,0.0,0.0,0.0,0.0,0.0,0.0,0.0,0.0,0.0,0.0,0.0,0.0,200.0,0.0,0.0,,,,,-10.0,100.0,,,,,,,,1,0,0,3570.0,0,0,0,1,0,0,0,0,0,0,1000.0,-0.25377715,-0.2537771463394165,25.205,25.205,33.580196,33.580196380615234,43.03,43.03,0.0,0.0,0.8186190476190477,0.8186190476190477
0.045,0.32,0.97,0.007,0.012,0.0,1.04,0.0,0.0,0.0,0.0,0.0,0.0,0.0,0.0,0.0,0.0,0.0,0.0,0.0,0.0,200.0,250.0,14.0,531.0,592.0,24.6,76.0,,,,,,,,,,1,0,0,3570.0,0,0,0,1,0,0,0,0,0,0,1000.0,-6.616021,-6.616021156311035,18.203333333333333,18.203333333333333,46.369404,46.36940383911133,39.72,39.72,0.0,0.0,0.0,0.0
0.045,0.32,0.97,0.007,0.012,0.0,1.04,0.0,0.0,0.0,0.0,0.0,0.0,0.0,0.0,0.0,0.0,0.0,0.0,0.0,0.0,200.0,580.0,2.0,471.0,568.0,26.2,77.0,-31.0,100.0,,,,,,,,1,0,0,3570.0,0,0,0,1,0,0,0,0,0,0,1000.0,-6.616021,-6.616021156311035,14.73,14.73,43.116894,43.11689376831055,42.45,42.45,0.0,0.0,0.05515079365079365,0.05515079365079365
0.045,0.32,0.97,0.007,0.012,0.0,1.04,0.0,0.0,0.0,0.0,0.0,0.0,0.0,0.0,0.0,0.0,0.0,0.0,0.0,0.0,200.0,0.0,0.0,,,,,-42.0,100.0,,,9.0,28.0,63.0,0.0,0.0,1,0,0,3570.0,0,0,0,1,0,0,0,0,0,0,1000.0,-6.616021,-6.616021156311035,17.11,9.0,43.191235,28.0,40.99666666666666,63.0,0.0,0.0,0.0,0.0
0.048,0.33,1.37,0.008,0.013,0.0,1.08,0.0,0.0,0.0,0.0,0.0,0.0,0.0,0.0,0.0,0.0,0.0,0.0,0.0,0.0,200.0,250.0,14.0,626.0,676.0,24.4,70.9,,,,,,,,,,1,0,0,3570.0,0,0,0,1,0,0,0,0,0,0,1000.0,-12.87724,-12.877240180969238,8.45,8.45,21.948887,21.94888687133789,73.975,73.975,0.0,0.0,0.10661904761904761,0.10661904761904761
0.048,0.33,1.37,0.008,0.013,0.0,1.08,0.0,0.0,0.0,0.0,0.0,0.0,0.0,0.0,0.0,0.0,0.0,0.0,0.0,0.0,200.0,580.0,2.0,548.0,630.0,26.0,72.0,-17.0,100.0,,,,,,,,1,0,0,3570.0,0,0,0,1,0,0,0,0,0,0,1000.0,-12.87724,-12.877240180969238,17.15,17.15,21.948887,21.94888687133789,72.53625,72.53625,0.0,0.0,0.10661904761904761,0.10661904761904761
0.048,0.33,1.37,0.008,0.013,0.0,1.08,0.0,0.0,0.0,0.0,0.0,0.0,0.0,0.0,0.0,0.0,0.0,0.0,0.0,0.0,200.0,0.0,0.0,,,,,-40.0,100.0,,,,,,,,1,0,0,3570.0,0,0,0,1,0,0,0,0,0,0,1000.0,-12.87724,-12.877240180969238,17.52,17.52,21.948887,21.94888687133789,72.53625,72.53625,0.0,0.0,0.10661904761904761,0.10661904761904761
0.052,0.33,1.81,0.007,0.013,0.0,1.1,0.0,0.0,0.0,0.0,0.0,0.0,0.0,0.0,0.0,0.0,0.0,0.0,0.0,0.0,200.0,250.0,14.0,692.0,723.0,21.6,70.9,,,,,,,,,,1,0,0,3570.0,0,0,0,1,0,0,0,0,0,0,1000.0,-12.87724,-12.877240180969238,3.84,3.84,13.865287,13.865286827087402,79.0797619047619,79.0797619047619,0.0,0.0,0.0,0.0
0.052,0.33,1.81,0.007,0.013,0.0,1.1,0.0,0.0,0.0,0.0,0.0,0.0,0.0,0.0,0.0,0.0,0.0,0.0,0.0,0.0,200.0,580.0,2.0,592.0,671.0,22.8,72.0,28.0,100.0,,,,,,,,1,0,0,3570.0,0,0,0,1,0,0,0,0,0,0,1000.0,-12.876765,-12.876765251159668,3.1,3.1,13.865287,13.865286827087402,67.04642857142856,67.04642857142856,15.6,15.6,0.0,0.0
0.052,0.33,1.81,0.007,0.013,0.0,1.1,0.0,0.0,0.0,0.0,0.0,0.0,0.0,0.0,0.0,0.0,0.0,0.0,0.0,0.0,200.0,0.0,0.0,,,,,-28.0,100.0,,,1.0,12.0,87.0,0.0,0.0,1,0,0,3570.0,0,0,0,1,0,0,0,0,0,0,1000.0,-12.87724,-12.877240180969238,2.87,1.0,13.865287,12.0,80.43309523809523,87.0,0.0,0.0,0.0,0.0
0.041,0.27,0.59,0.009,0.011,0.0,2.34,0.0,0.0,0.0,0.0,0.0,0.0,0.0,0.0,0.0,0.0,0.0,0.0,0.0,0.0,200.0,250.0,14.0,587.0,652.0,21.4,72.0,,,,,,,,,,1,0,0,3570.0,0,0,0,1,0,0,0,0,0,0,1000.0,-0.13349733,-0.13349732756614685,21.115,21.115,77.699684,77.6996841430664,31.2,31.2,0.0,0.0,0.8186190476190477,0.8186190476190477
0.041,0.27,0.59,0.009,0.011,0.0,2.34,0.0,0.0,0.0,0.0,0.0,0.0,0.0,0.0,0.0,0.0,0.0,0.0,0.0,0.0,200.0,580.0,2.0,534.0,619.0,22.0,75.0,0.0,100.0,,,,,,,,1,0,0,3570.0,0,0,0,1,0,0,0,0,0,0,1000.0,-0.13349733,-0.13349732756614685,16.453333333333333,16.453333333333333,73.28141,73.28141021728516,33.48,33.48,0.0,0.0,0.8631031746031748,0.8631031746031748
0.041,0.27,0.59,0.009,0.011,0.0,2.34,0.0,0.0,0.0,0.0,0.0,0.0,0.0,0.0,0.0,0.0,0.0,0.0,0.0,0.0,200.0,0.0,0.0,,,,,9.0,100.0,,,,,,,,1,0,0,3570.0,0,0,0,1,0,0,0,0,0,0,1000.0,-0.13349733,-0.13349732756614685,21.115,21.115,77.699684,77.6996841430664,31.2,31.2,0.0,0.0,0.8186190476190477,0.8186190476190477
0.046,0.3,0.93,0.008,0.012,0.0,2.38,0.0,0.0,0.0,0.0,0.0,0.0,0.0,0.0,0.0,0.0,0.0,0.0,0.0,0.0,200.0,250.0,14.0,655.0,722.0,19.6,67.5,,,,,,,,,,1,0,0,3570.0,0,0,0,1,0,0,0,0,0,0,1000.0,-6.5934386,-6.593438625335693,11.573333333333332,11.573333333333332,90.48886,90.48886108398438,20.1,20.1,0.0,0.0,0.12828571428571428,0.12828571428571428
0.046,0.3,0.93,0.008,0.012,0.0,2.38,0.0,0.0,0.0,0.0,0.0,0.0,0.0,0.0,0.0,0.0,0.0,0.0,0.0,0.0,200.0,580.0,2.0,605.0,683.0,19.8,71.9,-3.0,100.0,,,,,,,,1,0,0,3570.0,0,0,0,1,0,0,0,0,0,0,1000.0,-6.5934386,-6.593438625335693,8.65,8.65,87.365,87.36499786376953,22.88,22.88,0.0,0.0,0.19176984126984128,0.19176984126984128
0.046,0.3,0.93,0.008,0.012,0.0,2.38,0.0,0.0,0.0,0.0,0.0,0.0,0.0,0.0,0.0,0.0,0.0,0.0,0.0,0.0,200.0,0.0,0.0,,,,,16.0,100.0,,,2.0,88.0,10.0,0.0,0.0,1,0,0,3570.0,0,0,0,1,0,0,0,0,0,0,1000.0,-6.5934386,-6.593438625335693,9.87,2.0,87.31069,88.0,19.2,10.0,0.0,0.0,0.12828571428571428,0.0
0.05,0.31,1.29,0.008,0.011,0.0,2.32,0.0,0.0,0.0,0.0,0.0,0.0,0.0,0.0,0.0,0.0,0.0,0.0,0.0,0.0,200.0,250.0,14.0,738.0,789.0,20.0,67.0,,,,,,,,,,1,0,0,3570.0,0,0,0,1,0,0,0,0,0,0,1000.0,-12.853299,-12.853299140930176,8.22,8.22,97.09347,97.09346771240234,17.59,17.59,0.0,0.0,0.12828571428571428,0.12828571428571428
0.05,0.31,1.29,0.008,0.011,0.0,2.32,0.0,0.0,0.0,0.0,0.0,0.0,0.0,0.0,0.0,0.0,0.0,0.0,0.0,0.0,200.0,580.0,2.0,662.0,731.0,18.6,68.7,28.0,100.0,,,,,,,,1,0,0,3570.0,0,0,0,1,0,0,0,0,0,0,1000.0,-12.853299,-12.853299140930176,8.49,8.49,95.20124,95.20124053955078,22.37,22.37,0.0,0.0,0.1366190476190476,0.1366190476190476
0.05,0.31,1.29,0.008,0.011,0.0,2.32,0.0,0.0,0.0,0.0,0.0,0.0,0.0,0.0,0.0,0.0,0.0,0.0,0.0,0.0,200.0,0.0,0.0,,,,,9.0,100.0,,,0.0,100.0,0.0,0.0,0.0,1,0,0,3570.0,0,0,0,1,0,0,0,0,0,0,1000.0,-12.853299,-12.853299140930176,8.22,0.0,97.09347,100.0,17.59,0.0,0.0,0.0,0.12828571428571428,0.0
0.054,0.33,1.72,0.007,0.014,0.0,2.36,0.0,0.0,0.0,0.0,0.0,0.0,0.0,0.0,0.0,0.0,0.0,0.0,0.0,0.0,200.0,250.0,14.0,808.0,865.0,18.2,65.2,,,,,,,,,,1,0,0,3570.0,0,0,0,1,0,0,0,0,0,0,1000.0,-12.735833,-12.735833168029785,3.9,3.9,60.20489,60.204891204833984,74.0547619047619,74.0547619047619,0.0,0.0,0.0,0.0
0.054,0.33,1.72,0.007,0.014,0.0,2.36,0.0,0.0,0.0,0.0,0.0,0.0,0.0,0.0,0.0,0.0,0.0,0.0,0.0,0.0,200.0,580.0,2.0,697.0,757.0,19.6,69.7,,,,,,,,,,1,0,0,3570.0,0,0,0,1,0,0,0,0,0,0,1000.0,-12.735358,-12.735358238220215,4.49,4.49,60.20489,60.204891204833984,62.27142857142857,62.27142857142857,15.6,15.6,0.0,0.0
0.054,0.33,1.72,0.007,0.014,0.0,2.36,0.0,0.0,0.0,0.0,0.0,0.0,0.0,0.0,0.0,0.0,0.0,0.0,0.0,0.0,200.0,0.0,0.0,,,,,24.0,100.0,,,,,,,,1,0,0,3570.0,0,0,0,1,0,0,0,0,0,0,1000.0,-12.735833,-12.735833168029785,5.96,5.96,60.20489,60.204891204833984,74.72809523809524,74.72809523809524,0.0,0.0,0.0,0.0
0.069,0.3,1.36,0.007,0.009,0.0,0.0,0.0,0.0005,0.0,0.0,0.0,0.0432,0.0037,0.005,0.0005,0.0005,0.0005,0.0,0.0,0.0,200.0,250.0,14.0,468.0,529.0,32.6,80.7,,,,,,,,,,1,0,0,3570.0,0,0,0,1,0,0,0,0,0,0,1000.0,-11.323844,-11.323843955993652,21.5125,21.5125,5.9742174,5.974217414855957,70.57834147869674,70.57834147869674,0.0,0.0,0.05433333333333334,0.05433333333333334
0.069,0.3,1.36,0.007,0.009,0.0,0.0,0.0,0.0005,0.0,0.0,0.0,0.0432,0.0037,0.005,0.0005,0.0005,0.0005,0.0,0.0,0.0,200.0,0.0,0.0,,,,,-99.0,28.0,,,,,,,,1,0,0,3570.0,0,0,0,1,0,0,0,0,0,0,1000.0,-11.323844,-11.323843955993652,21.6425,21.6425,5.9742174,5.974217414855957,71.24834147869674,71.24834147869674,0.0,0.0,0.05433333333333334,0.05433333333333334
0.069,0.3,1.36,0.007,0.009,0.0,0.0,0.0,0.0005,0.0,0.0,0.0,0.0432,0.0037,0.005,0.0005,0.0005,0.0005,0.0,0.0,0.0,200.0,0.0,0.0,,,,,-72.0,100.0,,,,,,,,1,0,0,3570.0,0,0,0,1,0,0,0,0,0,0,1000.0,-11.323844,-11.323843955993652,21.6425,21.6425,5.9742174,5.974217414855957,71.24834147869674,71.24834147869674,0.0,0.0,0.05433333333333334,0.05433333333333334
0.069,0.3,1.36,0.007,0.009,0.0,0.0,0.0,0.0005,0.0,0.0,0.0,0.0432,0.0037,0.005,0.0005,0.0005,0.0005,0.0,0.0,0.0,200.0,0.0,0.0,,,,,,,,,23.0,5.0,72.0,0.0,0.0,1,0,0,3570.0,0,0,0,1,0,0,0,0,0,0,1000.0,-11.323844,-11.323843955993652,21.6425,23.0,5.9742174,5.0,71.24834147869674,72.0,0.0,0.0,0.05433333333333334,0.0
0.069,0.3,1.36,0.007,0.009,0.0,0.0,0.0,0.0005,0.0,0.0,0.0,0.0432,0.0037,0.005,0.0005,0.0005,0.0005,0.0,0.0,0.0,200.0,580.0,2.0,393.0,500.0,31.8,77.0,,,,,,,,,,1,0,0,3570.0,0,0,0,1,0,0,0,0,0,0,1000.0,-11.518899,-11.518898963928223,9.29,9.29,8.702761,8.702760696411133,64.64597619047619,64.64597619047619,15.6,15.6,0.05433333333333334,0.05433333333333334
0.069,0.3,1.36,0.007,0.009,0.0,0.0,0.0,0.0005,0.0,0.0,0.0,0.0432,0.0037,0.005,0.0005,0.0005,0.0005,0.0,0.0,0.0,200.0,580.0,2.0,,,,,-100.0,28.0,,,,,,,,1,0,0,3570.0,0,0,0,1,0,0,0,0,0,0,1000.0,-11.518899,-11.518898963928223,9.29,9.29,8.702761,8.702760696411133,64.64597619047619,64.64597619047619,15.6,15.6,0.05433333333333334,0.05433333333333334
0.069,0.3,1.36,0.007,0.009,0.0,0.0,0.0,0.0005,0.0,0.0,0.0,0.0432,0.0037,0.005,0.0005,0.0005,0.0005,0.0,0.0,0.0,200.0,580.0,2.0,,,,,-78.0,100.0,,,,,,,,1,0,0,3570.0,0,0,0,1,0,0,0,0,0,0,1000.0,-11.518899,-11.518898963928223,9.29,9.29,8.702761,8.702760696411133,64.64597619047619,64.64597619047619,15.6,15.6,0.05433333333333334,0.05433333333333334
0.073,0.33,1.39,0.007,0.008,0.0,0.0,0.0,0.0005,0.0,0.0,0.0,0.0427,0.0039,0.0,0.002,0.0005,0.0005,0.0,0.0,0.0,200.0,250.0,14.0,475.0,536.0,33.4,80.7,,,,,,,,,,1,0,0,3570.0,0,0,0,1,0,0,0,0,0,0,1000.0,-11.086545,-11.08654499053955,14.7625,14.7625,9.668154,9.668153762817383,73.73761255411254,73.73761255411254,0.0,0.0,0.014333333333333333,0.014333333333333333
0.073,0.33,1.39,0.007,0.008,0.0,0.0,0.0,0.0005,0.0,0.0,0.0,0.0427,0.0039,0.0,0.002,0.0005,0.0005,0.0,0.0,0.0,200.0,0.0,0.0,,,,,-95.0,28.0,,,,,,,,1,0,0,3570.0,0,0,0,1,0,0,0,0,0,0,1000.0,-11.086545,-11.08654499053955,20.66416666666667,20.66416666666667,9.668154,9.668153762817383,72.41094588744586,72.41094588744586,0.0,0.0,0.014333333333333333,0.014333333333333333
0.073,0.33,1.39,0.007,0.008,0.0,0.0,0.0,0.0005,0.0,0.0,0.0,0.0427,0.0039,0.0,0.002,0.0005,0.0005,0.0,0.0,0.0,200.0,0.0,0.0,,,,,-70.0,100.0,,,,,,,,1,0,0,3570.0,0,0,0,1,0,0,0,0,0,0,1000.0,-11.086545,-11.08654499053955,20.66416666666667,20.66416666666667,9.668154,9.668153762817383,72.41094588744586,72.41094588744586,0.0,0.0,0.014333333333333333,0.014333333333333333
0.073,0.33,1.39,0.007,0.008,0.0,0.0,0.0,0.0005,0.0,0.0,0.0,0.0427,0.0039,0.0,0.002,0.0005,0.0005,0.0,0.0,0.0,200.0,580.0,2.0,387.0,493.0,32.5,80.7,,,,,,,,,,1,0,0,3570.0,0,0,0,1,0,0,0,0,0,0,1000.0,-11.347245,-11.347245216369629,8.81,8.81,9.668154,9.668153762817383,63.14121428571428,63.14121428571428,15.6,15.6,0.014333333333333333,0.014333333333333333
0.073,0.33,1.39,0.007,0.008,0.0,0.0,0.0,0.0005,0.0,0.0,0.0,0.0427,0.0039,0.0,0.002,0.0005,0.0005,0.0,0.0,0.0,200.0,580.0,2.0,,,,,-78.0,100.0,,,,,,,,1,0,0,3570.0,0,0,0,1,0,0,0,0,0,0,1000.0,-11.347245,-11.347245216369629,8.81,8.81,9.668154,9.668153762817383,63.14121428571428,63.14121428571428,15.6,15.6,0.014333333333333333,0.014333333333333333
0.078,0.32,1.39,0.007,0.009,0.0,0.0,0.0,0.0005,0.0,0.0,0.0,0.0436,0.0042,0.0,0.0044,0.0005,0.0005,0.0,0.0,0.0,200.0,250.0,14.0,478.0,541.0,30.4,78.9,,,,,,,,,,1,0,0,3570.0,0,0,0,1,0,0,0,0,0,0,1000.0,-11.09785,-11.09784984588623,15.2825,15.2825,9.823583,9.823582649230957,59.854850649350645,59.854850649350645,0.0,0.0,0.07433333333333333,0.07433333333333333
0.078,0.32,1.39,0.007,0.009,0.0,0.0,0.0,0.0005,0.0,0.0,0.0,0.0436,0.0042,0.0,0.0044,0.0005,0.0005,0.0,0.0,0.0,200.0,0.0,0.0,,,,,-88.0,28.0,,,,,,,,1,0,0,3570.0,0,0,0,1,0,0,0,0,0,0,1000.0,-11.09785,-11.09784984588623,20.91416666666667,20.91416666666667,9.644231,9.644230842590332,58.80318398268397,58.80318398268397,0.0,0.0,0.07433333333333333,0.07433333333333333
0.078,0.32,1.39,0.007,0.009,0.0,0.0,0.0,0.0005,0.0,0.0,0.0,0.0436,0.0042,0.0,0.0044,0.0005,0.0005,0.0,0.0,0.0,200.0,0.0,0.0,,,,,-60.0,100.0,,,,,,,,1,0,0,3570.0,0,0,0,1,0,0,0,0,0,0,1000.0,-11.09785,-11.09784984588623,20.91416666666667,20.91416666666667,9.644231,9.644230842590332,58.80318398268397,58.80318398268397,0.0,0.0,0.07433333333333333,0.07433333333333333
0.078,0.32,1.39,0.007,0.009,0.0,0.0,0.0,0.0005,0.0,0.0,0.0,0.0436,0.0042,0.0,0.0044,0.0005,0.0005,0.0,0.0,0.0,200.0,580.0,2.0,398.0,499.0,32.8,80.7,,,,,,,,,,1,0,0,3570.0,0,0,0,1,0,0,0,0,0,0,1000.0,-11.35855,-11.358550071716309,9.34,9.34,9.823583,9.823582649230957,52.80621428571428,52.80621428571428,15.6,15.6,0.07433333333333333,0.07433333333333333
0.078,0.32,1.39,0.007,0.009,0.0,0.0,0.0,0.0005,0.0,0.0,0.0,0.0436,0.0042,0.0,0.0044,0.0005,0.0005,0.0,0.0,0.0,200.0,580.0,2.0,,,,,-94.0,28.0,,,,,,,,1,0,0,3570.0,0,0,0,1,0,0,0,0,0,0,1000.0,-11.35855,-11.358550071716309,9.34,9.34,9.823583,9.823582649230957,52.80621428571428,52.80621428571428,15.6,15.6,0.07433333333333333,0.07433333333333333
0.078,0.32,1.39,0.007,0.009,0.0,0.0,0.0,0.0005,0.0,0.0,0.0,0.0436,0.0042,0.0,0.0044,0.0005,0.0005,0.0,0.0,0.0,200.0,580.0,2.0,,,,,-75.0,100.0,,,,,,,,1,0,0,3570.0,0,0,0,1,0,0,0,0,0,0,1000.0,-11.35855,-11.358550071716309,9.34,9.34,9.823583,9.823582649230957,52.80621428571428,52.80621428571428,15.6,15.6,0.07433333333333333,0.07433333333333333
0.08,0.33,1.41,0.006,0.009,0.0,0.0,0.0,0.0005,0.0,0.0,0.0,0.0432,0.0043,0.00475,0.0078,0.0005,0.0005,0.0,0.0,0.0,200.0,250.0,14.0,478.0,540.0,31.2,80.7,,,,,,,,,,1,0,0,3570.0,0,0,0,1,0,0,0,0,0,0,1000.0,-37.24794,-37.24794006347656,23.47666666666667,23.47666666666667,9.232241,9.232240676879883,63.6217316017316,63.6217316017316,0.0,0.0,0.034333333333333334,0.034333333333333334
0.08,0.33,1.41,0.006,0.009,0.0,0.0,0.0,0.0005,0.0,0.0,0.0,0.0432,0.0043,0.00475,0.0078,0.0005,0.0005,0.0,0.0,0.0,200.0,0.0,0.0,,,,,-77.0,28.0,,,,,,,,1,0,0,3570.0,0,0,0,1,0,0,0,0,0,0,1000.0,-37.24794,-37.24794006347656,23.736666666666668,23.736666666666668,9.232241,9.232240676879883,64.1217316017316,64.1217316017316,0.0,0.0,0.034333333333333334,0.034333333333333334
0.08,0.33,1.41,0.006,0.009,0.0,0.0,0.0,0.0005,0.0,0.0,0.0,0.0432,0.0043,0.00475,0.0078,0.0005,0.0005,0.0,0.0,0.0,200.0,0.0,0.0,,,,,-55.0,100.0,,,,,,,,1,0,0,3570.0,0,0,0,1,0,0,0,0,0,0,1000.0,-37.24794,-37.24794006347656,23.736666666666668,23.736666666666668,9.232241,9.232240676879883,64.1217316017316,64.1217316017316,0.0,0.0,0.034333333333333334,0.034333333333333334
0.08,0.33,1.41,0.006,0.009,0.0,0.0,0.0,0.0005,0.0,0.0,0.0,0.0432,0.0043,0.00475,0.0078,0.0005,0.0005,0.0,0.0,0.0,200.0,0.0,0.0,,,,,,,,,24.0,9.0,67.0,0.0,0.0,1,0,0,3570.0,0,0,0,1,0,0,0,0,0,0,1000.0,-37.24794,-37.24794006347656,23.736666666666668,24.0,9.232241,9.0,64.1217316017316,67.0,0.0,0.0,0.034333333333333334,0.0
0.08,0.33,1.41,0.006,0.009,0.0,0.0,0.0,0.0005,0.0,0.0,0.0,0.0432,0.0043,0.00475,0.0078,0.0005,0.0005,0.0,0.0,0.0,200.0,580.0,2.0,391.0,504.0,31.8,78.9,,,,,,,,,,1,0,0,3570.0,0,0,0,1,0,0,0,0,0,0,1000.0,-37.807514,-37.80751419067383,10.05,10.05,10.689283,10.68928337097168,60.91125,60.91125,15.6,15.6,0.034333333333333334,0.034333333333333334
0.08,0.33,1.41,0.006,0.009,0.0,0.0,0.0,0.0005,0.0,0.0,0.0,0.0432,0.0043,0.00475,0.0078,0.0005,0.0005,0.0,0.0,0.0,200.0,580.0,2.0,,,,,-89.0,28.0,,,,,,,,1,0,0,3570.0,0,0,0,1,0,0,0,0,0,0,1000.0,-37.807514,-37.80751419067383,10.05,10.05,10.689283,10.68928337097168,60.91125,60.91125,15.6,15.6,0.034333333333333334,0.034333333333333334
0.08,0.33,1.41,0.006,0.009,0.0,0.0,0.0,0.0005,0.0,0.0,0.0,0.0432,0.0043,0.00475,0.0078,0.0005,0.0005,0.0,0.0,0.0,200.0,580.0,2.0,,,,,-68.0,100.0,,,,,,,,1,0,0,3570.0,0,0,0,1,0,0,0,0,0,0,1000.0,-37.807514,-37.80751419067383,10.05,10.05,10.689283,10.68928337097168,60.91125,60.91125,15.6,15.6,0.034333333333333334,0.034333333333333334
0.08,0.37,1.42,0.006,0.009,0.0,0.0,0.0,0.0005,0.0,0.0,0.0,0.0439,0.0043,0.0,0.012,0.0005,0.0005,0.0,0.0,0.0,200.0,250.0,14.0,480.0,543.0,29.0,78.9,,,,,,,,,,1,0,0,3570.0,0,0,0,1,0,0,0,0,0,0,1000.0,-37.253918,-37.2539176940918,16.38,16.38,10.689283,10.68928337097168,53.79321969696969,53.79321969696969,0.0,0.0,0.034333333333333334,0.034333333333333334
0.08,0.37,1.42,0.006,0.009,0.0,0.0,0.0,0.0005,0.0,0.0,0.0,0.0439,0.0043,0.0,0.012,0.0005,0.0005,0.0,0.0,0.0,200.0,0.0,0.0,,,,,-86.0,28.0,,,,,,,,1,0,0,3570.0,0,0,0,1,0,0,0,0,0,0,1000.0,-37.253918,-37.2539176940918,22.72666666666667,22.72666666666667,10.509932,10.509931564331055,52.96821969696969,52.96821969696969,0.0,0.0,0.034333333333333334,0.034333333333333334
0.08,0.37,1.42,0.006,0.009,0.0,0.0,0.0,0.0005,0.0,0.0,0.0,0.0439,0.0043,0.0,0.012,0.0005,0.0005,0.0,0.0,0.0,200.0,0.0,0.0,,,,,-28.0,100.0,,,,,,,,1,0,0,3570.0,0,0,0,1,0,0,0,0,0,0,1000.0,-37.253918,-37.2539176940918,22.72666666666667,22.72666666666667,10.509932,10.509931564331055,52.96821969696969,52.96821969696969,0.0,0.0,0.034333333333333334,0.034333333333333334
0.08,0.37,1.42,0.006,0.009,0.0,0.0,0.0,0.0005,0.0,0.0,0.0,0.0439,0.0043,0.0,0.012,0.0005,0.0005,0.0,0.0,0.0,200.0,580.0,2.0,397.0,518.0,31.0,79.8,,,,,,,,,,1,0,0,3570.0,0,0,0,1,0,0,0,0,0,0,1000.0,-37.61929,-37.61928939819336,10.07,10.07,10.689283,10.68928337097168,50.07125,50.07125,15.6,15.6,0.034333333333333334,0.034333333333333334
0.08,0.37,1.42,0.006,0.009,0.0,0.0,0.0,0.0005,0.0,0.0,0.0,0.0439,0.0043,0.0,0.012,0.0005,0.0005,0.0,0.0,0.0,200.0,580.0,2.0,,,,,-91.0,28.0,,,,,,,,1,0,0,3570.0,0,0,0,1,0,0,0,0,0,0,1000.0,-37.61929,-37.61928939819336,10.07,10.07,10.689283,10.68928337097168,50.07125,50.07125,15.6,15.6,0.034333333333333334,0.034333333333333334
0.08,0.37,1.42,0.006,0.009,0.0,0.0,0.0,0.0005,0.0,0.0,0.0,0.0439,0.0043,0.0,0.012,0.0005,0.0005,0.0,0.0,0.0,200.0,580.0,2.0,,,,,-69.0,100.0,,,,,,,,1,0,0,3570.0,0,0,0,1,0,0,0,0,0,0,1000.0,-37.61929,-37.61928939819336,10.07,10.07,10.689283,10.68928337097168,50.07125,50.07125,15.6,15.6,0.034333333333333334,0.034333333333333334
0.076,0.37,1.36,0.005,0.009,0.0,0.0,0.0,0.0005,0.0,0.0,0.0,0.0422,0.0036,0.0039,0.019,0.0005,0.0005,0.0,0.0,0.0,200.0,250.0,14.0,485.0,549.0,31.4,79.8,,,,,,,,,,1,0,0,3570.0,0,0,0,1,0,0,0,0,0,0,1000.0,-37.343487,-37.34348678588867,15.33,15.33,7.080057,7.080057144165039,74.02116810966811,74.02116810966811,0.0,0.0,0.014333333333333333,0.014333333333333333
0.076,0.37,1.36,0.005,0.009,0.0,0.0,0.0,0.0005,0.0,0.0,0.0,0.0422,0.0036,0.0039,0.019,0.0005,0.0005,0.0,0.0,0.0,200.0,0.0,0.0,,,,,-86.0,28.0,,,,,,,,1,0,0,3570.0,0,0,0,1,0,0,0,0,0,0,1000.0,-37.343487,-37.34348678588867,20.23,20.23,7.080057,7.080057144165039,73.9511681096681,73.9511681096681,0.0,0.0,0.014333333333333333,0.014333333333333333
0.076,0.37,1.36,0.005,0.009,0.0,0.0,0.0,0.0005,0.0,0.0,0.0,0.0422,0.0036,0.0039,0.019,0.0005,0.0005,0.0,0.0,0.0,200.0,0.0,0.0,,,,,-58.0,100.0,,,,,,,,1,0,0,3570.0,0,0,0,1,0,0,0,0,0,0,1000.0,-37.343487,-37.34348678588867,20.23,20.23,7.080057,7.080057144165039,73.9511681096681,73.9511681096681,0.0,0.0,0.014333333333333333,0.014333333333333333
0.076,0.37,1.36,0.005,0.009,0.0,0.0,0.0,0.0005,0.0,0.0,0.0,0.0422,0.0036,0.0039,0.019,0.0005,0.0005,0.0,0.0,0.0,200.0,0.0,0.0,,,,,,,,,20.0,3.0,77.0,0.0,0.0,1,0,0,3570.0,0,0,0,1,0,0,0,0,0,0,1000.0,-37.343487,-37.34348678588867,20.23,20.0,7.080057,3.0,73.9511681096681,77.0,0.0,0.0,0.014333333333333333,0.0
0.076,0.37,1.36,0.005,0.009,0.0,0.0,0.0,0.0005,0.0,0.0,0.0,0.0422,0.0036,0.0039,0.019,0.0005,0.0005,0.0,0.0,0.0,200.0,580.0,2.0,403.0,519.0,29.1,78.9,,,,,,,,,,1,0,0,3570.0,0,0,0,1,0,0,0,0,0,0,1000.0,-37.90421,-37.90420913696289,10.01,10.01,7.080057,7.080057144165039,64.46976984126984,64.46976984126984,15.6,15.6,0.014333333333333333,0.014333333333333333
0.076,0.37,1.36,0.005,0.009,0.0,0.0,0.0,0.0005,0.0,0.0,0.0,0.0422,0.0036,0.0039,0.019,0.0005,0.0005,0.0,0.0,0.0,200.0,580.0,2.0,,,,,-92.0,28.0,,,,,,,,1,0,0,3570.0,0,0,0,1,0,0,0,0,0,0,1000.0,-37.90421,-37.90420913696289,10.01,10.01,7.080057,7.080057144165039,64.46976984126984,64.46976984126984,15.6,15.6,0.014333333333333333,0.014333333333333333
0.076,0.37,1.36,0.005,0.009,0.0,0.0,0.0,0.0005,0.0,0.0,0.0,0.0422,0.0036,0.0039,0.019,0.0005,0.0005,0.0,0.0,0.0,200.0,580.0,2.0,,,,,-74.0,100.0,,,,,,,,1,0,0,3570.0,0,0,0,1,0,0,0,0,0,0,1000.0,-37.90421,-37.90420913696289,10.01,10.01,7.080057,7.080057144165039,64.46976984126984,64.46976984126984,15.6,15.6,0.014333333333333333,0.014333333333333333
0.078,0.44,1.31,0.005,0.008,0.0,0.0,0.0,0.0005,0.0,0.0,0.0,0.0431,0.0036,0.0035,0.034,0.0005,0.0005,0.0,0.0,0.0,200.0,250.0,14.0,491.0,564.0,28.2,78.9,,,,,,,,,,1,0,0,3570.0,0,0,0,1,0,0,0,0,0,0,1000.0,-38.48978,-38.48978042602539,22.02333333333333,22.02333333333333,9.449175,9.449174880981445,67.68765476190475,67.68765476190475,0.0,0.0,0.024333333333333335,0.024333333333333335
0.078,0.44,1.31,0.005,0.008,0.0,0.0,0.0,0.0005,0.0,0.0,0.0,0.0431,0.0036,0.0035,0.034,0.0005,0.0005,0.0,0.0,0.0,200.0,0.0,0.0,,,,,-88.0,28.0,,,,,,,,1,0,0,3570.0,0,0,0,1,0,0,0,0,0,0,1000.0,-38.48978,-38.48978042602539,22.103333333333335,22.103333333333335,9.226962,9.226962089538574,68.53765476190476,68.53765476190476,0.0,0.0,0.024333333333333335,0.024333333333333335
0.078,0.44,1.31,0.005,0.008,0.0,0.0,0.0,0.0005,0.0,0.0,0.0,0.0431,0.0036,0.0035,0.034,0.0005,0.0005,0.0,0.0,0.0,200.0,0.0,0.0,,,,,-63.0,100.0,,,,,,,,1,0,0,3570.0,0,0,0,1,0,0,0,0,0,0,1000.0,-38.48978,-38.48978042602539,22.103333333333335,22.103333333333335,9.226962,9.226962089538574,68.53765476190476,68.53765476190476,0.0,0.0,0.024333333333333335,0.024333333333333335
0.078,0.44,1.31,0.005,0.008,0.0,0.0,0.0,0.0005,0.0,0.0,0.0,0.0431,0.0036,0.0035,0.034,0.0005,0.0005,0.0,0.0,0.0,200.0,0.0,0.0,,,,,,,,,21.0,7.0,72.0,0.0,0.0,1,0,0,3570.0,0,0,0,1,0,0,0,0,0,0,1000.0,-38.48978,-38.48978042602539,22.103333333333335,21.0,9.226962,7.0,68.53765476190476,72.0,0.0,0.0,0.024333333333333335,0.0
0.078,0.44,1.31,0.005,0.008,0.0,0.0,0.0,0.0005,0.0,0.0,0.0,0.0431,0.0036,0.0035,0.034,0.0005,0.0005,0.0,0.0,0.0,200.0,580.0,2.0,409.0,528.0,31.0,78.9,,,,,,,,,,1,0,0,3570.0,0,0,0,1,0,0,0,0,0,0,1000.0,-38.854973,-38.85497283935547,10.93,10.93,9.628527,9.62852668762207,62.13055555555556,62.13055555555556,15.6,15.6,0.024333333333333335,0.024333333333333335
0.078,0.44,1.31,0.005,0.008,0.0,0.0,0.0,0.0005,0.0,0.0,0.0,0.0431,0.0036,0.0035,0.034,0.0005,0.0005,0.0,0.0,0.0,200.0,580.0,2.0,,,,,-90.0,28.0,,,,,,,,1,0,0,3570.0,0,0,0,1,0,0,0,0,0,0,1000.0,-38.854973,-38.85497283935547,10.93,10.93,9.628527,9.62852668762207,62.13055555555556,62.13055555555556,15.6,15.6,0.024333333333333335,0.024333333333333335
0.078,0.44,1.31,0.005,0.008,0.0,0.0,0.0,0.0005,0.0,0.0,0.0,0.0431,0.0036,0.0035,0.034,0.0005,0.0005,0.0,0.0,0.0,200.0,580.0,2.0,,,,,-74.0,100.0,,,,,,,,1,0,0,3570.0,0,0,0,1,0,0,0,0,0,0,1000.0,-38.854973,-38.85497283935547,10.93,10.93,9.628527,9.62852668762207,62.13055555555556,62.13055555555556,15.6,15.6,0.024333333333333335,0.024333333333333335
0.076,0.51,1.3,0.005,0.008,0.0,0.0,0.0,0.0005,0.0,0.0,0.0,0.0423,0.0043,0.00335,0.049,0.0005,0.0005,0.0,0.0,0.0,200.0,250.0,14.0,485.0,560.0,25.2,78.9,,,,,,,,,,1,0,0,3570.0,0,0,0,1,0,0,0,0,0,0,1000.0,-38.48978,-38.48978042602539,21.153333333333336,21.153333333333336,16.434072,16.434072494506836,61.67250457875458,61.67250457875458,0.0,0.0,0.024333333333333335,0.024333333333333335
0.076,0.51,1.3,0.005,0.008,0.0,0.0,0.0,0.0005,0.0,0.0,0.0,0.0423,0.0043,0.00335,0.049,0.0005,0.0005,0.0,0.0,0.0,200.0,0.0,0.0,,,,,-90.0,28.0,,,,,,,,1,0,0,3570.0,0,0,0,1,0,0,0,0,0,0,1000.0,-38.48978,-38.48978042602539,20.923333333333336,20.923333333333336,16.434072,16.434072494506836,61.72250457875458,61.72250457875458,0.0,0.0,0.024333333333333335,0.024333333333333335
0.076,0.51,1.3,0.005,0.008,0.0,0.0,0.0,0.0005,0.0,0.0,0.0,0.0423,0.0043,0.00335,0.049,0.0005,0.0005,0.0,0.0,0.0,200.0,0.0,0.0,,,,,-55.0,100.0,,,,,,,,1,0,0,3570.0,0,0,0,1,0,0,0,0,0,0,1000.0,-38.48978,-38.48978042602539,20.923333333333336,20.923333333333336,16.434072,16.434072494506836,61.72250457875458,61.72250457875458,0.0,0.0,0.024333333333333335,0.024333333333333335
0.076,0.51,1.3,0.005,0.008,0.0,0.0,0.0,0.0005,0.0,0.0,0.0,0.0423,0.0043,0.00335,0.049,0.0005,0.0005,0.0,0.0,0.0,200.0,0.0,0.0,,,,,,,,,21.0,17.0,62.0,0.0,0.0,1,0,0,3570.0,0,0,0,1,0,0,0,0,0,0,1000.0,-38.48978,-38.48978042602539,20.923333333333336,21.0,16.434072,17.0,61.72250457875458,62.0,0.0,0.0,0.024333333333333335,0.0
0.076,0.51,1.3,0.005,0.008,0.0,0.0,0.0,0.0005,0.0,0.0,0.0,0.0423,0.0043,0.00335,0.049,0.0005,0.0005,0.0,0.0,0.0,200.0,580.0,2.0,417.0,528.0,29.0,78.9,,,,,,,,,,1,0,0,3570.0,0,0,0,1,0,0,0,0,0,0,1000.0,-38.85704,-38.85704040527344,11.01,11.01,16.434072,16.434072494506836,59.11,59.11,15.6,15.6,0.024333333333333335,0.024333333333333335
0.076,0.51,1.3,0.005,0.008,0.0,0.0,0.0,0.0005,0.0,0.0,0.0,0.0423,0.0043,0.00335,0.049,0.0005,0.0005,0.0,0.0,0.0,200.0,580.0,2.0,,,,,-84.0,28.0,,,,,,,,1,0,0,3570.0,0,0,0,1,0,0,0,0,0,0,1000.0,-38.85704,-38.85704040527344,11.01,11.01,16.434072,16.434072494506836,59.11,59.11,15.6,15.6,0.024333333333333335,0.024333333333333335
0.076,0.51,1.3,0.005,0.008,0.0,0.0,0.0,0.0005,0.0,0.0,0.0,0.0423,0.0043,0.00335,0.049,0.0005,0.0005,0.0,0.0,0.0,200.0,580.0,2.0,,,,,-69.0,100.0,,,,,,,,1,0,0,3570.0,0,0,0,1,0,0,0,0,0,0,1000.0,-38.85704,-38.85704040527344,11.01,11.01,16.434072,16.434072494506836,59.11,59.11,15.6,15.6,0.024333333333333335,0.024333333333333335
0.079,0.57,1.32,0.004,0.008,0.0,0.0,0.0,0.0005,0.0,0.0,0.0,0.0422,0.0038,0.0033,0.061,0.0005,0.0005,0.0,0.0,0.0,200.0,250.0,14.0,491.0,570.0,29.2,77.0,,,,,,,,,,1,0,0,3570.0,0,0,0,1,0,0,0,0,0,0,1000.0,-38.486736,-38.48673629760742,20.65,20.65,24.80488,24.804880142211914,55.6815,55.6815,0.0,0.0,1.032388888888889,1.032388888888889
0.079,0.57,1.32,0.004,0.008,0.0,0.0,0.0,0.0005,0.0,0.0,0.0,0.0422,0.0038,0.0033,0.061,0.0005,0.0005,0.0,0.0,0.0,200.0,0.0,0.0,,,,,-74.0,28.0,,,,,,,,1,0,0,3570.0,0,0,0,1,0,0,0,0,0,0,1000.0,-38.486736,-38.48673629760742,20.65,20.65,24.80488,24.804880142211914,55.6815,55.6815,0.0,0.0,1.032388888888889,1.032388888888889
0.079,0.57,1.32,0.004,0.008,0.0,0.0,0.0,0.0005,0.0,0.0,0.0,0.0422,0.0038,0.0033,0.061,0.0005,0.0005,0.0,0.0,0.0,200.0,0.0,0.0,,,,,-38.0,100.0,,,,,,,,1,0,0,3570.0,0,0,0,1,0,0,0,0,0,0,1000.0,-38.486736,-38.48673629760742,20.65,20.65,24.80488,24.804880142211914,55.6815,55.6815,0.0,0.0,1.032388888888889,1.032388888888889
0.079,0.57,1.32,0.004,0.008,0.0,0.0,0.0,0.0005,0.0,0.0,0.0,0.0422,0.0038,0.0033,0.061,0.0005,0.0005,0.0,0.0,0.0,200.0,0.0,0.0,,,,,,,,,19.0,26.0,55.0,0.0,0.0,1,0,0,3570.0,0,0,0,1,0,0,0,0,0,0,1000.0,-38.486736,-38.48673629760742,20.65,19.0,24.80488,26.0,55.6815,55.0,0.0,0.0,1.032388888888889,0.0
0.079,0.57,1.32,0.004,0.008,0.0,0.0,0.0,0.0005,0.0,0.0,0.0,0.0422,0.0038,0.0033,0.061,0.0005,0.0005,0.0,0.0,0.0,200.0,580.0,2.0,443.0,550.0,29.4,76.0,,,,,,,,,,1,0,0,3570.0,0,0,0,1,0,0,0,0,0,0,1000.0,-38.853996,-38.85399627685547,11.19,11.19,24.54254,24.542539596557617,55.32,55.32,15.6,15.6,0.024333333333333335,0.024333333333333335
0.079,0.57,1.32,0.004,0.008,0.0,0.0,0.0,0.0005,0.0,0.0,0.0,0.0422,0.0038,0.0033,0.061,0.0005,0.0005,0.0,0.0,0.0,200.0,580.0,2.0,,,,,-88.0,28.0,,,,,,,,1,0,0,3570.0,0,0,0,1,0,0,0,0,0,0,1000.0,-38.853996,-38.85399627685547,11.19,11.19,24.54254,24.542539596557617,55.32,55.32,15.6,15.6,0.024333333333333335,0.024333333333333335
0.079,0.57,1.32,0.004,0.008,0.0,0.0,0.0,0.0005,0.0,0.0,0.0,0.0422,0.0038,0.0033,0.061,0.0005,0.0005,0.0,0.0,0.0,200.0,580.0,2.0,,,,,-52.0,100.0,,,,,,,,1,0,0,3570.0,0,0,0,1,0,0,0,0,0,0,1000.0,-38.853996,-38.85399627685547,11.19,11.19,24.54254,24.542539596557617,55.32,55.32,15.6,15.6,0.024333333333333335,0.024333333333333335
0.073,0.35,0.64,0.005,0.004,0.0,0.0,0.0,0.0003,0.0,0.0,0.0,0.0428,0.0038,0.0077,0.0005,0.0005,0.0005,0.0,0.0,0.0,200.0,250.0,14.0,402.0,494.0,33.3,77.5,,,,,,,,,,1,0,0,3570.0,0,0,0,1,0,0,0,0,0,0,1000.0,-14.71336,-14.713359832763672,43.95,43.95,31.851059,31.851058959960938,26.38,26.38,0.0,0.0,0.132,0.132
0.073,0.35,0.64,0.005,0.004,0.0,0.0,0.0,0.0003,0.0,0.0,0.0,0.0428,0.0038,0.0077,0.0005,0.0005,0.0005,0.0,0.0,0.0,200.0,0.0,0.0,,,,,-45.0,100.0,,,48.0,26.0,26.0,0.0,0.0,1,0,0,3570.0,0,0,0,1,0,0,0,0,0,0,1000.0,-14.71336,-14.713359832763672,43.95,48.0,28.065994,26.0,26.38,26.0,0.0,0.0,0.132,0.0
0.073,0.35,0.64,0.005,0.004,0.0,0.0,0.0,0.0003,0.0,0.0,0.0,0.0428,0.0038,0.0077,0.0005,0.0005,0.0005,0.0,0.0,0.0,200.0,580.0,2.0,329.0,447.0,36.4,80.5,-54.0,100.0,,,,,,,,1,0,0,3570.0,0,0,0,1,0,0,0,0,0,0,1000.0,-14.71336,-14.713359832763672,32.73833333333334,32.73833333333334,28.588102,28.588102340698242,28.41,28.41,0.0,0.0,0.10815079365079365,0.10815079365079365
0.071,0.36,0.63,0.007,0.006,0.0,0.0,0.0,0.021,0.0,0.0,0.0,0.0435,0.0043,0.0078,0.0005,0.0005,0.0005,0.0,0.0,0.0,200.0,250.0,14.0,436.0,513.0,29.2,77.0,,,,,,,,,,1,0,0,3570.0,0,0,0,1,0,0,0,0,0,0,1000.0,1.754782,1.75478196144104,41.04083333333333,41.04083333333333,17.713522,17.71352195739746,35.68,35.68,0.0,0.0,0.14,0.14
0.071,0.36,0.63,0.007,0.006,0.0,0.0,0.0,0.021,0.0,0.0,0.0,0.0435,0.0043,0.0078,0.0005,0.0005,0.0005,0.0,0.0,0.0,200.0,0.0,0.0,,,,,-43.0,100.0,,,45.0,14.0,41.0,,,1,0,0,3570.0,0,0,0,1,0,0,0,0,0,0,1000.0,1.754782,1.75478196144104,37.60333333333333,45.0,14.7251835,14.0,36.70666666666666,41.0,0.0,0.0,0.155,0.155
0.071,0.36,0.63,0.007,0.006,0.0,0.0,0.0,0.021,0.0,0.0,0.0,0.0435,0.0043,0.0078,0.0005,0.0005,0.0005,0.0,0.0,0.0,200.0,580.0,2.0,398.0,481.0,30.8,76.0,-47.0,100.0,,,,,,,,1,0,0,3570.0,0,0,0,1,0,0,0,0,0,0,1000.0,1.754782,1.75478196144104,32.18,32.18,14.629914,14.629914283752441,37.63,37.63,0.0,0.0,0.21215079365079365,0.21215079365079365
0.071,0.4,0.64,0.008,0.006,0.0,0.0,0.0,0.0435,0.0,0.0,0.0,0.0411,0.0036,0.0088,0.0005,0.0005,0.0005,0.0,0.0,0.0,200.0,250.0,14.0,478.0,546.0,28.2,78.0,,,,,,,,,,1,0,0,3570.0,0,0,0,1,0,0,0,0,0,0,1000.0,-4.111079,-4.111079216003418,37.6525,37.6525,10.03176,10.031760215759277,49.11,49.11,0.0,0.0,0.2821190476190476,0.2821190476190476
0.071,0.4,0.64,0.008,0.006,0.0,0.0,0.0,0.0435,0.0,0.0,0.0,0.0411,0.0036,0.0088,0.0005,0.0005,0.0005,0.0,0.0,0.0,200.0,0.0,0.0,,,,,-43.0,100.0,,,41.0,7.0,52.0,0.0,0.0,1,0,0,3570.0,0,0,0,1,0,0,0,0,0,0,1000.0,-4.111079,-4.111079216003418,35.255,41.0,7.0126066,7.0,49.79,52.0,0.0,0.0,0.1371190476190476,0.0
0.071,0.4,0.64,0.008,0.006,0.0,0.0,0.0,0.0435,0.0,0.0,0.0,0.0411,0.0036,0.0088,0.0005,0.0005,0.0005,0.0,0.0,0.0,200.0,580.0,2.0,446.0,526.0,,76.0,-30.0,100.0,,,,,,,,1,0,0,3570.0,0,0,0,1,0,0,0,0,0,0,1000.0,-4.111079,-4.111079216003418,31.115,31.115,6.7379866,6.7379865646362305,50.13,50.13,0.0,0.0,0.20260317460317462,0.20260317460317462
0.074,0.36,0.63,0.008,0.005,0.0,0.0,0.0,0.06,0.0,0.0,0.0,0.0432,0.0031,0.0075,0.0005,0.0005,0.0005,0.0,0.0,0.0,200.0,250.0,14.0,488.0,548.0,25.6,77.5,,,,,,,,,,1,0,0,3570.0,0,0,0,1,0,0,0,0,0,0,1000.0,2.0146625,2.014662504196167,36.71,36.71,10.921585,10.921585083007812,49.59,49.59,0.0,0.0,0.7678928571428572,0.7678928571428572
0.074,0.36,0.63,0.008,0.005,0.0,0.0,0.0,0.06,0.0,0.0,0.0,0.0432,0.0031,0.0075,0.0005,0.0005,0.0005,0.0,0.0,0.0,200.0,0.0,0.0,,,,,-42.0,100.0,,,35.0,6.0,59.0,0.0,0.0,1,0,0,3570.0,0,0,0,1,0,0,0,0,0,0,1000.0,2.0146625,2.014662504196167,35.31166666666667,35.0,7.5477195,6.0,50.13,59.0,0.0,0.0,0.7678928571428572,0.0
0.074,0.36,0.63,0.008,0.005,0.0,0.0,0.0,0.06,0.0,0.0,0.0,0.0432,0.0031,0.0075,0.0005,0.0005,0.0005,0.0,0.0,0.0,200.0,580.0,2.0,458.0,547.0,25.6,76.0,-28.0,100.0,,,,,,,,1,0,0,3570.0,0,0,0,1,0,0,0,0,0,0,1000.0,2.0146625,2.014662504196167,30.325,30.325,7.7372165,7.737216472625732,50.23,50.23,0.0,0.0,0.2725793650793651,0.2725793650793651
0.072,0.36,0.64,0.008,0.006,0.0,0.0,0.0,0.0815,0.0,0.0,0.0,0.0436,0.0034,0.0084,0.0005,0.0005,0.0005,0.0,0.0,0.0,200.0,250.0,14.0,490.0,563.0,25.2,77.0,,,,,,,,,,1,0,0,3570.0,0,0,0,1,0,0,0,0,0,0,1000.0,2.0146625,2.014662504196167,36.55166666666666,36.55166666666666,8.99707,8.9970703125,52.4,52.4,0.0,0.0,0.09545238095238094,0.09545238095238094
0.072,0.36,0.64,0.008,0.006,0.0,0.0,0.0,0.0815,0.0,0.0,0.0,0.0436,0.0034,0.0084,0.0005,0.0005,0.0005,0.0,0.0,0.0,200.0,0.0,0.0,,,,,-40.0,100.0,,,34.0,6.0,60.0,0.0,0.0,1,0,0,3570.0,0,0,0,1,0,0,0,0,0,0,1000.0,2.0146625,2.014662504196167,35.01333333333333,34.0,5.6232076,6.0,52.98,60.0,0.0,0.0,0.09545238095238094,0.0
0.072,0.36,0.64,0.008,0.006,0.0,0.0,0.0,0.0815,0.0,0.0,0.0,0.0436,0.0034,0.0084,0.0005,0.0005,0.0005,0.0,0.0,0.0,200.0,580.0,2.0,483.0,576.0,25.2,76.0,-22.0,100.0,,,,,,,,1,0,0,3570.0,0,0,0,1,0,0,0,0,0,0,1000.0,2.0146625,2.014662504196167,29.64,29.64,5.6333528,5.633352756500244,52.77,52.77,0.0,0.0,0.17593650793650795,0.17593650793650795
0.077,0.35,1.02,0.007,0.005,0.0,0.0,0.0,0.0004,0.0,0.0,0.0,0.0399,0.0041,0.0075,0.0005,0.0005,0.0005,0.0,0.0,0.0,200.0,250.0,14.0,443.0,522.0,31.1,77.0,,,,,,,,,,1,0,0,3570.0,0,0,0,1,0,0,0,0,0,0,1000.0,-4.8367467,-4.836746692657471,17.659166666666668,17.659166666666668,39.997215,39.997215270996094,30.63,30.63,0.0,0.0,0.3452308802308802,0.3452308802308802
0.077,0.35,1.02,0.007,0.005,0.0,0.0,0.0,0.0004,0.0,0.0,0.0,0.0399,0.0041,0.0075,0.0005,0.0005,0.0005,0.0,0.0,0.0,200.0,0.0,0.0,,,,,-60.0,100.0,,,,,,,,1,0,0,3570.0,0,0,0,1,0,0,0,0,0,0,1000.0,-4.8367467,-4.836746692657471,17.585833333333333,17.585833333333333,42.342785,42.3427848815918,29.44,29.44,0.0,0.0,0.5337824675324676,0.5337824675324676
0.077,0.35,1.02,0.007,0.005,0.0,0.0,0.0,0.0004,0.0,0.0,0.0,0.0399,0.0041,0.0075,0.0005,0.0005,0.0005,0.0,0.0,0.0,200.0,580.0,2.0,332.0,461.0,33.3,80.3,-80.0,100.0,,,,,,,,1,0,0,3570.0,0,0,0,1,0,0,0,0,0,0,1000.0,-4.8367467,-4.836746692657471,16.935833333333335,16.935833333333335,40.97978,40.97977828979492,31.91,31.91,0.0,0.0,0.3452308802308802,0.3452308802308802
0.076,0.34,1.01,0.007,0.007,0.0,0.0,0.0,0.0215,0.0,0.0,0.0,0.0426,0.0037,0.0075,0.0005,0.0005,0.0005,0.0,0.0,0.0,200.0,250.0,14.0,456.0,534.0,25.0,79.6,,,,,,,,,,1,0,0,3570.0,0,0,0,1,0,0,0,0,0,0,1000.0,-4.8367467,-4.836746692657471,24.308333333333334,24.308333333333334,25.834637,25.834636688232422,30.77,30.77,0.0,0.0,0.7746984126984127,0.7746984126984127
0.076,0.34,1.01,0.007,0.007,0.0,0.0,0.0,0.0215,0.0,0.0,0.0,0.0426,0.0037,0.0075,0.0005,0.0005,0.0005,0.0,0.0,0.0,200.0,0.0,0.0,,,,,-69.0,100.0,,,,,,,,1,0,0,3570.0,0,0,0,1,0,0,0,0,0,0,1000.0,-4.8367467,-4.836746692657471,20.89,20.89,23.903868,23.903867721557617,30.386666666666667,30.386666666666667,0.0,0.0,0.5295555555555556,0.5295555555555556
0.076,0.34,1.01,0.007,0.007,0.0,0.0,0.0,0.0215,0.0,0.0,0.0,0.0426,0.0037,0.0075,0.0005,0.0005,0.0005,0.0,0.0,0.0,200.0,580.0,2.0,434.0,515.0,29.8,78.9,-67.0,100.0,,,,,,,,1,0,0,3570.0,0,0,0,1,0,0,0,0,0,0,1000.0,-4.8367467,-4.836746692657471,20.298333333333336,20.298333333333336,21.986532,21.98653221130371,32.83,32.83,0.0,0.0,0.2499126984126984,0.2499126984126984
0.078,0.31,1.04,0.007,0.006,0.0,0.0,0.0,0.044,0.0,0.0,0.0,0.0429,0.0032,0.0048,0.0005,0.0005,0.0005,0.0,0.0,0.0,200.0,250.0,14.0,505.0,570.0,24.8,77.4,,,,,,,,,,1,0,0,3570.0,0,0,0,1,0,0,0,0,0,0,1000.0,-4.8367467,-4.836746692657471,26.703333333333333,26.703333333333333,22.330593,22.33059310913086,42.79333333333333,42.79333333333333,0.0,0.0,0.8632261904761904,0.8632261904761904
0.078,0.31,1.04,0.007,0.006,0.0,0.0,0.0,0.044,0.0,0.0,0.0,0.0429,0.0032,0.0048,0.0005,0.0005,0.0005,0.0,0.0,0.0,200.0,0.0,0.0,,,,,-63.0,100.0,,,,,,,,1,0,0,3570.0,0,0,0,1,0,0,0,0,0,0,1000.0,-4.8367467,-4.836746692657471,23.92,23.92,19.49107,19.491069793701172,41.88333333333333,41.88333333333333,0.0,0.0,0.6500833333333333,0.6500833333333333
0.078,0.31,1.04,0.007,0.006,0.0,0.0,0.0,0.044,0.0,0.0,0.0,0.0429,0.0032,0.0048,0.0005,0.0005,0.0005,0.0,0.0,0.0,200.0,580.0,2.0,478.0,554.0,27.2,78.0,-51.0,100.0,,,,,,,,1,0,0,3570.0,0,0,0,1,0,0,0,0,0,0,1000.0,-5.2910123,-5.291012287139893,10.255,10.255,19.146229,19.146228790283203,43.43,43.43,15.6,15.6,0.38191269841269837,0.38191269841269837
0.076,0.33,1.04,0.007,0.006,0.0,0.0,0.0,0.061,0.0,0.0,0.0,0.0429,0.0031,0.007,0.0005,0.0005,0.0005,0.0,0.0,0.0,200.0,250.0,14.0,509.0,576.0,25.6,77.4,,,,,,,,,,1,0,0,3570.0,0,0,0,1,0,0,0,0,0,0,1000.0,-4.8367467,-4.836746692657471,26.663333333333334,26.663333333333334,22.023472,22.02347183227539,43.81333333333334,43.81333333333334,0.0,0.0,0.7732261904761906,0.7732261904761906
0.076,0.33,1.04,0.007,0.006,0.0,0.0,0.0,0.061,0.0,0.0,0.0,0.0429,0.0031,0.007,0.0005,0.0005,0.0005,0.0,0.0,0.0,200.0,0.0,0.0,,,,,-59.0,100.0,,,,,,,,1,0,0,3570.0,0,0,0,1,0,0,0,0,0,0,1000.0,-4.8367467,-4.836746692657471,23.58,23.58,19.183949,19.183948516845703,43.07333333333333,43.07333333333333,0.0,0.0,0.5712261904761905,0.5712261904761905
0.076,0.33,1.04,0.007,0.006,0.0,0.0,0.0,0.061,0.0,0.0,0.0,0.0429,0.0031,0.007,0.0005,0.0005,0.0005,0.0,0.0,0.0,200.0,580.0,2.0,493.0,569.0,27.0,77.0,-44.0,100.0,,,,,,,,1,0,0,3570.0,0,0,0,1,0,0,0,0,0,0,1000.0,-4.8367467,-4.836746692657471,10.095,10.095,18.839108,18.839107513427734,43.82,43.82,15.6,15.6,0.2719126984126984,0.2719126984126984
0.077,0.32,1.05,0.008,0.006,0.0,0.0,0.0,0.085,0.0,0.0,0.0,0.04,0.0034,0.0072,0.0005,0.0005,0.0005,0.0,0.0,0.0,200.0,250.0,14.0,538.0,592.0,25.2,74.0,,,,,,,,,,1,0,0,3570.0,0,0,0,1,0,0,0,0,0,0,1000.0,-4.8367467,-4.836746692657471,20.49666666666667,20.49666666666667,20.97279,20.972789764404297,46.71333333333334,46.71333333333334,0.0,0.0,1.0634166666666665,1.0634166666666665
0.077,0.32,1.05,0.008,0.006,0.0,0.0,0.0,0.085,0.0,0.0,0.0,0.04,0.0034,0.0072,0.0005,0.0005,0.0005,0.0,0.0,0.0,200.0,0.0,0.0,,,,,-60.0,100.0,,,,,,,,1,0,0,3570.0,0,0,0,1,0,0,0,0,0,0,1000.0,-4.8367467,-4.836746692657471,18.473333333333336,18.473333333333336,18.647758,18.64775848388672,46.86333333333334,46.86333333333334,0.0,0.0,0.8502738095238097,0.8502738095238097
0.077,0.32,1.05,0.008,0.006,0.0,0.0,0.0,0.085,0.0,0.0,0.0,0.04,0.0034,0.0072,0.0005,0.0005,0.0005,0.0,0.0,0.0,200.0,580.0,2.0,538.0,609.0,25.4,75.0,-40.0,100.0,,,,,,,,1,0,0,3570.0,0,0,0,1,0,0,0,0,0,0,1000.0,-4.8367467,-4.836746692657471,17.87666666666667,17.87666666666667,17.679018,17.679018020629883,48.2225,48.2225,0.0,0.0,0.6618650793650795,0.6618650793650795
0.077,0.31,1.33,0.007,0.005,0.0,0.0,0.0,0.0004,0.0,0.0,0.0,0.0419,0.0038,0.008,0.0005,0.0005,0.0006,0.0,0.0,0.0,200.0,250.0,14.0,463.0,541.0,27.1,75.9,,,,,,,,,,1,0,0,3570.0,0,0,0,1,0,0,0,0,0,0,1000.0,-11.07098,-11.070980072021484,22.497000000000003,22.497000000000003,10.823526,10.823526382446289,65.54871237096236,65.54871237096236,0.0,0.0,0.037000000000000005,0.037000000000000005
0.077,0.31,1.33,0.007,0.005,0.0,0.0,0.0,0.0004,0.0,0.0,0.0,0.0419,0.0038,0.008,0.0005,0.0005,0.0006,0.0,0.0,0.0,200.0,0.0,0.0,,,,,-68.0,100.0,,,22.0,17.0,61.0,0.0,0.0,1,0,0,3570.0,0,0,0,1,0,0,0,0,0,0,1000.0,-11.07098,-11.070980072021484,22.418666666666667,22.0,10.823526,17.0,66.34671237096236,61.0,0.0,0.0,0.037000000000000005,0.0
0.077,0.31,1.33,0.007,0.005,0.0,0.0,0.0,0.0004,0.0,0.0,0.0,0.0419,0.0038,0.008,0.0005,0.0005,0.0006,0.0,0.0,0.0,200.0,580.0,2.0,372.0,497.0,31.4,76.4,-81.0,100.0,,,,,,,,1,0,0,3570.0,0,0,0,1,0,0,0,0,0,0,1000.0,-11.525247,-11.525246620178223,9.479999999999999,9.479999999999999,11.806089,11.806089401245117,62.507797619047615,62.507797619047615,15.6,15.6,0.037000000000000005,0.037000000000000005
0.072,0.33,1.22,0.008,0.006,0.0,0.0,0.0,0.019,0.0,0.0,0.0,0.0447,0.0029,0.0085,0.0005,0.0005,0.0005,0.0,0.0,0.0,200.0,250.0,14.0,486.0,545.0,29.6,78.2,,,,,,,,,,1,0,0,3570.0,0,0,0,1,0,0,0,0,0,0,1000.0,-4.826941,-4.826941013336182,22.9,22.9,45.452694,45.452693939208984,38.12533333333333,38.12533333333333,0.0,0.0,0.05561904761904762,0.05561904761904762
0.072,0.33,1.22,0.008,0.006,0.0,0.0,0.0,0.019,0.0,0.0,0.0,0.0447,0.0029,0.0085,0.0005,0.0005,0.0005,0.0,0.0,0.0,200.0,0.0,0.0,,,,,-66.0,100.0,,,25.0,3.0,72.0,0.0,0.0,1,0,0,3570.0,0,0,0,1,0,0,0,0,0,0,1000.0,-4.826941,-4.826941013336182,23.18,25.0,48.172974,3.0,35.74333333333333,72.0,0.0,0.0,0.04128571428571428,0.0
0.072,0.33,1.22,0.008,0.006,0.0,0.0,0.0,0.019,0.0,0.0,0.0,0.0447,0.0029,0.0085,0.0005,0.0005,0.0005,0.0,0.0,0.0,200.0,580.0,2.0,455.0,533.0,28.4,77.9,-67.0,100.0,,,,,,,,1,0,0,3570.0,0,0,0,1,0,0,0,0,0,0,1000.0,-4.826941,-4.826941013336182,9.28,9.28,46.98932,46.98931884765625,36.35,36.35,15.6,15.6,0.05561904761904762,0.05561904761904762
0.077,0.26,1.36,0.007,0.007,0.0,0.0,0.0,0.0425,0.0,0.0,0.0,0.041,0.0029,0.0079,0.0005,0.0005,0.0005,0.0,0.0,0.0,200.0,250.0,14.0,536.0,590.0,24.4,78.1,,,,,,,,,,1,0,0,3570.0,0,0,0,1,0,0,0,0,0,0,1000.0,-12.108663,-12.108662605285645,20.90416666666667,20.90416666666667,3.9840968,3.9840967655181885,74.11866666666666,74.11866666666666,0.0,0.0,0.09433333333333334,0.09433333333333334
0.077,0.26,1.36,0.007,0.007,0.0,0.0,0.0,0.0425,0.0,0.0,0.0,0.041,0.0029,0.0079,0.0005,0.0005,0.0005,0.0,0.0,0.0,200.0,0.0,0.0,,,,,-70.0,100.0,,,22.0,5.0,73.0,0.0,0.0,1,0,0,3570.0,0,0,0,1,0,0,0,0,0,0,1000.0,-12.108663,-12.108662605285645,20.6225,22.0,4.2701464,5.0,73.64666666666666,73.0,0.0,0.0,0.14766666666666667,0.0
0.077,0.26,1.36,0.007,0.007,0.0,0.0,0.0,0.0425,0.0,0.0,0.0,0.041,0.0029,0.0079,0.0005,0.0005,0.0005,0.0,0.0,0.0,200.0,580.0,2.0,526.0,594.0,26.0,76.0,-62.0,100.0,,,,,,,,1,0,0,3570.0,0,0,0,1,0,0,0,0,0,0,1000.0,-12.108663,-12.108662605285645,8.53,8.53,6.1585836,6.158583641052246,65.9477619047619,65.9477619047619,15.6,15.6,0.09433333333333334,0.09433333333333334
0.078,0.3,1.35,0.007,0.007,0.0,0.0,0.0,0.0595,0.0,0.0,0.0,0.0405,0.003,0.0076,0.0005,0.0005,0.0005,0.0,0.0,0.0,200.0,250.0,14.0,521.0,589.0,22.6,76.0,,,,,,,,,,1,0,0,3570.0,0,0,0,1,0,0,0,0,0,0,1000.0,-11.075269,-11.075268745422363,20.36916666666667,20.36916666666667,4.9403143,4.940314292907715,73.31279761904761,73.31279761904761,0.0,0.0,0.09766666666666665,0.09766666666666665
0.078,0.3,1.35,0.007,0.007,0.0,0.0,0.0,0.0595,0.0,0.0,0.0,0.0405,0.003,0.0076,0.0005,0.0005,0.0005,0.0,0.0,0.0,200.0,0.0,0.0,,,,,-70.0,100.0,,,19.0,4.0,77.0,0.0,0.0,1,0,0,3570.0,0,0,0,1,0,0,0,0,0,0,1000.0,-11.075269,-11.075268745422363,20.0225,19.0,4.9403143,4.0,73.85279761904762,77.0,0.0,0.0,0.09766666666666665,0.0
0.078,0.3,1.35,0.007,0.007,0.0,0.0,0.0,0.0595,0.0,0.0,0.0,0.0405,0.003,0.0076,0.0005,0.0005,0.0005,0.0,0.0,0.0,200.0,580.0,2.0,527.0,600.0,26.0,75.0,-60.0,100.0,,,,,,,,1,0,0,3570.0,0,0,0,1,0,0,0,0,0,0,1000.0,-11.529534,-11.529534339904785,8.48,8.48,7.3370147,7.337014675140381,65.18889285714286,65.18889285714286,15.6,15.6,0.09766666666666665,0.09766666666666665
0.076,0.26,1.36,0.007,0.006,0.0,0.0,0.0,0.1005,0.0,0.0,0.0,0.0407,0.0029,0.0083,0.0005,0.0005,0.0005,0.0,0.0,0.0,200.0,250.0,14.0,599.0,638.0,20.8,74.0,,,,,,,,,,1,0,0,3570.0,0,0,0,1,0,0,0,0,0,0,1000.0,-12.108663,-12.108662605285645,16.798333333333336,16.798333333333336,3.6093874,3.6093873977661133,79.04485714285714,79.04485714285714,0.0,0.0,0.09016666666666667,0.09016666666666667
0.076,0.26,1.36,0.007,0.006,0.0,0.0,0.0,0.1005,0.0,0.0,0.0,0.0407,0.0029,0.0083,0.0005,0.0005,0.0005,0.0,0.0,0.0,200.0,0.0,0.0,,,,,-55.0,100.0,,,12.0,3.0,85.0,0.0,0.0,1,0,0,3570.0,0,0,0,1,0,0,0,0,0,0,1000.0,-12.108663,-12.108662605285645,16.171666666666667,12.0,3.6093874,3.0,80.12285714285714,85.0,0.0,0.0,0.09016666666666667,0.0
0.076,0.26,1.36,0.007,0.006,0.0,0.0,0.0,0.1005,0.0,0.0,0.0,0.0407,0.0029,0.0083,0.0005,0.0005,0.0005,0.0,0.0,0.0,200.0,580.0,2.0,574.0,642.0,22.6,73.0,-36.0,100.0,,,,,,,,1,0,0,3570.0,0,0,0,1,0,0,0,0,0,0,1000.0,-12.108663,-12.108662605285645,8.031666666666666,8.031666666666666,6.1585836,6.158583641052246,69.87,69.87,15.6,15.6,0.09016666666666667,0.09016666666666667
0.076,0.29,1.74,0.008,0.006,0.0,0.0,0.0,0.0004,0.0,0.0,0.0,0.0415,0.0035,0.0092,0.0005,0.0005,0.0006,0.0,0.0,0.0,200.0,250.0,14.0,500.0,571.0,28.8,77.0,,,,,,,,,,1,0,0,3570.0,0,0,0,1,0,0,0,0,0,0,1000.0,-11.075269,-11.075268745422363,11.17,11.17,9.658494,9.658493995666504,72.94123809523809,72.94123809523809,0.0,0.0,0.4195873015873016,0.4195873015873016
0.076,0.29,1.74,0.008,0.006,0.0,0.0,0.0,0.0004,0.0,0.0,0.0,0.0415,0.0035,0.0092,0.0005,0.0005,0.0006,0.0,0.0,0.0,200.0,0.0,0.0,,,,,-62.0,100.0,,,,,,,,1,0,0,3570.0,0,0,0,1,0,0,0,0,0,0,1000.0,-11.075269,-11.075268745422363,10.46,10.46,9.658494,9.658493995666504,72.94123809523809,72.94123809523809,0.0,0.0,0.4195873015873016,0.4195873015873016
0.076,0.29,1.74,0.008,0.006,0.0,0.0,0.0,0.0004,0.0,0.0,0.0,0.0415,0.0035,0.0092,0.0005,0.0005,0.0006,0.0,0.0,0.0,200.0,580.0,2.0,414.0,518.0,29.2,78.4,-71.0,100.0,,,,,,,,1,0,0,3570.0,0,0,0,1,0,0,0,0,0,0,1000.0,-11.075269,-11.075268745422363,8.73,8.73,9.658494,9.658493995666504,63.74964285714286,63.74964285714286,15.6,15.6,0.4195873015873016,0.4195873015873016
0.077,0.26,1.73,0.007,0.008,0.0,0.0,0.0,0.0235,0.0,0.0,0.0,0.0423,0.0027,0.0072,0.0005,0.0005,0.0005,0.0,0.0,0.0,200.0,250.0,14.0,543.0,607.0,23.2,77.0,,,,,,,,,,1,0,0,3570.0,0,0,0,1,0,0,0,0,0,0,1000.0,-12.108663,-12.108662605285645,11.4,11.4,9.858079,9.858078956604004,74.39375,74.39375,0.0,0.0,0.14433333333333334,0.14433333333333334
0.077,0.26,1.73,0.007,0.008,0.0,0.0,0.0,0.0235,0.0,0.0,0.0,0.0423,0.0027,0.0072,0.0005,0.0005,0.0005,0.0,0.0,0.0,200.0,0.0,0.0,,,,,-62.0,100.0,,,,,,,,1,0,0,3570.0,0,0,0,1,0,0,0,0,0,0,1000.0,-12.108663,-12.108662605285645,11.4,11.4,9.858079,9.858078956604004,74.39375,74.39375,0.0,0.0,0.14433333333333334,0.14433333333333334
0.077,0.26,1.73,0.007,0.008,0.0,0.0,0.0,0.0235,0.0,0.0,0.0,0.0423,0.0027,0.0072,0.0005,0.0005,0.0005,0.0,0.0,0.0,200.0,580.0,2.0,523.0,602.0,25.6,75.0,-59.0,100.0,,,,,,,,1,0,0,3570.0,0,0,0,1,0,0,0,0,0,0,1000.0,-12.108663,-12.108662605285645,8.67,8.67,9.858079,9.858078956604004,64.71946428571428,64.71946428571428,15.6,15.6,0.14433333333333334,0.14433333333333334
0.077,0.26,1.72,0.007,0.008,0.0,0.0,0.0,0.041,0.0,0.0,0.0,0.0423,0.0025,0.0074,0.0005,0.0005,0.0005,0.0,0.0,0.0,200.0,250.0,14.0,578.0,617.0,21.8,75.0,,,,,,,,,,1,0,0,3570.0,0,0,0,1,0,0,0,0,0,0,1000.0,-12.108663,-12.108662605285645,11.51,11.51,9.858079,9.858078956604004,74.64375,74.64375,0.0,0.0,0.14433333333333334,0.14433333333333334
0.077,0.26,1.72,0.007,0.008,0.0,0.0,0.0,0.041,0.0,0.0,0.0,0.0423,0.0025,0.0074,0.0005,0.0005,0.0005,0.0,0.0,0.0,200.0,0.0,0.0,,,,,-67.0,100.0,,,,,,,,1,0,0,3570.0,0,0,0,1,0,0,0,0,0,0,1000.0,-12.108663,-12.108662605285645,11.51,11.51,9.858079,9.858078956604004,74.64375,74.64375,0.0,0.0,0.14433333333333334,0.14433333333333334
0.077,0.26,1.72,0.007,0.008,0.0,0.0,0.0,0.041,0.0,0.0,0.0,0.0423,0.0025,0.0074,0.0005,0.0005,0.0005,0.0,0.0,0.0,200.0,580.0,2.0,538.0,626.0,21.8,74.0,-55.0,100.0,,,,,,,,1,0,0,3570.0,0,0,0,1,0,0,0,0,0,0,1000.0,-12.108663,-12.108662605285645,8.78,8.78,9.858079,9.858078956604004,64.96946428571428,64.96946428571428,15.6,15.6,0.14433333333333334,0.14433333333333334
0.076,0.25,1.72,0.005,0.008,0.0,0.0,0.0,0.0605,0.0,0.0,0.0,0.0405,0.0025,0.0086,0.0005,0.0005,0.0005,0.0,0.0,0.0,200.0,250.0,14.0,589.0,650.0,21.6,75.0,,,,,,,,,,1,0,0,3570.0,0,0,0,1,0,0,0,0,0,0,1000.0,-51.94648,-51.94647979736328,18.95,18.95,9.097728,9.09772777557373,72.78428968253968,72.78428968253968,0.0,0.0,0.17016666666666666,0.17016666666666666
0.076,0.25,1.72,0.005,0.008,0.0,0.0,0.0,0.0605,0.0,0.0,0.0,0.0405,0.0025,0.0086,0.0005,0.0005,0.0005,0.0,0.0,0.0,200.0,0.0,0.0,,,,,-64.0,100.0,,,,,,,,1,0,0,3570.0,0,0,0,1,0,0,0,0,0,0,1000.0,-51.94648,-51.94647979736328,18.95,18.95,9.097728,9.09772777557373,72.78428968253968,72.78428968253968,0.0,0.0,0.17016666666666666,0.17016666666666666
0.076,0.25,1.72,0.005,0.008,0.0,0.0,0.0,0.0605,0.0,0.0,0.0,0.0405,0.0025,0.0086,0.0005,0.0005,0.0005,0.0,0.0,0.0,200.0,580.0,2.0,521.0,597.0,24.4,74.0,-44.0,100.0,,,,,,,,1,0,0,3570.0,0,0,0,1,0,0,0,0,0,0,1000.0,-51.94648,-51.94647979736328,8.53,8.53,9.097728,9.09772777557373,64.15875,64.15875,15.6,15.6,0.17016666666666666,0.17016666666666666
0.08,0.26,1.74,0.007,0.008,0.0,0.0,0.0,0.083,0.0,0.0,0.0,0.0411,0.0025,0.009,0.0005,0.0005,0.0005,0.0,0.0,0.0,200.0,250.0,14.0,639.0,681.0,19.6,71.9,,,,,,,,,,1,0,0,3570.0,0,0,0,1,0,0,0,0,0,0,1000.0,-12.110446,-12.110445976257324,21.49,21.49,13.233105,13.233104705810547,70.99517857142857,70.99517857142857,0.0,0.0,0.6197539682539683,0.6197539682539683
0.08,0.26,1.74,0.007,0.008,0.0,0.0,0.0,0.083,0.0,0.0,0.0,0.0411,0.0025,0.009,0.0005,0.0005,0.0005,0.0,0.0,0.0,200.0,0.0,0.0,,,,,-61.0,100.0,,,,,,,,1,0,0,3570.0,0,0,0,1,0,0,0,0,0,0,1000.0,-12.110446,-12.110445976257324,21.49,21.49,13.233105,13.233104705810547,70.88517857142857,70.88517857142857,0.0,0.0,0.6197539682539683,0.6197539682539683
0.08,0.26,1.74,0.007,0.008,0.0,0.0,0.0,0.083,0.0,0.0,0.0,0.0411,0.0025,0.009,0.0005,0.0005,0.0005,0.0,0.0,0.0,200.0,580.0,2.0,570.0,647.0,24.0,74.0,,,,,,,,,,1,0,0,3570.0,0,0,0,1,0,0,0,0,0,0,1000.0,-12.110446,-12.110445976257324,9.33,9.33,13.4553175,13.455317497253418,64.02875,64.02875,15.6,15.6,0.6197539682539683,0.6197539682539683
0.073,0.35,0.64,0.005,0.004,0.0,0.0,0.0,0.0003,0.0,0.0,0.0,0.0428,0.0038,0.0077,0.0005,0.0005,0.0005,0.0,0.0,0.0,200.0,250.0,14.0,402.0,494.0,33.3,77.5,,,,,,,,,,1,0,0,3570.0,0,0,0,1,0,0,0,0,0,0,1000.0,-14.71336,-14.713359832763672,43.95,43.95,31.851059,31.851058959960938,26.38,26.38,0.0,0.0,0.132,0.132
0.073,0.35,0.64,0.005,0.004,0.0,0.0,0.0,0.0003,0.0,0.0,0.0,0.0428,0.0038,0.0077,0.0005,0.0005,0.0005,0.0,0.0,0.0,200.0,0.0,0.0,,,,,-45.0,100.0,,,47.0,27.0,26.0,0.0,0.0,1,0,0,3570.0,0,0,0,1,0,0,0,0,0,0,1000.0,-14.71336,-14.713359832763672,43.95,47.0,28.065994,27.0,26.38,26.0,0.0,0.0,0.132,0.0
0.073,0.35,0.64,0.005,0.004,0.0,0.0,0.0,0.0003,0.0,0.0,0.0,0.0428,0.0038,0.0077,0.0005,0.0005,0.0005,0.0,0.0,0.0,200.0,580.0,2.0,329.0,447.0,36.4,80.5,-55.0,100.0,,,,,,,,1,0,0,3570.0,0,0,0,1,0,0,0,0,0,0,1000.0,-14.71336,-14.713359832763672,32.73833333333334,32.73833333333334,28.588102,28.588102340698242,28.41,28.41,0.0,0.0,0.10815079365079365,0.10815079365079365
0.073,0.34,0.64,0.007,0.005,0.0,0.0,0.0,0.0003,0.0,0.0,0.0,0.0431,0.0041,0.008,0.0005,0.0005,0.012,0.0,0.0,0.0,200.0,250.0,14.0,450.0,532.0,28.0,76.0,,,,,,,,,,1,0,0,3570.0,0,0,0,1,0,0,0,0,0,0,1000.0,2.0206397,2.020639657974243,34.469166666666666,34.469166666666666,62.60231,62.60231018066406,19.92,19.92,0.0,0.0,0.052000000000000005,0.052000000000000005
0.073,0.34,0.64,0.007,0.005,0.0,0.0,0.0,0.0003,0.0,0.0,0.0,0.0431,0.0041,0.008,0.0005,0.0005,0.012,0.0,0.0,0.0,200.0,0.0,0.0,,,,,-33.0,100.0,,,27.0,60.0,13.0,0.0,0.0,1,0,0,3570.0,0,0,0,1,0,0,0,0,0,0,1000.0,2.0206397,2.020639657974243,32.51083333333333,27.0,59.413303,60.0,19.01,13.0,0.0,0.0,0.052000000000000005,0.0
0.073,0.34,0.64,0.007,0.005,0.0,0.0,0.0,0.0003,0.0,0.0,0.0,0.0431,0.0041,0.008,0.0005,0.0005,0.012,0.0,0.0,0.0,200.0,580.0,2.0,415.0,497.0,24.6,78.7,-38.0,100.0,,,,,,,,1,0,0,3570.0,0,0,0,1,0,0,0,0,0,0,1000.0,2.0206397,2.020639657974243,26.380833333333335,26.380833333333335,58.37965,58.3796501159668,22.73,22.73,0.0,0.0,0.10815079365079365,0.10815079365079365
0.075,0.33,0.62,0.007,0.005,0.0,0.0,0.0,0.0003,0.0,0.0,0.0,0.0429,0.0042,0.0085,0.0005,0.0005,0.022,0.0,0.0,0.0,200.0,250.0,14.0,474.0,553.0,26.8,80.7,,,,,,,,,,1,0,0,3570.0,0,0,0,1,0,0,0,0,0,0,1000.0,2.0135062,2.0135061740875244,34.27333333333333,34.27333333333333,63.11722,63.11722183227539,16.98,16.98,0.0,0.0,0.8510595238095238,0.8510595238095238
0.075,0.33,0.62,0.007,0.005,0.0,0.0,0.0,0.0003,0.0,0.0,0.0,0.0429,0.0042,0.0085,0.0005,0.0005,0.022,0.0,0.0,0.0,200.0,0.0,0.0,,,,,-22.0,100.0,,,26.0,61.0,13.0,0.0,0.0,1,0,0,3570.0,0,0,0,1,0,0,0,0,0,0,1000.0,2.0135062,2.0135061740875244,31.099999999999994,26.0,59.928215,61.0,15.82,13.0,0.0,0.0,0.8510595238095238,0.0
0.075,0.33,0.62,0.007,0.005,0.0,0.0,0.0,0.0003,0.0,0.0,0.0,0.0429,0.0042,0.0085,0.0005,0.0005,0.022,0.0,0.0,0.0,200.0,580.0,2.0,451.0,539.0,24.4,78.0,-27.0,100.0,,,,,,,,1,0,0,3570.0,0,0,0,1,0,0,0,0,0,0,1000.0,2.0135062,2.0135061740875244,26.7025,26.7025,58.89456,58.894561767578125,20.95,20.95,0.0,0.0,0.2519126984126984,0.2519126984126984
0.07,0.33,0.64,0.007,0.004,0.0,0.0,0.0,0.0007,0.0,0.0,0.0,0.0413,0.0042,0.0085,0.0005,0.0005,0.045,0.0,0.0,0.0,200.0,250.0,14.0,522.0,580.0,25.0,76.0,,,,,,,,,,1,0,0,3570.0,0,0,0,1,0,0,0,0,0,0,1000.0,3.1304128,3.1304128170013428,28.56,28.56,65.04765,65.04765319824219,20.76,20.76,0.0,0.0,0.0795,0.0795
0.07,0.33,0.64,0.007,0.004,0.0,0.0,0.0,0.0007,0.0,0.0,0.0,0.0413,0.0042,0.0085,0.0005,0.0005,0.045,0.0,0.0,0.0,200.0,0.0,0.0,,,,,-7.0,100.0,,,19.0,67.0,14.0,0.0,0.0,1,0,0,3570.0,0,0,0,1,0,0,0,0,0,0,1000.0,3.1304128,3.1304128170013428,23.02,19.0,63.77158,67.0,20.64,14.0,0.0,0.0,0.1045,0.0
0.07,0.33,0.64,0.007,0.004,0.0,0.0,0.0,0.0007,0.0,0.0,0.0,0.0413,0.0042,0.0085,0.0005,0.0005,0.045,0.0,0.0,0.0,200.0,580.0,2.0,484.0,576.0,23.0,74.9,-4.0,100.0,,,,,,,,1,0,0,3570.0,0,0,0,1,0,0,0,0,0,0,1000.0,3.1304128,3.1304128170013428,21.951999999999998,21.951999999999998,61.364777,61.364776611328125,23.07,23.07,0.0,0.0,0.14165079365079364,0.14165079365079364
0.074,0.33,0.64,0.008,0.006,0.0,0.0,0.0,0.0003,0.0,0.0,0.0,0.046,0.0039,0.011,0.0005,0.0005,0.088,0.0,0.0,0.0,200.0,250.0,14.0,549.0,614.0,24.0,70.8,,,,,,,,,,1,0,0,3570.0,0,0,0,1,0,0,0,0,0,0,1000.0,3.3895662,3.38956618309021,31.506666666666664,31.506666666666664,66.115746,66.1157455444336,16.7,16.7,0.0,0.0,1.9196944444444448,1.9196944444444448
0.074,0.33,0.64,0.008,0.006,0.0,0.0,0.0,0.0003,0.0,0.0,0.0,0.046,0.0039,0.011,0.0005,0.0005,0.088,0.0,0.0,0.0,200.0,0.0,0.0,,,,,13.0,100.0,,,24.0,61.0,15.0,0.0,0.0,1,0,0,3570.0,0,0,0,1,0,0,0,0,0,0,1000.0,3.3895662,3.38956618309021,25.430833333333336,24.0,60.83701,61.0,18.08,15.0,0.0,0.0,0.717797619047619,0.0
0.074,0.33,0.64,0.008,0.006,0.0,0.0,0.0,0.0003,0.0,0.0,0.0,0.046,0.0039,0.011,0.0005,0.0005,0.088,0.0,0.0,0.0,200.0,580.0,2.0,544.0,621.0,22.6,71.9,18.0,100.0,,,,,,,,1,0,0,3570.0,0,0,0,1,0,0,0,0,0,0,1000.0,3.3895662,3.38956618309021,23.880833333333335,23.880833333333335,62.072437,62.07243728637695,19.9,19.9,0.0,0.0,0.6813809523809523,0.6813809523809523
0.077,0.35,1.02,0.007,0.005,0.0,0.0,0.0,0.0004,0.0,0.0,0.0,0.0399,0.0041,0.0075,0.0005,0.0005,0.0005,0.0,0.0,0.0,200.0,250.0,14.0,443.0,522.0,31.1,77.0,,,,,,,,,,1,0,0,3570.0,0,0,0,1,0,0,0,0,0,0,1000.0,-4.8367467,-4.836746692657471,17.659166666666668,17.659166666666668,39.997215,39.997215270996094,30.63,30.63,0.0,0.0,0.3452308802308802,0.3452308802308802
0.077,0.35,1.02,0.007,0.005,0.0,0.0,0.0,0.0004,0.0,0.0,0.0,0.0399,0.0041,0.0075,0.0005,0.0005,0.0005,0.0,0.0,0.0,200.0,0.0,0.0,,,,,-60.0,100.0,,,,,,,,1,0,0,3570.0,0,0,0,1,0,0,0,0,0,0,1000.0,-4.8367467,-4.836746692657471,17.585833333333333,17.585833333333333,42.342785,42.3427848815918,29.44,29.44,0.0,0.0,0.5337824675324676,0.5337824675324676
0.077,0.35,1.02,0.007,0.005,0.0,0.0,0.0,0.0004,0.0,0.0,0.0,0.0399,0.0041,0.0075,0.0005,0.0005,0.0005,0.0,0.0,0.0,200.0,580.0,2.0,332.0,461.0,33.3,80.3,-80.0,100.0,,,,,,,,1,0,0,3570.0,0,0,0,1,0,0,0,0,0,0,1000.0,-4.8367467,-4.836746692657471,16.935833333333335,16.935833333333335,40.97978,40.97977828979492,31.91,31.91,0.0,0.0,0.3452308802308802,0.3452308802308802
0.078,0.35,1.02,0.007,0.005,0.0,0.0,0.0,0.0004,0.0,0.0,0.0,0.0368,0.0036,0.0083,0.0005,0.0005,0.012,0.0,0.0,0.0,200.0,250.0,14.0,480.0,557.0,25.4,75.0,,,,,,,,,,1,0,0,3570.0,0,0,0,1,0,0,0,0,0,0,1000.0,-4.8346562,-4.834656238555908,18.475,18.475,48.280647,48.28064727783203,28.79,28.79,0.0,0.0,0.7869491341991341,0.7869491341991341
0.078,0.35,1.02,0.007,0.005,0.0,0.0,0.0,0.0004,0.0,0.0,0.0,0.0368,0.0036,0.0083,0.0005,0.0005,0.012,0.0,0.0,0.0,200.0,0.0,0.0,,,,,-42.0,100.0,,,,,,,,1,0,0,3570.0,0,0,0,1,0,0,0,0,0,0,1000.0,-4.8346562,-4.834656238555908,17.139166666666668,17.139166666666668,46.43397,46.4339714050293,29.7,29.7,0.0,0.0,0.5729491341991342,0.5729491341991342
0.078,0.35,1.02,0.007,0.005,0.0,0.0,0.0,0.0004,0.0,0.0,0.0,0.0368,0.0036,0.0083,0.0005,0.0005,0.012,0.0,0.0,0.0,200.0,580.0,2.0,447.0,540.0,30.4,77.0,-55.0,100.0,,,,,,,,1,0,0,3570.0,0,0,0,1,0,0,0,0,0,0,1000.0,-4.8346562,-4.834656238555908,16.824166666666667,16.824166666666667,44.02717,44.02716827392578,32.3,32.3,0.0,0.0,0.3502308802308802,0.3502308802308802
0.074,0.34,1.0,0.007,0.006,0.0,0.0,0.0,0.0005,0.0,0.0,0.0,0.0424,0.0037,0.0086,0.0005,0.0005,0.0255,0.0,0.0,0.0,200.0,250.0,14.0,513.0,594.0,28.0,76.0,,,,,,,,,,1,0,0,3570.0,0,0,0,1,0,0,0,0,0,0,1000.0,-4.8258934,-4.825893402099609,21.133333333333336,21.133333333333336,60.499535,60.499534606933594,25.42,25.42,0.0,0.0,0.7876071428571428,0.7876071428571428
0.074,0.34,1.0,0.007,0.006,0.0,0.0,0.0,0.0005,0.0,0.0,0.0,0.0424,0.0037,0.0086,0.0005,0.0005,0.0255,0.0,0.0,0.0,200.0,0.0,0.0,,,,,-38.0,100.0,,,,,,,,1,0,0,3570.0,0,0,0,1,0,0,0,0,0,0,1000.0,-4.8258934,-4.825893402099609,17.735,17.735,58.65286,58.65285873413086,25.53666666666667,25.53666666666667,0.0,0.0,0.4836071428571429,0.4836071428571429
0.074,0.34,1.0,0.007,0.006,0.0,0.0,0.0,0.0005,0.0,0.0,0.0,0.0424,0.0037,0.0086,0.0005,0.0005,0.0255,0.0,0.0,0.0,200.0,580.0,2.0,492.0,575.0,25.2,76.0,-41.0,100.0,,,,,,,,1,0,0,3570.0,0,0,0,1,0,0,0,0,0,0,1000.0,-4.8258934,-4.825893402099609,17.450333333333337,17.450333333333337,56.246056,56.246055603027344,27.93,27.93,0.0,0.0,0.16879365079365083,0.16879365079365083
0.074,0.33,0.99,0.008,0.006,0.0,0.0,0.0,0.0004,0.0,0.0,0.0,0.0393,0.0037,0.0088,0.0005,0.0005,0.0465,0.0,0.0,0.0,200.0,250.0,14.0,553.0,618.0,22.8,74.0,,,,,,,,,,1,0,0,3570.0,0,0,0,1,0,0,0,0,0,0,1000.0,-3.449105,-3.4491050243377686,18.16666666666667,18.16666666666667,58.10098,58.10097885131836,27.16,27.16,0.0,0.0,0.9011309523809524,0.9011309523809524
0.074,0.33,0.99,0.008,0.006,0.0,0.0,0.0,0.0004,0.0,0.0,0.0,0.0393,0.0037,0.0088,0.0005,0.0005,0.0465,0.0,0.0,0.0,200.0,0.0,0.0,,,,,-11.0,100.0,,,,,,,,1,0,0,3570.0,0,0,0,1,0,0,0,0,0,0,1000.0,-3.449105,-3.4491050243377686,16.380833333333335,16.380833333333335,56.254303,56.254302978515625,28.21,28.21,0.0,0.0,0.41055952380952376,0.41055952380952376
0.074,0.33,0.99,0.008,0.006,0.0,0.0,0.0,0.0004,0.0,0.0,0.0,0.0393,0.0037,0.0088,0.0005,0.0005,0.0465,0.0,0.0,0.0,200.0,580.0,2.0,540.0,616.0,22.4,75.0,-20.0,100.0,,,,,,,,1,0,0,3570.0,0,0,0,1,0,0,0,0,0,0,1000.0,-3.449105,-3.4491050243377686,15.7975,15.7975,53.8475,53.84749984741211,30.61,30.61,0.0,0.0,0.24324603174603174,0.24324603174603174
0.075,0.34,1.02,0.007,0.006,0.0,0.0,0.0,0.0005,0.0,0.0,0.0,0.0417,0.0037,0.0079,0.0005,0.0005,0.0985,0.0,0.0,0.0,200.0,250.0,14.0,615.0,655.0,20.2,72.9,,,,,,,,,,1,0,0,3570.0,0,0,0,1,0,0,0,0,0,0,1000.0,-3.449105,-3.4491050243377686,21.913333333333334,21.913333333333334,61.06616,61.066158294677734,27.03,27.03,0.0,0.0,0.7787261904761904,0.7787261904761904
0.075,0.34,1.02,0.007,0.006,0.0,0.0,0.0,0.0005,0.0,0.0,0.0,0.0417,0.0037,0.0079,0.0005,0.0005,0.0985,0.0,0.0,0.0,200.0,0.0,0.0,,,,,14.0,100.0,,,,,,,,1,0,0,3570.0,0,0,0,1,0,0,0,0,0,0,1000.0,-3.449105,-3.4491050243377686,18.643666666666668,18.643666666666668,55.455406,55.455406188964844,28.676666666666666,28.676666666666666,0.0,0.0,0.25991269841269843,0.25991269841269843
0.075,0.34,1.02,0.007,0.006,0.0,0.0,0.0,0.0005,0.0,0.0,0.0,0.0417,0.0037,0.0079,0.0005,0.0005,0.0985,0.0,0.0,0.0,200.0,580.0,2.0,603.0,676.0,19.8,70.8,8.0,100.0,,,,,,,,1,0,0,3570.0,0,0,0,1,0,0,0,0,0,0,1000.0,-3.449105,-3.4491050243377686,17.590333333333334,17.590333333333334,56.81268,56.812679290771484,29.15,29.15,0.0,0.0,0.25991269841269843,0.25991269841269843
0.077,0.31,1.33,0.007,0.005,0.0,0.0,0.0,0.0004,0.0,0.0,0.0,0.0419,0.0038,0.008,0.0005,0.0005,0.0006,0.0,0.0,0.0,200.0,250.0,14.0,463.0,541.0,27.1,75.9,,,,,,,,,,1,0,0,3570.0,0,0,0,1,0,0,0,0,0,0,1000.0,-11.07098,-11.070980072021484,22.497000000000003,22.497000000000003,10.823526,10.823526382446289,65.54871237096236,65.54871237096236,0.0,0.0,0.037000000000000005,0.037000000000000005
0.077,0.31,1.33,0.007,0.005,0.0,0.0,0.0,0.0004,0.0,0.0,0.0,0.0419,0.0038,0.008,0.0005,0.0005,0.0006,0.0,0.0,0.0,200.0,0.0,0.0,,,,,-67.0,100.0,,,23.0,7.0,70.0,0.0,0.0,1,0,0,3570.0,0,0,0,1,0,0,0,0,0,0,1000.0,-11.07098,-11.070980072021484,22.418666666666667,23.0,10.823526,7.0,66.34671237096236,70.0,0.0,0.0,0.037000000000000005,0.0
0.077,0.31,1.33,0.007,0.005,0.0,0.0,0.0,0.0004,0.0,0.0,0.0,0.0419,0.0038,0.008,0.0005,0.0005,0.0006,0.0,0.0,0.0,200.0,580.0,2.0,372.0,497.0,31.4,76.4,-81.0,100.0,,,,,,,,1,0,0,3570.0,0,0,0,1,0,0,0,0,0,0,1000.0,-11.525247,-11.525246620178223,9.479999999999999,9.479999999999999,11.806089,11.806089401245117,62.507797619047615,62.507797619047615,15.6,15.6,0.037000000000000005,0.037000000000000005
0.079,0.33,1.37,0.007,0.006,0.0,0.0,0.0,0.0004,0.0,0.0,0.0,0.0417,0.0034,0.0097,0.0005,0.0005,0.0105,0.0,0.0,0.0,200.0,250.0,14.0,505.0,586.0,25.8,77.9,,,,,,,,,,1,0,0,3570.0,0,0,0,1,0,0,0,0,0,0,1000.0,-11.09785,-11.09784984588623,23.131999999999998,23.131999999999998,14.967949,14.967948913574219,61.807617132867136,61.807617132867136,0.0,0.0,0.2429206349206349,0.2429206349206349
0.079,0.33,1.37,0.007,0.006,0.0,0.0,0.0,0.0004,0.0,0.0,0.0,0.0417,0.0034,0.0097,0.0005,0.0005,0.0105,0.0,0.0,0.0,200.0,0.0,0.0,,,,,-55.0,100.0,,,24.0,15.0,61.0,0.0,0.0,1,0,0,3570.0,0,0,0,1,0,0,0,0,0,0,1000.0,-11.09785,-11.09784984588623,23.232,24.0,14.967949,15.0,61.87761713286714,61.0,0.0,0.0,0.2429206349206349,0.0
0.079,0.33,1.37,0.007,0.006,0.0,0.0,0.0,0.0004,0.0,0.0,0.0,0.0417,0.0034,0.0097,0.0005,0.0005,0.0105,0.0,0.0,0.0,200.0,580.0,2.0,500.0,578.0,24.8,76.0,-61.0,100.0,,,,,,,,1,0,0,3570.0,0,0,0,1,0,0,0,0,0,0,1000.0,-11.552117,-11.552117347717285,9.876666666666667,9.876666666666667,15.190162,15.19016170501709,60.22375,60.22375,15.6,15.6,0.2429206349206349,0.2429206349206349
0.076,0.3,1.36,0.008,0.006,0.0,0.0,0.0,0.0004,0.0,0.0,0.0,0.037,0.0033,0.0084,0.0005,0.0005,0.0235,0.0,0.0,0.0,200.0,250.0,14.0,540.0,597.0,26.4,76.0,,,,,,,,,,1,0,0,3570.0,0,0,0,1,0,0,0,0,0,0,1000.0,-11.073629,-11.073629379272461,22.34333333333333,22.34333333333333,17.45952,17.45952033996582,62.204564102564106,62.204564102564106,0.0,0.0,0.20295238095238094,0.20295238095238094
0.076,0.3,1.36,0.008,0.006,0.0,0.0,0.0,0.0004,0.0,0.0,0.0,0.037,0.0033,0.0084,0.0005,0.0005,0.0235,0.0,0.0,0.0,200.0,0.0,0.0,,,,,-45.0,100.0,,,26.0,14.0,60.0,0.0,0.0,1,0,0,3570.0,0,0,0,1,0,0,0,0,0,0,1000.0,-11.073629,-11.073629379272461,22.50333333333333,26.0,14.910325,14.0,62.80456410256411,60.0,0.0,0.0,0.20295238095238094,0.0
0.076,0.3,1.36,0.008,0.006,0.0,0.0,0.0,0.0004,0.0,0.0,0.0,0.037,0.0033,0.0084,0.0005,0.0005,0.0235,0.0,0.0,0.0,200.0,580.0,2.0,539.0,607.0,25.0,76.0,-41.0,100.0,,,,,,,,1,0,0,3570.0,0,0,0,1,0,0,0,0,0,0,1000.0,-11.073629,-11.073629379272461,8.7,8.7,17.45952,17.45952033996582,60.48333333333333,60.48333333333333,15.6,15.6,0.20295238095238094,0.20295238095238094
0.077,0.34,1.39,0.007,0.007,0.0,0.0,0.0,0.0004,0.0,0.0,0.0,0.0409,0.0032,0.0099,0.0005,0.0005,0.0455,0.0,0.0,0.0,200.0,250.0,14.0,586.0,641.0,24.2,76.0,,,,,,,,,,1,0,0,3570.0,0,0,0,1,0,0,0,0,0,0,1000.0,-9.722241,-9.722241401672363,18.8825,18.8825,18.730742,18.730741500854492,63.07778379953378,63.07778379953378,0.0,0.0,0.2429206349206349,0.2429206349206349
0.077,0.34,1.39,0.007,0.007,0.0,0.0,0.0,0.0004,0.0,0.0,0.0,0.0409,0.0032,0.0099,0.0005,0.0005,0.0455,0.0,0.0,0.0,200.0,0.0,0.0,,,,,-23.0,100.0,,,19.0,18.0,63.0,0.0,0.0,1,0,0,3570.0,0,0,0,1,0,0,0,0,0,0,1000.0,-9.722241,-9.722241401672363,18.8825,19.0,18.730742,18.0,63.07778379953378,63.0,0.0,0.0,0.2429206349206349,0.0
0.077,0.34,1.39,0.007,0.007,0.0,0.0,0.0,0.0004,0.0,0.0,0.0,0.0409,0.0032,0.0099,0.0005,0.0005,0.0455,0.0,0.0,0.0,200.0,580.0,2.0,583.0,651.0,22.6,71.9,-27.0,100.0,,,,,,,,1,0,0,3570.0,0,0,0,1,0,0,0,0,0,0,1000.0,-10.17847,-10.17846965789795,8.51,8.51,18.730742,18.730741500854492,60.47666666666666,60.47666666666666,15.6,15.6,0.2429206349206349,0.2429206349206349
0.076,0.3,1.36,0.006,0.007,0.0,0.0,0.0,0.0005,0.0,0.0,0.0,0.0432,0.0033,0.0091,0.0005,0.0005,0.094,0.0,0.0,0.0,200.0,250.0,14.0,610.0,685.0,20.6,71.9,,,,,,,,,,1,0,0,3570.0,0,0,0,1,0,0,0,0,0,0,1000.0,-35.84724,-35.84724044799805,21.025,21.025,29.59554,29.595539093017578,56.836416666666665,56.836416666666665,0.0,0.0,0.2997539682539683,0.2997539682539683
0.076,0.3,1.36,0.006,0.007,0.0,0.0,0.0,0.0005,0.0,0.0,0.0,0.0432,0.0033,0.0091,0.0005,0.0005,0.094,0.0,0.0,0.0,200.0,0.0,0.0,,,,,-1.0,100.0,,,19.0,31.0,50.0,0.0,0.0,1,0,0,3570.0,0,0,0,1,0,0,0,0,0,0,1000.0,-35.84724,-35.84724044799805,21.025,19.0,29.59554,31.0,56.836416666666665,50.0,0.0,0.0,0.2997539682539683,0.0
0.076,0.3,1.36,0.006,0.007,0.0,0.0,0.0,0.0005,0.0,0.0,0.0,0.0432,0.0033,0.0091,0.0005,0.0005,0.094,0.0,0.0,0.0,200.0,580.0,2.0,614.0,686.0,19.0,70.8,7.0,100.0,,,,,,,,1,0,0,3570.0,0,0,0,1,0,0,0,0,0,0,1000.0,-35.84724,-35.84724044799805,19.84,19.84,29.77489,29.774890899658203,63.25383333333333,63.25383333333333,0.0,0.0,0.2997539682539683,0.2997539682539683
0.076,0.29,1.74,0.008,0.006,0.0,0.0,0.0,0.0004,0.0,0.0,0.0,0.0415,0.0035,0.0092,0.0005,0.0005,0.0006,0.0,0.0,0.0,200.0,250.0,14.0,500.0,571.0,28.8,77.0,,,,,,,,,,1,0,0,3570.0,0,0,0,1,0,0,0,0,0,0,1000.0,-11.075269,-11.075268745422363,11.17,11.17,9.658494,9.658493995666504,72.94123809523809,72.94123809523809,0.0,0.0,0.4195873015873016,0.4195873015873016
0.076,0.29,1.74,0.008,0.006,0.0,0.0,0.0,0.0004,0.0,0.0,0.0,0.0415,0.0035,0.0092,0.0005,0.0005,0.0006,0.0,0.0,0.0,200.0,0.0,0.0,,,,,-62.0,100.0,,,,,,,,1,0,0,3570.0,0,0,0,1,0,0,0,0,0,0,1000.0,-11.075269,-11.075268745422363,10.46,10.46,9.658494,9.658493995666504,72.94123809523809,72.94123809523809,0.0,0.0,0.4195873015873016,0.4195873015873016
0.076,0.29,1.74,0.008,0.006,0.0,0.0,0.0,0.0004,0.0,0.0,0.0,0.0415,0.0035,0.0092,0.0005,0.0005,0.0006,0.0,0.0,0.0,200.0,580.0,2.0,414.0,518.0,29.2,78.4,-71.0,100.0,,,,,,,,1,0,0,3570.0,0,0,0,1,0,0,0,0,0,0,1000.0,-11.075269,-11.075268745422363,8.73,8.73,9.658494,9.658493995666504,63.74964285714286,63.74964285714286,15.6,15.6,0.4195873015873016,0.4195873015873016
0.077,0.32,1.77,0.007,0.006,0.0,0.0,0.0,0.0004,0.0,0.0,0.0,0.0418,0.0031,0.0089,0.0005,0.0005,0.0125,0.0,0.0,0.0,200.0,250.0,14.0,540.0,614.0,22.0,75.9,,,,,,,,,,1,0,0,3570.0,0,0,0,1,0,0,0,0,0,0,1000.0,-11.09785,-11.09784984588623,10.956666666666665,10.956666666666665,19.152758,19.15275764465332,70.48766666666667,70.48766666666667,0.0,0.0,0.2561904761904762,0.2561904761904762
0.077,0.32,1.77,0.007,0.006,0.0,0.0,0.0,0.0004,0.0,0.0,0.0,0.0418,0.0031,0.0089,0.0005,0.0005,0.0125,0.0,0.0,0.0,200.0,0.0,0.0,,,,,-54.0,100.0,,,,,,,,1,0,0,3570.0,0,0,0,1,0,0,0,0,0,0,1000.0,-11.09785,-11.09784984588623,10.326666666666664,10.326666666666664,19.152758,19.15275764465332,70.48766666666667,70.48766666666667,0.0,0.0,0.2561904761904762,0.2561904761904762
0.077,0.32,1.77,0.007,0.006,0.0,0.0,0.0,0.0004,0.0,0.0,0.0,0.0418,0.0031,0.0089,0.0005,0.0005,0.0125,0.0,0.0,0.0,200.0,580.0,2.0,524.0,605.0,24.4,74.0,-61.0,100.0,,,,,,,,1,0,0,3570.0,0,0,0,1,0,0,0,0,0,0,1000.0,-11.35855,-11.358550071716309,8.606666666666666,8.606666666666666,19.152758,19.15275764465332,61.68,61.68,15.6,15.6,0.2561904761904762,0.2561904761904762
0.078,0.3,1.76,0.007,0.007,0.0,0.0,0.0,0.0004,0.0,0.0,0.0,0.0433,0.0032,0.011,0.0005,0.0005,0.023,0.0,0.0,0.0,200.0,250.0,14.0,575.0,635.0,22.6,74.0,,,,,,,,,,1,0,0,3570.0,0,0,0,1,0,0,0,0,0,0,1000.0,-11.0764475,-11.076447486877441,11.06,11.06,19.30911,19.309110641479492,66.67916666666666,66.67916666666666,0.0,0.0,0.3229206349206349,0.3229206349206349
0.078,0.3,1.76,0.007,0.007,0.0,0.0,0.0,0.0004,0.0,0.0,0.0,0.0433,0.0032,0.011,0.0005,0.0005,0.023,0.0,0.0,0.0,200.0,0.0,0.0,,,,,-42.0,100.0,,,,,,,,1,0,0,3570.0,0,0,0,1,0,0,0,0,0,0,1000.0,-11.0764475,-11.076447486877441,10.37,10.37,19.30911,19.309110641479492,66.67916666666666,66.67916666666666,0.0,0.0,0.3229206349206349,0.3229206349206349
0.078,0.3,1.76,0.007,0.007,0.0,0.0,0.0,0.0004,0.0,0.0,0.0,0.0433,0.0032,0.011,0.0005,0.0005,0.023,0.0,0.0,0.0,200.0,580.0,2.0,553.0,627.0,22.0,76.8,-31.0,100.0,,,,,,,,1,0,0,3570.0,0,0,0,1,0,0,0,0,0,0,1000.0,-11.0764475,-11.076447486877441,8.84,8.84,19.30911,19.309110641479492,58.585,58.585,15.6,15.6,0.3229206349206349,0.3229206349206349
0.077,0.29,1.77,0.008,0.009,0.0,0.0,0.0,0.0004,0.0,0.0,0.0,0.0432,0.0031,0.0097,0.0005,0.0005,0.045,0.0,0.0,0.0,200.0,250.0,14.0,606.0,660.0,22.0,74.0,,,,,,,,,,1,0,0,3570.0,0,0,0,1,0,0,0,0,0,0,1000.0,-9.698933,-9.698932647705078,10.92,10.92,20.684645,20.68464469909668,69.095,69.095,0.0,0.0,0.4595873015873016,0.4595873015873016
0.077,0.29,1.77,0.008,0.009,0.0,0.0,0.0,0.0004,0.0,0.0,0.0,0.0432,0.0031,0.0097,0.0005,0.0005,0.045,0.0,0.0,0.0,200.0,0.0,0.0,,,,,-26.0,100.0,,,,,,,,1,0,0,3570.0,0,0,0,1,0,0,0,0,0,0,1000.0,-9.698933,-9.698932647705078,10.92,10.92,20.684645,20.68464469909668,69.095,69.095,0.0,0.0,0.4595873015873016,0.4595873015873016
0.077,0.29,1.77,0.008,0.009,0.0,0.0,0.0,0.0004,0.0,0.0,0.0,0.0432,0.0031,0.0097,0.0005,0.0005,0.045,0.0,0.0,0.0,200.0,580.0,2.0,577.0,661.0,21.6,71.9,-15.0,100.0,,,,,,,,1,0,0,3570.0,0,0,0,1,0,0,0,0,0,0,1000.0,-9.698933,-9.698932647705078,8.82,8.82,20.684645,20.68464469909668,61.115,61.115,15.6,15.6,0.4595873015873016,0.4595873015873016
0.079,0.29,1.79,0.006,0.007,0.0,0.0,0.0,0.0004,0.0,0.0,0.0,0.0406,0.0033,0.0105,0.0005,0.0005,0.0895,0.0,0.0,0.0,200.0,250.0,14.0,654.0,708.0,19.2,70.8,,,,,,,,,,1,0,0,3570.0,0,0,0,1,0,0,0,0,0,0,1000.0,-35.847965,-35.847965240478516,19.46,19.46,30.885834,30.885833740234375,63.50166666666667,63.50166666666667,0.0,0.0,0.3462539682539682,0.3462539682539682
0.079,0.29,1.79,0.006,0.007,0.0,0.0,0.0,0.0004,0.0,0.0,0.0,0.0406,0.0033,0.0105,0.0005,0.0005,0.0895,0.0,0.0,0.0,200.0,0.0,0.0,,,,,-6.0,100.0,,,,,,,,1,0,0,3570.0,0,0,0,1,0,0,0,0,0,0,1000.0,-35.847965,-35.847965240478516,19.46,19.46,30.885834,30.885833740234375,63.50166666666667,63.50166666666667,0.0,0.0,0.3462539682539682,0.3462539682539682
0.079,0.29,1.79,0.006,0.007,0.0,0.0,0.0,0.0004,0.0,0.0,0.0,0.0406,0.0033,0.0105,0.0005,0.0005,0.0895,0.0,0.0,0.0,200.0,580.0,2.0,638.0,716.0,17.2,68.6,4.0,100.0,,,,,,,,1,0,0,3570.0,0,0,0,1,0,0,0,0,0,0,1000.0,-35.847965,-35.847965240478516,8.26,8.26,30.885834,30.885833740234375,58.88,58.88,15.6,15.6,0.3462539682539682,0.3462539682539682
0.062,0.22,1.17,0.007,0.006,0.0,0.0,0.0,0.0,0.0,0.0,0.0,0.033,0.0,0.012,0.0,0.0,0.0,0.0,0.0,0.0,200.0,250.0,14.0,427.0,512.0,31.4,81.5,,,,,,,,,,0,0,1,6120.0,0,0,0,1,0,0,0,0,0,0,2000.0,-4.4383726,-4.438372611999512,18.6,18.6,50.46331,50.46331024169922,28.57,28.57,0.0,0.0,0.632920634920635,0.632920634920635
0.06,0.26,1.2,0.008,0.007,0.0,0.0,0.0,0.0,0.0,0.0,0.0,0.032,0.0,0.015,0.0,0.0,0.0,0.0,0.0,0.0,200.0,250.0,14.0,440.0,523.0,33.0,81.5,,,,,,,,,,0,0,1,6120.0,0,0,0,1,0,0,0,0,0,0,2000.0,-7.2260695,-7.226069450378418,18.89,18.89,50.210686,50.21068572998047,27.7,27.7,0.0,0.0,0.7437539682539682,0.7437539682539682
0.06,0.25,1.19,0.008,0.007,0.0,0.0,0.0,0.0,0.0,0.0,0.0,0.0353,0.0,0.011,0.0,0.0,0.0,0.0,0.0,0.0,200.0,250.0,14.0,443.0,508.0,30.4,82.4,,,,,,,,,,0,0,1,6120.0,0,0,0,1,0,0,0,0,0,0,2000.0,-6.124556,-6.124556064605713,19.07,19.07,51.017643,51.017642974853516,29.73,29.73,0.0,0.0,0.7437539682539682,0.7437539682539682
0.062,0.31,1.24,0.008,0.008,0.0,0.0,0.0,0.0,0.0,0.0,0.0,0.0366,0.0,0.011,0.0,0.0,0.0,0.0,0.0,0.0,200.0,250.0,14.0,468.0,531.0,29.6,81.5,,,,,,,,,,0,0,1,6120.0,0,0,0,1,0,0,0,0,0,0,2000.0,-11.321238,-11.321237564086914,19.365,19.365,50.114265,50.11426544189453,32.23571428571429,32.23571428571429,0.0,0.0,0.7437539682539682,0.7437539682539682
0.055,0.33,1.39,0.007,0.007,0.0,0.0,0.0,0.0,0.0,0.0,0.0,0.0323,0.0,0.007,0.0,0.0,0.0,0.0,0.0,0.0,200.0,250.0,14.0,435.0,510.0,35.6,81.5,,,,,,,,,,1,0,0,6120.0,0,0,0,1,0,0,0,0,0,0,1000.0,-11.3443365,-11.34433650970459,18.39333333333333,18.39333333333333,28.08744,28.087440490722656,68.3849962406015,68.3849962406015,0.0,0.0,0.0,0.0
0.049,0.34,1.39,0.006,0.007,0.0,0.0,0.0,0.0,0.0,0.0,0.0,0.0339,0.0,0.0065,0.0,0.0,0.0,0.0,0.0,0.0,200.0,250.0,14.0,430.0,505.0,31.2,82.3,,,,,,,,,,1,0,0,6120.0,0,0,0,1,0,0,0,0,0,0,1000.0,-37.49264,-37.49264144897461,18.343333333333334,18.343333333333334,30.220419,30.22041893005371,67.19285338345863,67.19285338345863,0.0,0.0,0.0,0.0
0.048,0.31,1.34,0.008,0.008,0.0,0.0,0.0,0.0,0.0,0.0,0.0,0.0371,0.0,0.0075,0.0,0.0,0.0,0.0,0.0,0.0,200.0,250.0,14.0,433.0,504.0,31.0,82.3,,,,,,,,,,1,0,0,6120.0,0,0,0,1,0,0,0,0,0,0,1000.0,-11.317466,-11.317465782165527,20.135,20.135,28.836397,28.836397171020508,63.592464285714286,63.592464285714286,0.0,0.0,0.12828571428571428,0.12828571428571428
0.048,0.36,1.3,0.007,0.007,0.0,0.0,0.0,0.0,0.0,0.0,0.0,0.0401,0.0,0.007,0.0,0.0,0.0,0.0,0.0,0.0,200.0,250.0,14.0,465.0,526.0,30.4,80.6,,,,,,,,,,1,0,0,6120.0,0,0,0,1,0,0,0,0,0,0,1000.0,-12.460781,-12.46078109741211,17.953333333333333,17.953333333333333,29.898966,29.89896583557129,67.22664285714285,67.22664285714285,0.0,0.0,0.0,0.0
0.059,0.29,1.49,0.008,0.017,0.0,0.0,0.0,0.0,0.0,0.0,0.0,0.0305,0.0,0.011,0.0,0.0,0.0,0.0,0.0,0.0,200.0,250.0,14.0,442.0,524.0,31.6,80.6,,,,,,,,,,1,0,0,6120.0,0,0,0,1,0,0,0,0,0,0,1000.0,-11.181074,-11.181074142456055,23.44,23.44,27.284899,27.28489875793457,62.6987619047619,62.6987619047619,0.0,0.0,0.7437539682539682,0.7437539682539682
0.051,0.31,1.64,0.005,0.016,0.0,0.0,0.0,0.0,0.0,0.0,0.0,0.033,0.0,0.006,0.0,0.0,0.0,0.0,0.0,0.0,200.0,250.0,14.0,497.0,559.0,30.0,77.8,,,,,,,,,,1,0,0,6120.0,0,0,0,1,0,0,0,0,0,0,1000.0,-37.351234,-37.351234436035156,11.38,11.38,28.892141,28.892141342163086,65.76926608187135,65.76926608187135,0.0,0.0,0.0,0.0
0.069,0.53,1.17,0.008,0.014,0.0,0.0,0.0,0.0,0.0,0.0,0.0,0.0365,0.0,0.012,0.0,0.0,0.0,0.0,0.0,0.0,200.0,250.0,14.0,487.0,555.0,31.4,78.8,,,,,,,,,,1,0,0,6120.0,0,0,0,1,0,0,0,0,0,0,1000.0,-12.623867,-12.62386703491211,14.89,14.89,37.20159,37.20159149169922,38.77,38.77,0.0,0.0,0.776809523809524,0.776809523809524
0.068,0.36,1.56,0.006,0.01,0.0,0.0,0.0,0.0,0.0,0.0,0.0,0.0396,0.0,0.009,0.0,0.0,0.0,0.0,0.0,0.0,200.0,250.0,14.0,494.0,569.0,28.4,79.6,,,,,,,,,,1,0,0,6120.0,0,0,0,1,0,0,0,0,0,0,1000.0,-37.50071,-37.500709533691406,10.19,10.19,30.288778,30.28877830505371,68.84618815979341,68.84618815979341,0.0,0.0,0.8729206349206351,0.8729206349206351
0.043,0.3,0.69,0.006,0.007,0.0,0.0,0.0,0.0,0.0,0.0,0.0,0.0,0.0,0.0,0.0,0.0,0.0,0.0,0.0,0.0,200.0,580.0,2.0,373.0,448.0,34.4,83.0,,,,,,,,,,1,0,0,3570.0,0,0,0,1,0,0,0,0,0,0,1000.0,-14.956226,-14.956226348876953,16.59,16.59,34.138573,34.138572692871094,43.77,43.77,0.0,0.0,0.14781746031746032,0.14781746031746032
0.043,0.3,0.69,0.006,0.007,0.0,0.0,0.0,0.0,0.0,0.0,0.0,0.0,0.0,0.0,0.0,0.0,0.0,0.0,0.0,0.0,200.0,580.0,2.0,,,,,-70.0,9.0,,,,,,,,1,0,0,3570.0,0,0,0,1,0,0,0,0,0,0,1000.0,-14.956226,-14.956226348876953,16.59,16.59,34.138573,34.138572692871094,43.77,43.77,0.0,0.0,0.14781746031746032,0.14781746031746032
0.043,0.3,0.69,0.006,0.007,0.0,0.0,0.0,0.0,0.0,0.0,0.0,0.0,0.0,0.0,0.0,0.0,0.0,0.0,0.0,0.0,200.0,580.0,2.0,,,,,-60.0,15.0,,,,,,,,1,0,0,3570.0,0,0,0,1,0,0,0,0,0,0,1000.0,-14.956226,-14.956226348876953,16.59,16.59,34.138573,34.138572692871094,43.77,43.77,0.0,0.0,0.14781746031746032,0.14781746031746032
0.043,0.3,0.69,0.006,0.007,0.0,0.0,0.0,0.0,0.0,0.0,0.0,0.0,0.0,0.0,0.0,0.0,0.0,0.0,0.0,0.0,200.0,580.0,2.0,,,,,-50.0,53.0,,,,,,,,1,0,0,3570.0,0,0,0,1,0,0,0,0,0,0,1000.0,-14.956226,-14.956226348876953,16.59,16.59,34.138573,34.138572692871094,43.77,43.77,0.0,0.0,0.14781746031746032,0.14781746031746032
0.043,0.3,0.69,0.006,0.007,0.0,0.0,0.0,0.0,0.0,0.0,0.0,0.0,0.0,0.0,0.0,0.0,0.0,0.0,0.0,0.0,200.0,580.0,2.0,,,,,-40.0,117.0,,,,,,,,1,0,0,3570.0,0,0,0,1,0,0,0,0,0,0,1000.0,-14.956226,-14.956226348876953,16.59,16.59,34.138573,34.138572692871094,43.77,43.77,0.0,0.0,0.14781746031746032,0.14781746031746032
0.043,0.3,0.69,0.006,0.007,0.0,0.0,0.0,0.0,0.0,0.0,0.0,0.0,0.0,0.0,0.0,0.0,0.0,0.0,0.0,0.0,200.0,580.0,2.0,,,,,-20.0,220.0,,,,,,,,1,0,0,3570.0,0,0,0,1,0,0,0,0,0,0,1000.0,-14.956226,-14.956226348876953,16.59,16.59,34.138573,34.138572692871094,43.77,43.77,0.0,0.0,0.14781746031746032,0.14781746031746032
0.043,0.3,0.69,0.006,0.007,0.0,0.0,0.0,0.0,0.0,0.0,0.0,0.0,0.0,0.0,0.0,0.0,0.0,0.0,0.0,0.0,200.0,580.0,2.0,,,,,20.0,222.0,,,,,,,,1,0,0,3570.0,0,0,0,1,0,0,0,0,0,0,1000.0,-14.956226,-14.956226348876953,16.59,16.59,34.138573,34.138572692871094,43.77,43.77,0.0,0.0,0.14781746031746032,0.14781746031746032
0.042,0.31,0.98,0.006,0.007,0.0,0.0,0.0,0.0,0.0,0.0,0.0,0.0,0.0,0.0,0.0,0.0,0.0,0.0,0.0,0.0,200.0,580.0,2.0,392.0,476.0,34.4,80.6,,,,,,,,,,1,0,0,3570.0,0,0,0,1,0,0,0,0,0,0,1000.0,-37.900093,-37.90009307861328,16.67,16.67,32.94665,32.946651458740234,45.26,45.26,0.0,0.0,0.05515079365079365,0.05515079365079365
0.042,0.31,0.98,0.006,0.007,0.0,0.0,0.0,0.0,0.0,0.0,0.0,0.0,0.0,0.0,0.0,0.0,0.0,0.0,0.0,0.0,200.0,580.0,2.0,,,,,-70.0,21.0,,,,,,,,1,0,0,3570.0,0,0,0,1,0,0,0,0,0,0,1000.0,-37.900093,-37.90009307861328,16.67,16.67,32.94665,32.946651458740234,45.26,45.26,0.0,0.0,0.05515079365079365,0.05515079365079365
0.042,0.31,0.98,0.006,0.007,0.0,0.0,0.0,0.0,0.0,0.0,0.0,0.0,0.0,0.0,0.0,0.0,0.0,0.0,0.0,0.0,200.0,580.0,2.0,,,,,-60.0,38.0,,,,,,,,1,0,0,3570.0,0,0,0,1,0,0,0,0,0,0,1000.0,-37.900093,-37.90009307861328,16.67,16.67,32.94665,32.946651458740234,45.26,45.26,0.0,0.0,0.05515079365079365,0.05515079365079365
0.042,0.31,0.98,0.006,0.007,0.0,0.0,0.0,0.0,0.0,0.0,0.0,0.0,0.0,0.0,0.0,0.0,0.0,0.0,0.0,0.0,200.0,580.0,2.0,,,,,-50.0,74.0,,,,,,,,1,0,0,3570.0,0,0,0,1,0,0,0,0,0,0,1000.0,-37.900093,-37.90009307861328,16.67,16.67,32.94665,32.946651458740234,45.26,45.26,0.0,0.0,0.05515079365079365,0.05515079365079365
0.042,0.31,0.98,0.006,0.007,0.0,0.0,0.0,0.0,0.0,0.0,0.0,0.0,0.0,0.0,0.0,0.0,0.0,0.0,0.0,0.0,200.0,580.0,2.0,,,,,-40.0,182.0,,,,,,,,1,0,0,3570.0,0,0,0,1,0,0,0,0,0,0,1000.0,-37.900093,-37.90009307861328,16.67,16.67,32.94665,32.946651458740234,45.26,45.26,0.0,0.0,0.05515079365079365,0.05515079365079365
0.042,0.31,0.98,0.006,0.007,0.0,0.0,0.0,0.0,0.0,0.0,0.0,0.0,0.0,0.0,0.0,0.0,0.0,0.0,0.0,0.0,200.0,580.0,2.0,,,,,-20.0,220.0,,,,,,,,1,0,0,3570.0,0,0,0,1,0,0,0,0,0,0,1000.0,-37.900093,-37.90009307861328,16.67,16.67,32.94665,32.946651458740234,45.26,45.26,0.0,0.0,0.05515079365079365,0.05515079365079365
0.042,0.31,0.98,0.006,0.007,0.0,0.0,0.0,0.0,0.0,0.0,0.0,0.0,0.0,0.0,0.0,0.0,0.0,0.0,0.0,0.0,200.0,580.0,2.0,,,,,20.0,222.0,,,,,,,,1,0,0,3570.0,0,0,0,1,0,0,0,0,0,0,1000.0,-37.900093,-37.90009307861328,16.67,16.67,32.94665,32.946651458740234,45.26,45.26,0.0,0.0,0.05515079365079365,0.05515079365079365
0.045,0.31,1.39,0.005,0.007,0.0,0.0,0.0,0.0,0.0,0.0,0.0,0.0,0.0,0.0,0.0,0.0,0.0,0.0,0.0,0.0,200.0,580.0,2.0,414.0,502.0,31.0,80.6,,,,,,,,,,1,0,0,3570.0,0,0,0,1,0,0,0,0,0,0,1000.0,-37.491024,-37.491024017333984,18.738333333333333,18.738333333333333,27.703323,27.703323364257812,65.02066666666667,65.02066666666667,0.0,0.0,0.0,0.0
0.045,0.31,1.39,0.005,0.007,0.0,0.0,0.0,0.0,0.0,0.0,0.0,0.0,0.0,0.0,0.0,0.0,0.0,0.0,0.0,0.0,200.0,580.0,2.0,,,,,-70.0,38.0,,,,,,,,1,0,0,3570.0,0,0,0,1,0,0,0,0,0,0,1000.0,-37.491024,-37.491024017333984,18.738333333333333,18.738333333333333,27.703323,27.703323364257812,65.02066666666667,65.02066666666667,0.0,0.0,0.0,0.0
0.045,0.31,1.39,0.005,0.007,0.0,0.0,0.0,0.0,0.0,0.0,0.0,0.0,0.0,0.0,0.0,0.0,0.0,0.0,0.0,0.0,200.0,580.0,2.0,,,,,-60.0,81.0,,,,,,,,1,0,0,3570.0,0,0,0,1,0,0,0,0,0,0,1000.0,-37.491024,-37.491024017333984,18.738333333333333,18.738333333333333,27.703323,27.703323364257812,65.02066666666667,65.02066666666667,0.0,0.0,0.0,0.0
0.045,0.31,1.39,0.005,0.007,0.0,0.0,0.0,0.0,0.0,0.0,0.0,0.0,0.0,0.0,0.0,0.0,0.0,0.0,0.0,0.0,200.0,580.0,2.0,,,,,-50.0,129.0,,,,,,,,1,0,0,3570.0,0,0,0,1,0,0,0,0,0,0,1000.0,-37.491024,-37.491024017333984,18.738333333333333,18.738333333333333,27.703323,27.703323364257812,65.02066666666667,65.02066666666667,0.0,0.0,0.0,0.0
0.045,0.31,1.39,0.005,0.007,0.0,0.0,0.0,0.0,0.0,0.0,0.0,0.0,0.0,0.0,0.0,0.0,0.0,0.0,0.0,0.0,200.0,580.0,2.0,,,,,-40.0,172.0,,,,,,,,1,0,0,3570.0,0,0,0,1,0,0,0,0,0,0,1000.0,-37.491024,-37.491024017333984,18.738333333333333,18.738333333333333,27.703323,27.703323364257812,65.02066666666667,65.02066666666667,0.0,0.0,0.0,0.0
0.045,0.31,1.39,0.005,0.007,0.0,0.0,0.0,0.0,0.0,0.0,0.0,0.0,0.0,0.0,0.0,0.0,0.0,0.0,0.0,0.0,200.0,580.0,2.0,,,,,-20.0,220.0,,,,,,,,1,0,0,3570.0,0,0,0,1,0,0,0,0,0,0,1000.0,-37.491024,-37.491024017333984,18.738333333333333,18.738333333333333,27.703323,27.703323364257812,65.02066666666667,65.02066666666667,0.0,0.0,0.0,0.0
0.045,0.31,1.39,0.005,0.007,0.0,0.0,0.0,0.0,0.0,0.0,0.0,0.0,0.0,0.0,0.0,0.0,0.0,0.0,0.0,0.0,200.0,580.0,2.0,,,,,20.0,222.0,,,,,,,,1,0,0,3570.0,0,0,0,1,0,0,0,0,0,0,1000.0,-37.491024,-37.491024017333984,18.738333333333333,18.738333333333333,27.703323,27.703323364257812,65.02066666666667,65.02066666666667,0.0,0.0,0.0,0.0
0.045,0.29,1.83,0.005,0.008,0.0,0.0,0.0,0.0,0.0,0.0,0.0,0.0,0.0,0.0,0.0,0.0,0.0,0.0,0.0,0.0,200.0,580.0,2.0,444.0,525.0,29.8,79.9,,,,,,,,,,1,0,0,3570.0,0,0,0,1,0,0,0,0,0,0,1000.0,-37.76684,-37.766841888427734,8.15,8.15,19.747223,19.747222900390625,59.789722222222224,59.789722222222224,15.6,15.6,0.0,0.0
0.045,0.29,1.83,0.005,0.008,0.0,0.0,0.0,0.0,0.0,0.0,0.0,0.0,0.0,0.0,0.0,0.0,0.0,0.0,0.0,0.0,200.0,580.0,2.0,,,,,-70.0,36.0,,,,,,,,1,0,0,3570.0,0,0,0,1,0,0,0,0,0,0,1000.0,-37.76684,-37.766841888427734,8.15,8.15,19.747223,19.747222900390625,59.789722222222224,59.789722222222224,15.6,15.6,0.0,0.0
0.045,0.29,1.83,0.005,0.008,0.0,0.0,0.0,0.0,0.0,0.0,0.0,0.0,0.0,0.0,0.0,0.0,0.0,0.0,0.0,0.0,200.0,580.0,2.0,,,,,-60.0,76.0,,,,,,,,1,0,0,3570.0,0,0,0,1,0,0,0,0,0,0,1000.0,-37.76684,-37.766841888427734,8.15,8.15,19.747223,19.747222900390625,59.789722222222224,59.789722222222224,15.6,15.6,0.0,0.0
0.045,0.29,1.83,0.005,0.008,0.0,0.0,0.0,0.0,0.0,0.0,0.0,0.0,0.0,0.0,0.0,0.0,0.0,0.0,0.0,0.0,200.0,580.0,2.0,,,,,-50.0,117.0,,,,,,,,1,0,0,3570.0,0,0,0,1,0,0,0,0,0,0,1000.0,-37.76684,-37.766841888427734,8.15,8.15,19.747223,19.747222900390625,59.789722222222224,59.789722222222224,15.6,15.6,0.0,0.0
0.045,0.29,1.83,0.005,0.008,0.0,0.0,0.0,0.0,0.0,0.0,0.0,0.0,0.0,0.0,0.0,0.0,0.0,0.0,0.0,0.0,200.0,580.0,2.0,,,,,-40.0,153.0,,,,,,,,1,0,0,3570.0,0,0,0,1,0,0,0,0,0,0,1000.0,-37.76684,-37.766841888427734,8.15,8.15,19.747223,19.747222900390625,59.789722222222224,59.789722222222224,15.6,15.6,0.0,0.0
0.045,0.29,1.83,0.005,0.008,0.0,0.0,0.0,0.0,0.0,0.0,0.0,0.0,0.0,0.0,0.0,0.0,0.0,0.0,0.0,0.0,200.0,580.0,2.0,,,,,-20.0,203.0,,,,,,,,1,0,0,3570.0,0,0,0,1,0,0,0,0,0,0,1000.0,-37.76684,-37.766841888427734,8.15,8.15,19.747223,19.747222900390625,59.789722222222224,59.789722222222224,15.6,15.6,0.0,0.0
0.045,0.29,1.83,0.005,0.008,0.0,0.0,0.0,0.0,0.0,0.0,0.0,0.0,0.0,0.0,0.0,0.0,0.0,0.0,0.0,0.0,200.0,580.0,2.0,,,,,20.0,222.0,,,,,,,,1,0,0,3570.0,0,0,0,1,0,0,0,0,0,0,1000.0,-37.76684,-37.766841888427734,8.15,8.15,19.747223,19.747222900390625,59.789722222222224,59.789722222222224,15.6,15.6,0.0,0.0
0.058,0.33,0.63,0.007,0.007,0.0,0.0,0.0,0.0,0.0,0.0,0.0,0.0,0.0,0.0,0.0,0.0,0.0,0.0,0.0,0.0,200.0,580.0,2.0,386.0,465.0,33.4,78.8,,,,,,,,,,1,0,0,3570.0,0,0,0,1,0,0,0,0,0,0,1000.0,0.8201963,0.820196270942688,22.593333333333334,22.593333333333334,49.05528,49.05527877807617,30.21,30.21,0.0,0.0,0.16115079365079363,0.16115079365079363
0.058,0.33,0.63,0.007,0.007,0.0,0.0,0.0,0.0,0.0,0.0,0.0,0.0,0.0,0.0,0.0,0.0,0.0,0.0,0.0,0.0,200.0,580.0,2.0,,,,,-60.0,13.0,,,,,,,,1,0,0,3570.0,0,0,0,1,0,0,0,0,0,0,1000.0,0.8201963,0.820196270942688,22.593333333333334,22.593333333333334,49.05528,49.05527877807617,30.21,30.21,0.0,0.0,0.16115079365079363,0.16115079365079363
0.058,0.33,0.63,0.007,0.007,0.0,0.0,0.0,0.0,0.0,0.0,0.0,0.0,0.0,0.0,0.0,0.0,0.0,0.0,0.0,0.0,200.0,580.0,2.0,,,,,-50.0,27.0,,,,,,,,1,0,0,3570.0,0,0,0,1,0,0,0,0,0,0,1000.0,0.8201963,0.820196270942688,22.593333333333334,22.593333333333334,49.05528,49.05527877807617,30.21,30.21,0.0,0.0,0.16115079365079363,0.16115079365079363
0.058,0.33,0.63,0.007,0.007,0.0,0.0,0.0,0.0,0.0,0.0,0.0,0.0,0.0,0.0,0.0,0.0,0.0,0.0,0.0,0.0,200.0,580.0,2.0,,,,,-40.0,78.0,,,,,,,,1,0,0,3570.0,0,0,0,1,0,0,0,0,0,0,1000.0,0.8201963,0.820196270942688,22.593333333333334,22.593333333333334,49.05528,49.05527877807617,30.21,30.21,0.0,0.0,0.16115079365079363,0.16115079365079363
0.058,0.33,0.63,0.007,0.007,0.0,0.0,0.0,0.0,0.0,0.0,0.0,0.0,0.0,0.0,0.0,0.0,0.0,0.0,0.0,0.0,200.0,580.0,2.0,,,,,-20.0,178.0,,,,,,,,1,0,0,3570.0,0,0,0,1,0,0,0,0,0,0,1000.0,0.8201963,0.820196270942688,22.593333333333334,22.593333333333334,49.05528,49.05527877807617,30.21,30.21,0.0,0.0,0.16115079365079363,0.16115079365079363
0.058,0.33,0.63,0.007,0.007,0.0,0.0,0.0,0.0,0.0,0.0,0.0,0.0,0.0,0.0,0.0,0.0,0.0,0.0,0.0,0.0,200.0,580.0,2.0,,,,,20.0,220.0,,,,,,,,1,0,0,3570.0,0,0,0,1,0,0,0,0,0,0,1000.0,0.8201963,0.820196270942688,22.593333333333334,22.593333333333334,49.05528,49.05527877807617,30.21,30.21,0.0,0.0,0.16115079365079363,0.16115079365079363
0.065,0.34,0.97,0.007,0.008,0.0,0.0,0.0,0.0,0.0,0.0,0.0,0.0,0.0,0.0,0.0,0.0,0.0,0.0,0.0,0.0,200.0,580.0,2.0,418.0,500.0,35.0,80.6,,,,,,,,,,1,0,0,3570.0,0,0,0,1,0,0,0,0,0,0,1000.0,-5.0822206,-5.082220554351807,16.38,16.38,49.05528,49.05527877807617,31.34,31.34,0.0,0.0,0.05515079365079365,0.05515079365079365
0.065,0.34,0.97,0.007,0.008,0.0,0.0,0.0,0.0,0.0,0.0,0.0,0.0,0.0,0.0,0.0,0.0,0.0,0.0,0.0,0.0,200.0,580.0,2.0,,,,,-70.0,15.0,,,,,,,,1,0,0,3570.0,0,0,0,1,0,0,0,0,0,0,1000.0,-5.0822206,-5.082220554351807,16.38,16.38,49.05528,49.05527877807617,31.34,31.34,0.0,0.0,0.05515079365079365,0.05515079365079365
0.065,0.34,0.97,0.007,0.008,0.0,0.0,0.0,0.0,0.0,0.0,0.0,0.0,0.0,0.0,0.0,0.0,0.0,0.0,0.0,0.0,200.0,580.0,2.0,,,,,-60.0,45.0,,,,,,,,1,0,0,3570.0,0,0,0,1,0,0,0,0,0,0,1000.0,-5.0822206,-5.082220554351807,16.38,16.38,49.05528,49.05527877807617,31.34,31.34,0.0,0.0,0.05515079365079365,0.05515079365079365
0.065,0.34,0.97,0.007,0.008,0.0,0.0,0.0,0.0,0.0,0.0,0.0,0.0,0.0,0.0,0.0,0.0,0.0,0.0,0.0,0.0,200.0,580.0,2.0,,,,,-50.0,100.0,,,,,,,,1,0,0,3570.0,0,0,0,1,0,0,0,0,0,0,1000.0,-5.0822206,-5.082220554351807,16.38,16.38,49.05528,49.05527877807617,31.34,31.34,0.0,0.0,0.05515079365079365,0.05515079365079365
0.065,0.34,0.97,0.007,0.008,0.0,0.0,0.0,0.0,0.0,0.0,0.0,0.0,0.0,0.0,0.0,0.0,0.0,0.0,0.0,0.0,200.0,580.0,2.0,,,,,-40.0,155.0,,,,,,,,1,0,0,3570.0,0,0,0,1,0,0,0,0,0,0,1000.0,-5.0822206,-5.082220554351807,16.38,16.38,49.05528,49.05527877807617,31.34,31.34,0.0,0.0,0.05515079365079365,0.05515079365079365
0.065,0.34,0.97,0.007,0.008,0.0,0.0,0.0,0.0,0.0,0.0,0.0,0.0,0.0,0.0,0.0,0.0,0.0,0.0,0.0,0.0,200.0,580.0,2.0,,,,,-20.0,201.0,,,,,,,,1,0,0,3570.0,0,0,0,1,0,0,0,0,0,0,1000.0,-5.0822206,-5.082220554351807,16.38,16.38,49.05528,49.05527877807617,31.34,31.34,0.0,0.0,0.05515079365079365,0.05515079365079365
0.065,0.34,0.97,0.007,0.008,0.0,0.0,0.0,0.0,0.0,0.0,0.0,0.0,0.0,0.0,0.0,0.0,0.0,0.0,0.0,0.0,200.0,580.0,2.0,,,,,20.0,220.0,,,,,,,,1,0,0,3570.0,0,0,0,1,0,0,0,0,0,0,1000.0,-5.0822206,-5.082220554351807,16.38,16.38,49.05528,49.05527877807617,31.34,31.34,0.0,0.0,0.05515079365079365,0.05515079365079365
0.066,0.35,1.36,0.007,0.008,0.0,0.0,0.0,0.0,0.0,0.0,0.0,0.0,0.0,0.0,0.0,0.0,0.0,0.0,0.0,0.0,200.0,580.0,2.0,455.0,540.0,31.2,77.9,,,,,,,,,,1,0,0,3570.0,0,0,0,1,0,0,0,0,0,0,1000.0,-11.342719,-11.342719078063965,18.023333333333333,18.023333333333333,27.690536,27.690536499023438,67.45481766917293,67.45481766917293,0.0,0.0,0.0,0.0
0.066,0.35,1.36,0.007,0.008,0.0,0.0,0.0,0.0,0.0,0.0,0.0,0.0,0.0,0.0,0.0,0.0,0.0,0.0,0.0,0.0,200.0,580.0,2.0,,,,,-70.0,30.0,,,,,,,,1,0,0,3570.0,0,0,0,1,0,0,0,0,0,0,1000.0,-11.342719,-11.342719078063965,18.023333333333333,18.023333333333333,27.690536,27.690536499023438,67.45481766917293,67.45481766917293,0.0,0.0,0.0,0.0
0.066,0.35,1.36,0.007,0.008,0.0,0.0,0.0,0.0,0.0,0.0,0.0,0.0,0.0,0.0,0.0,0.0,0.0,0.0,0.0,0.0,200.0,580.0,2.0,,,,,-60.0,72.0,,,,,,,,1,0,0,3570.0,0,0,0,1,0,0,0,0,0,0,1000.0,-11.342719,-11.342719078063965,18.023333333333333,18.023333333333333,27.690536,27.690536499023438,67.45481766917293,67.45481766917293,0.0,0.0,0.0,0.0
0.066,0.35,1.36,0.007,0.008,0.0,0.0,0.0,0.0,0.0,0.0,0.0,0.0,0.0,0.0,0.0,0.0,0.0,0.0,0.0,0.0,200.0,580.0,2.0,,,,,-50.0,119.0,,,,,,,,1,0,0,3570.0,0,0,0,1,0,0,0,0,0,0,1000.0,-11.342719,-11.342719078063965,18.023333333333333,18.023333333333333,27.690536,27.690536499023438,67.45481766917293,67.45481766917293,0.0,0.0,0.0,0.0
0.066,0.35,1.36,0.007,0.008,0.0,0.0,0.0,0.0,0.0,0.0,0.0,0.0,0.0,0.0,0.0,0.0,0.0,0.0,0.0,0.0,200.0,580.0,2.0,,,,,-40.0,165.0,,,,,,,,1,0,0,3570.0,0,0,0,1,0,0,0,0,0,0,1000.0,-11.342719,-11.342719078063965,18.023333333333333,18.023333333333333,27.690536,27.690536499023438,67.45481766917293,67.45481766917293,0.0,0.0,0.0,0.0
0.066,0.35,1.36,0.007,0.008,0.0,0.0,0.0,0.0,0.0,0.0,0.0,0.0,0.0,0.0,0.0,0.0,0.0,0.0,0.0,0.0,200.0,580.0,2.0,,,,,-20.0,201.0,,,,,,,,1,0,0,3570.0,0,0,0,1,0,0,0,0,0,0,1000.0,-11.342719,-11.342719078063965,18.023333333333333,18.023333333333333,27.690536,27.690536499023438,67.45481766917293,67.45481766917293,0.0,0.0,0.0,0.0
0.066,0.35,1.36,0.007,0.008,0.0,0.0,0.0,0.0,0.0,0.0,0.0,0.0,0.0,0.0,0.0,0.0,0.0,0.0,0.0,0.0,200.0,580.0,2.0,,,,,20.0,206.0,,,,,,,,1,0,0,3570.0,0,0,0,1,0,0,0,0,0,0,1000.0,-11.342719,-11.342719078063965,18.023333333333333,18.023333333333333,27.690536,27.690536499023438,67.45481766917293,67.45481766917293,0.0,0.0,0.0,0.0
0.074,0.36,1.8,0.008,0.008,0.0,0.0,0.0,0.0,0.0,0.0,0.0,0.0,0.0,0.0,0.0,0.0,0.0,0.0,0.0,0.0,200.0,580.0,2.0,504.0,594.0,26.2,75.0,,,,,,,,,,1,0,0,3570.0,0,0,0,1,0,0,0,0,0,0,1000.0,-12.677247,-12.677247047424316,6.64,6.64,32.48088,32.48088073730469,59.22738095238095,59.22738095238095,15.6,15.6,0.3732857142857144,0.3732857142857144
0.074,0.36,1.8,0.008,0.008,0.0,0.0,0.0,0.0,0.0,0.0,0.0,0.0,0.0,0.0,0.0,0.0,0.0,0.0,0.0,0.0,200.0,580.0,2.0,,,,,-70.0,30.0,,,,,,,,1,0,0,3570.0,0,0,0,1,0,0,0,0,0,0,1000.0,-12.677247,-12.677247047424316,6.64,6.64,32.48088,32.48088073730469,59.22738095238095,59.22738095238095,15.6,15.6,0.3732857142857144,0.3732857142857144
0.074,0.36,1.8,0.008,0.008,0.0,0.0,0.0,0.0,0.0,0.0,0.0,0.0,0.0,0.0,0.0,0.0,0.0,0.0,0.0,0.0,200.0,580.0,2.0,,,,,-60.0,55.0,,,,,,,,1,0,0,3570.0,0,0,0,1,0,0,0,0,0,0,1000.0,-12.677247,-12.677247047424316,6.64,6.64,32.48088,32.48088073730469,59.22738095238095,59.22738095238095,15.6,15.6,0.3732857142857144,0.3732857142857144
0.074,0.36,1.8,0.008,0.008,0.0,0.0,0.0,0.0,0.0,0.0,0.0,0.0,0.0,0.0,0.0,0.0,0.0,0.0,0.0,0.0,200.0,580.0,2.0,,,,,-50.0,89.0,,,,,,,,1,0,0,3570.0,0,0,0,1,0,0,0,0,0,0,1000.0,-12.677247,-12.677247047424316,6.64,6.64,32.48088,32.48088073730469,59.22738095238095,59.22738095238095,15.6,15.6,0.3732857142857144,0.3732857142857144
0.074,0.36,1.8,0.008,0.008,0.0,0.0,0.0,0.0,0.0,0.0,0.0,0.0,0.0,0.0,0.0,0.0,0.0,0.0,0.0,0.0,200.0,580.0,2.0,,,,,-40.0,121.0,,,,,,,,1,0,0,3570.0,0,0,0,1,0,0,0,0,0,0,1000.0,-12.677247,-12.677247047424316,6.64,6.64,32.48088,32.48088073730469,59.22738095238095,59.22738095238095,15.6,15.6,0.3732857142857144,0.3732857142857144
0.074,0.36,1.8,0.008,0.008,0.0,0.0,0.0,0.0,0.0,0.0,0.0,0.0,0.0,0.0,0.0,0.0,0.0,0.0,0.0,0.0,200.0,580.0,2.0,,,,,-20.0,161.0,,,,,,,,1,0,0,3570.0,0,0,0,1,0,0,0,0,0,0,1000.0,-12.677247,-12.677247047424316,6.64,6.64,32.48088,32.48088073730469,59.22738095238095,59.22738095238095,15.6,15.6,0.3732857142857144,0.3732857142857144
0.074,0.36,1.8,0.008,0.008,0.0,0.0,0.0,0.0,0.0,0.0,0.0,0.0,0.0,0.0,0.0,0.0,0.0,0.0,0.0,0.0,200.0,580.0,2.0,,,,,20.0,188.0,,,,,,,,1,0,0,3570.0,0,0,0,1,0,0,0,0,0,0,1000.0,-12.677247,-12.677247047424316,6.64,6.64,32.48088,32.48088073730469,59.22738095238095,59.22738095238095,15.6,15.6,0.3732857142857144,0.3732857142857144
0.089,0.35,0.68,0.008,0.008,0.0,0.0,0.0,0.0,0.0,0.0,0.0,0.0,0.0,0.0,0.0,0.0,0.0,0.0,0.0,0.0,200.0,580.0,2.0,394.0,499.0,34.2,78.8,,,,,,,,,,1,0,0,3570.0,0,0,0,1,0,0,0,0,0,0,1000.0,2.0023866,2.0023865699768066,25.42,25.42,46.20164,46.20164108276367,31.39,31.39,0.0,0.0,0.6836832611832611,0.6836832611832611
0.089,0.35,0.68,0.008,0.008,0.0,0.0,0.0,0.0,0.0,0.0,0.0,0.0,0.0,0.0,0.0,0.0,0.0,0.0,0.0,0.0,200.0,580.0,2.0,,,,,-70.0,23.0,,,,,,,,1,0,0,3570.0,0,0,0,1,0,0,0,0,0,0,1000.0,2.0023866,2.0023865699768066,25.42,25.42,46.20164,46.20164108276367,31.39,31.39,0.0,0.0,0.6836832611832611,0.6836832611832611
0.089,0.35,0.68,0.008,0.008,0.0,0.0,0.0,0.0,0.0,0.0,0.0,0.0,0.0,0.0,0.0,0.0,0.0,0.0,0.0,0.0,200.0,580.0,2.0,,,,,-60.0,27.0,,,,,,,,1,0,0,3570.0,0,0,0,1,0,0,0,0,0,0,1000.0,2.0023866,2.0023865699768066,25.42,25.42,46.20164,46.20164108276367,31.39,31.39,0.0,0.0,0.6836832611832611,0.6836832611832611
0.089,0.35,0.68,0.008,0.008,0.0,0.0,0.0,0.0,0.0,0.0,0.0,0.0,0.0,0.0,0.0,0.0,0.0,0.0,0.0,0.0,200.0,580.0,2.0,,,,,-50.0,45.0,,,,,,,,1,0,0,3570.0,0,0,0,1,0,0,0,0,0,0,1000.0,2.0023866,2.0023865699768066,25.42,25.42,46.20164,46.20164108276367,31.39,31.39,0.0,0.0,0.6836832611832611,0.6836832611832611
0.089,0.35,0.68,0.008,0.008,0.0,0.0,0.0,0.0,0.0,0.0,0.0,0.0,0.0,0.0,0.0,0.0,0.0,0.0,0.0,0.0,200.0,580.0,2.0,,,,,-40.0,95.0,,,,,,,,1,0,0,3570.0,0,0,0,1,0,0,0,0,0,0,1000.0,2.0023866,2.0023865699768066,25.42,25.42,46.20164,46.20164108276367,31.39,31.39,0.0,0.0,0.6836832611832611,0.6836832611832611
0.089,0.35,0.68,0.008,0.008,0.0,0.0,0.0,0.0,0.0,0.0,0.0,0.0,0.0,0.0,0.0,0.0,0.0,0.0,0.0,0.0,200.0,580.0,2.0,,,,,-20.0,157.0,,,,,,,,1,0,0,3570.0,0,0,0,1,0,0,0,0,0,0,1000.0,2.0023866,2.0023865699768066,25.42,25.42,46.20164,46.20164108276367,31.39,31.39,0.0,0.0,0.6836832611832611,0.6836832611832611
0.089,0.35,0.68,0.008,0.008,0.0,0.0,0.0,0.0,0.0,0.0,0.0,0.0,0.0,0.0,0.0,0.0,0.0,0.0,0.0,0.0,200.0,580.0,2.0,,,,,20.0,220.0,,,,,,,,1,0,0,3570.0,0,0,0,1,0,0,0,0,0,0,1000.0,2.0023866,2.0023865699768066,25.42,25.42,46.20164,46.20164108276367,31.39,31.39,0.0,0.0,0.6836832611832611,0.6836832611832611
0.095,0.36,1.05,0.007,0.008,0.0,0.0,0.0,0.0,0.0,0.0,0.0,0.0,0.0,0.0,0.0,0.0,0.0,0.0,0.0,0.0,200.0,580.0,2.0,435.0,546.0,34.0,77.0,,,,,,,,,,1,0,0,3570.0,0,0,0,1,0,0,0,0,0,0,1000.0,-5.944536,-5.944536209106445,25.98,25.98,46.20164,46.20164108276367,31.71,31.71,0.0,0.0,0.4160642135642136,0.4160642135642136
0.095,0.36,1.05,0.007,0.008,0.0,0.0,0.0,0.0,0.0,0.0,0.0,0.0,0.0,0.0,0.0,0.0,0.0,0.0,0.0,0.0,200.0,580.0,2.0,,,,,-70.0,11.0,,,,,,,,1,0,0,3570.0,0,0,0,1,0,0,0,0,0,0,1000.0,-5.944536,-5.944536209106445,25.98,25.98,46.20164,46.20164108276367,31.71,31.71,0.0,0.0,0.4160642135642136,0.4160642135642136
0.095,0.36,1.05,0.007,0.008,0.0,0.0,0.0,0.0,0.0,0.0,0.0,0.0,0.0,0.0,0.0,0.0,0.0,0.0,0.0,0.0,200.0,580.0,2.0,,,,,-60.0,34.0,,,,,,,,1,0,0,3570.0,0,0,0,1,0,0,0,0,0,0,1000.0,-5.944536,-5.944536209106445,25.98,25.98,46.20164,46.20164108276367,31.71,31.71,0.0,0.0,0.4160642135642136,0.4160642135642136
0.095,0.36,1.05,0.007,0.008,0.0,0.0,0.0,0.0,0.0,0.0,0.0,0.0,0.0,0.0,0.0,0.0,0.0,0.0,0.0,0.0,200.0,580.0,2.0,,,,,-50.0,74.0,,,,,,,,1,0,0,3570.0,0,0,0,1,0,0,0,0,0,0,1000.0,-5.944536,-5.944536209106445,25.98,25.98,46.20164,46.20164108276367,31.71,31.71,0.0,0.0,0.4160642135642136,0.4160642135642136
0.095,0.36,1.05,0.007,0.008,0.0,0.0,0.0,0.0,0.0,0.0,0.0,0.0,0.0,0.0,0.0,0.0,0.0,0.0,0.0,0.0,200.0,580.0,2.0,,,,,-40.0,110.0,,,,,,,,1,0,0,3570.0,0,0,0,1,0,0,0,0,0,0,1000.0,-5.944536,-5.944536209106445,25.98,25.98,46.20164,46.20164108276367,31.71,31.71,0.0,0.0,0.4160642135642136,0.4160642135642136
0.095,0.36,1.05,0.007,0.008,0.0,0.0,0.0,0.0,0.0,0.0,0.0,0.0,0.0,0.0,0.0,0.0,0.0,0.0,0.0,0.0,200.0,580.0,2.0,,,,,-20.0,165.0,,,,,,,,1,0,0,3570.0,0,0,0,1,0,0,0,0,0,0,1000.0,-5.944536,-5.944536209106445,25.98,25.98,46.20164,46.20164108276367,31.71,31.71,0.0,0.0,0.4160642135642136,0.4160642135642136
0.095,0.36,1.05,0.007,0.008,0.0,0.0,0.0,0.0,0.0,0.0,0.0,0.0,0.0,0.0,0.0,0.0,0.0,0.0,0.0,0.0,200.0,580.0,2.0,,,,,20.0,220.0,,,,,,,,1,0,0,3570.0,0,0,0,1,0,0,0,0,0,0,1000.0,-5.944536,-5.944536209106445,25.98,25.98,46.20164,46.20164108276367,31.71,31.71,0.0,0.0,0.4160642135642136,0.4160642135642136
0.088,0.34,1.33,0.008,0.007,0.0,0.0,0.0,0.0,0.0,0.0,0.0,0.0,0.0,0.0,0.0,0.0,0.0,0.0,0.0,0.0,200.0,580.0,2.0,461.0,568.0,28.6,77.9,,,,,,,,,,1,0,0,3570.0,0,0,0,1,0,0,0,0,0,0,1000.0,-11.069662,-11.069662094116211,25.41,25.41,38.934425,38.934425354003906,38.66333333333333,38.66333333333333,0.0,0.0,0.3451038961038961,0.3451038961038961
0.088,0.34,1.33,0.008,0.007,0.0,0.0,0.0,0.0,0.0,0.0,0.0,0.0,0.0,0.0,0.0,0.0,0.0,0.0,0.0,0.0,200.0,580.0,2.0,,,,,-70.0,72.0,,,,,,,,1,0,0,3570.0,0,0,0,1,0,0,0,0,0,0,1000.0,-11.069662,-11.069662094116211,25.41,25.41,38.934425,38.934425354003906,38.66333333333333,38.66333333333333,0.0,0.0,0.3451038961038961,0.3451038961038961
0.088,0.34,1.33,0.008,0.007,0.0,0.0,0.0,0.0,0.0,0.0,0.0,0.0,0.0,0.0,0.0,0.0,0.0,0.0,0.0,0.0,200.0,580.0,2.0,,,,,-60.0,106.0,,,,,,,,1,0,0,3570.0,0,0,0,1,0,0,0,0,0,0,1000.0,-11.069662,-11.069662094116211,25.41,25.41,38.934425,38.934425354003906,38.66333333333333,38.66333333333333,0.0,0.0,0.3451038961038961,0.3451038961038961
0.088,0.34,1.33,0.008,0.007,0.0,0.0,0.0,0.0,0.0,0.0,0.0,0.0,0.0,0.0,0.0,0.0,0.0,0.0,0.0,0.0,200.0,580.0,2.0,,,,,-50.0,133.0,,,,,,,,1,0,0,3570.0,0,0,0,1,0,0,0,0,0,0,1000.0,-11.069662,-11.069662094116211,25.41,25.41,38.934425,38.934425354003906,38.66333333333333,38.66333333333333,0.0,0.0,0.3451038961038961,0.3451038961038961
0.088,0.34,1.33,0.008,0.007,0.0,0.0,0.0,0.0,0.0,0.0,0.0,0.0,0.0,0.0,0.0,0.0,0.0,0.0,0.0,0.0,200.0,580.0,2.0,,,,,-40.0,155.0,,,,,,,,1,0,0,3570.0,0,0,0,1,0,0,0,0,0,0,1000.0,-11.069662,-11.069662094116211,25.41,25.41,38.934425,38.934425354003906,38.66333333333333,38.66333333333333,0.0,0.0,0.3451038961038961,0.3451038961038961
0.088,0.34,1.33,0.008,0.007,0.0,0.0,0.0,0.0,0.0,0.0,0.0,0.0,0.0,0.0,0.0,0.0,0.0,0.0,0.0,0.0,200.0,580.0,2.0,,,,,-20.0,188.0,,,,,,,,1,0,0,3570.0,0,0,0,1,0,0,0,0,0,0,1000.0,-11.069662,-11.069662094116211,25.41,25.41,38.934425,38.934425354003906,38.66333333333333,38.66333333333333,0.0,0.0,0.3451038961038961,0.3451038961038961
0.088,0.34,1.33,0.008,0.007,0.0,0.0,0.0,0.0,0.0,0.0,0.0,0.0,0.0,0.0,0.0,0.0,0.0,0.0,0.0,0.0,200.0,580.0,2.0,,,,,20.0,208.0,,,,,,,,1,0,0,3570.0,0,0,0,1,0,0,0,0,0,0,1000.0,-11.069662,-11.069662094116211,25.41,25.41,38.934425,38.934425354003906,38.66333333333333,38.66333333333333,0.0,0.0,0.3451038961038961,0.3451038961038961
0.089,0.33,1.69,0.007,0.008,0.0,0.0,0.0,0.0,0.0,0.0,0.0,0.0,0.0,0.0,0.0,0.0,0.0,0.0,0.0,0.0,200.0,580.0,2.0,490.0,597.0,30.2,75.0,,,,,,,,,,1,0,0,3570.0,0,0,0,1,0,0,0,0,0,0,1000.0,-11.534866,-11.534866333007812,9.34,9.34,37.239616,37.23961639404297,37.76738095238095,37.76738095238095,15.6,15.6,0.24666666666666667,0.24666666666666667
0.089,0.33,1.69,0.007,0.008,0.0,0.0,0.0,0.0,0.0,0.0,0.0,0.0,0.0,0.0,0.0,0.0,0.0,0.0,0.0,0.0,200.0,580.0,2.0,,,,,-70.0,53.0,,,,,,,,1,0,0,3570.0,0,0,0,1,0,0,0,0,0,0,1000.0,-11.534866,-11.534866333007812,9.34,9.34,37.239616,37.23961639404297,37.76738095238095,37.76738095238095,15.6,15.6,0.24666666666666667,0.24666666666666667
0.089,0.33,1.69,0.007,0.008,0.0,0.0,0.0,0.0,0.0,0.0,0.0,0.0,0.0,0.0,0.0,0.0,0.0,0.0,0.0,0.0,200.0,580.0,2.0,,,,,-60.0,74.0,,,,,,,,1,0,0,3570.0,0,0,0,1,0,0,0,0,0,0,1000.0,-11.534866,-11.534866333007812,9.34,9.34,37.239616,37.23961639404297,37.76738095238095,37.76738095238095,15.6,15.6,0.24666666666666667,0.24666666666666667
0.089,0.33,1.69,0.007,0.008,0.0,0.0,0.0,0.0,0.0,0.0,0.0,0.0,0.0,0.0,0.0,0.0,0.0,0.0,0.0,0.0,200.0,580.0,2.0,,,,,-50.0,95.0,,,,,,,,1,0,0,3570.0,0,0,0,1,0,0,0,0,0,0,1000.0,-11.534866,-11.534866333007812,9.34,9.34,37.239616,37.23961639404297,37.76738095238095,37.76738095238095,15.6,15.6,0.24666666666666667,0.24666666666666667
0.089,0.33,1.69,0.007,0.008,0.0,0.0,0.0,0.0,0.0,0.0,0.0,0.0,0.0,0.0,0.0,0.0,0.0,0.0,0.0,0.0,200.0,580.0,2.0,,,,,-40.0,114.0,,,,,,,,1,0,0,3570.0,0,0,0,1,0,0,0,0,0,0,1000.0,-11.534866,-11.534866333007812,9.34,9.34,37.239616,37.23961639404297,37.76738095238095,37.76738095238095,15.6,15.6,0.24666666666666667,0.24666666666666667
0.089,0.33,1.69,0.007,0.008,0.0,0.0,0.0,0.0,0.0,0.0,0.0,0.0,0.0,0.0,0.0,0.0,0.0,0.0,0.0,0.0,200.0,580.0,2.0,,,,,-20.0,151.0,,,,,,,,1,0,0,3570.0,0,0,0,1,0,0,0,0,0,0,1000.0,-11.534866,-11.534866333007812,9.34,9.34,37.239616,37.23961639404297,37.76738095238095,37.76738095238095,15.6,15.6,0.24666666666666667,0.24666666666666667
0.089,0.33,1.69,0.007,0.008,0.0,0.0,0.0,0.0,0.0,0.0,0.0,0.0,0.0,0.0,0.0,0.0,0.0,0.0,0.0,0.0,200.0,580.0,2.0,,,,,20.0,188.0,,,,,,,,1,0,0,3570.0,0,0,0,1,0,0,0,0,0,0,1000.0,-11.534866,-11.534866333007812,9.34,9.34,37.239616,37.23961639404297,37.76738095238095,37.76738095238095,15.6,15.6,0.24666666666666667,0.24666666666666667
0.151,0.36,0.63,0.008,0.008,0.0,0.0,0.0,0.0,0.0,0.0,0.0,0.0,0.0,0.0,0.0,0.0,0.0,0.0,0.0,0.0,200.0,580.0,2.0,449.0,533.0,30.6,76.0,,,,,,,,,,1,0,0,3570.0,0,0,0,1,0,0,0,0,0,0,1000.0,1.9976475,1.9976475238800049,14.038333333333334,14.038333333333334,46.20164,46.20164108276367,32.87,32.87,5.4,5.4,0.6870165945165945,0.6870165945165945
0.151,0.36,0.63,0.008,0.008,0.0,0.0,0.0,0.0,0.0,0.0,0.0,0.0,0.0,0.0,0.0,0.0,0.0,0.0,0.0,0.0,200.0,580.0,2.0,,,,,-60.0,15.0,,,,,,,,1,0,0,3570.0,0,0,0,1,0,0,0,0,0,0,1000.0,1.9976475,1.9976475238800049,14.038333333333334,14.038333333333334,46.20164,46.20164108276367,32.87,32.87,5.4,5.4,0.6870165945165945,0.6870165945165945
0.151,0.36,0.63,0.008,0.008,0.0,0.0,0.0,0.0,0.0,0.0,0.0,0.0,0.0,0.0,0.0,0.0,0.0,0.0,0.0,0.0,200.0,580.0,2.0,,,,,-50.0,34.0,,,,,,,,1,0,0,3570.0,0,0,0,1,0,0,0,0,0,0,1000.0,1.9976475,1.9976475238800049,14.038333333333334,14.038333333333334,46.20164,46.20164108276367,32.87,32.87,5.4,5.4,0.6870165945165945,0.6870165945165945
0.151,0.36,0.63,0.008,0.008,0.0,0.0,0.0,0.0,0.0,0.0,0.0,0.0,0.0,0.0,0.0,0.0,0.0,0.0,0.0,0.0,200.0,580.0,2.0,,,,,-40.0,64.0,,,,,,,,1,0,0,3570.0,0,0,0,1,0,0,0,0,0,0,1000.0,1.9976475,1.9976475238800049,14.038333333333334,14.038333333333334,46.20164,46.20164108276367,32.87,32.87,5.4,5.4,0.6870165945165945,0.6870165945165945
0.151,0.36,0.63,0.008,0.008,0.0,0.0,0.0,0.0,0.0,0.0,0.0,0.0,0.0,0.0,0.0,0.0,0.0,0.0,0.0,0.0,200.0,580.0,2.0,,,,,-20.0,131.0,,,,,,,,1,0,0,3570.0,0,0,0,1,0,0,0,0,0,0,1000.0,1.9976475,1.9976475238800049,14.038333333333334,14.038333333333334,46.20164,46.20164108276367,32.87,32.87,5.4,5.4,0.6870165945165945,0.6870165945165945
0.151,0.36,0.63,0.008,0.008,0.0,0.0,0.0,0.0,0.0,0.0,0.0,0.0,0.0,0.0,0.0,0.0,0.0,0.0,0.0,0.0,200.0,580.0,2.0,,,,,20.0,188.0,,,,,,,,1,0,0,3570.0,0,0,0,1,0,0,0,0,0,0,1000.0,1.9976475,1.9976475238800049,14.038333333333334,14.038333333333334,46.20164,46.20164108276367,32.87,32.87,5.4,5.4,0.6870165945165945,0.6870165945165945
0.147,0.36,1.02,0.007,0.007,0.0,0.0,0.0,0.0,0.0,0.0,0.0,0.0,0.0,0.0,0.0,0.0,0.0,0.0,0.0,0.0,200.0,580.0,2.0,482.0,576.0,29.4,76.9,,,,,,,,,,1,0,0,3570.0,0,0,0,1,0,0,0,0,0,0,1000.0,-6.202855,-6.202855110168457,10.11,10.11,46.20164,46.20164108276367,31.44,31.44,15.6,15.6,0.4160642135642136,0.4160642135642136
0.147,0.36,1.02,0.007,0.007,0.0,0.0,0.0,0.0,0.0,0.0,0.0,0.0,0.0,0.0,0.0,0.0,0.0,0.0,0.0,0.0,200.0,580.0,2.0,,,,,-70.0,17.0,,,,,,,,1,0,0,3570.0,0,0,0,1,0,0,0,0,0,0,1000.0,-6.202855,-6.202855110168457,10.11,10.11,46.20164,46.20164108276367,31.44,31.44,15.6,15.6,0.4160642135642136,0.4160642135642136
0.147,0.36,1.02,0.007,0.007,0.0,0.0,0.0,0.0,0.0,0.0,0.0,0.0,0.0,0.0,0.0,0.0,0.0,0.0,0.0,0.0,200.0,580.0,2.0,,,,,-60.0,34.0,,,,,,,,1,0,0,3570.0,0,0,0,1,0,0,0,0,0,0,1000.0,-6.202855,-6.202855110168457,10.11,10.11,46.20164,46.20164108276367,31.44,31.44,15.6,15.6,0.4160642135642136,0.4160642135642136
0.147,0.36,1.02,0.007,0.007,0.0,0.0,0.0,0.0,0.0,0.0,0.0,0.0,0.0,0.0,0.0,0.0,0.0,0.0,0.0,0.0,200.0,580.0,2.0,,,,,-50.0,63.0,,,,,,,,1,0,0,3570.0,0,0,0,1,0,0,0,0,0,0,1000.0,-6.202855,-6.202855110168457,10.11,10.11,46.20164,46.20164108276367,31.44,31.44,15.6,15.6,0.4160642135642136,0.4160642135642136
0.147,0.36,1.02,0.007,0.007,0.0,0.0,0.0,0.0,0.0,0.0,0.0,0.0,0.0,0.0,0.0,0.0,0.0,0.0,0.0,0.0,200.0,580.0,2.0,,,,,-40.0,98.0,,,,,,,,1,0,0,3570.0,0,0,0,1,0,0,0,0,0,0,1000.0,-6.202855,-6.202855110168457,10.11,10.11,46.20164,46.20164108276367,31.44,31.44,15.6,15.6,0.4160642135642136,0.4160642135642136
0.147,0.36,1.02,0.007,0.007,0.0,0.0,0.0,0.0,0.0,0.0,0.0,0.0,0.0,0.0,0.0,0.0,0.0,0.0,0.0,0.0,200.0,580.0,2.0,,,,,-20.0,150.0,,,,,,,,1,0,0,3570.0,0,0,0,1,0,0,0,0,0,0,1000.0,-6.202855,-6.202855110168457,10.11,10.11,46.20164,46.20164108276367,31.44,31.44,15.6,15.6,0.4160642135642136,0.4160642135642136
0.147,0.36,1.02,0.007,0.007,0.0,0.0,0.0,0.0,0.0,0.0,0.0,0.0,0.0,0.0,0.0,0.0,0.0,0.0,0.0,0.0,200.0,580.0,2.0,,,,,20.0,197.0,,,,,,,,1,0,0,3570.0,0,0,0,1,0,0,0,0,0,0,1000.0,-6.202855,-6.202855110168457,10.11,10.11,46.20164,46.20164108276367,31.44,31.44,15.6,15.6,0.4160642135642136,0.4160642135642136
0.147,0.35,1.38,0.007,0.007,0.0,0.0,0.0,0.0,0.0,0.0,0.0,0.0,0.0,0.0,0.0,0.0,0.0,0.0,0.0,0.0,200.0,580.0,2.0,513.0,623.0,27.4,72.9,,,,,,,,,,1,0,0,3570.0,0,0,0,1,0,0,0,0,0,0,1000.0,-11.30564,-11.30564022064209,9.97,9.97,37.546593,37.546592712402344,37.09738095238095,37.09738095238095,15.6,15.6,0.17848484848484847,0.17848484848484847
0.147,0.35,1.38,0.007,0.007,0.0,0.0,0.0,0.0,0.0,0.0,0.0,0.0,0.0,0.0,0.0,0.0,0.0,0.0,0.0,0.0,200.0,580.0,2.0,,,,,-70.0,38.0,,,,,,,,1,0,0,3570.0,0,0,0,1,0,0,0,0,0,0,1000.0,-11.30564,-11.30564022064209,9.97,9.97,37.546593,37.546592712402344,37.09738095238095,37.09738095238095,15.6,15.6,0.17848484848484847,0.17848484848484847
0.147,0.35,1.38,0.007,0.007,0.0,0.0,0.0,0.0,0.0,0.0,0.0,0.0,0.0,0.0,0.0,0.0,0.0,0.0,0.0,0.0,200.0,580.0,2.0,,,,,-60.0,57.0,,,,,,,,1,0,0,3570.0,0,0,0,1,0,0,0,0,0,0,1000.0,-11.30564,-11.30564022064209,9.97,9.97,37.546593,37.546592712402344,37.09738095238095,37.09738095238095,15.6,15.6,0.17848484848484847,0.17848484848484847
0.147,0.35,1.38,0.007,0.007,0.0,0.0,0.0,0.0,0.0,0.0,0.0,0.0,0.0,0.0,0.0,0.0,0.0,0.0,0.0,0.0,200.0,580.0,2.0,,,,,-50.0,80.0,,,,,,,,1,0,0,3570.0,0,0,0,1,0,0,0,0,0,0,1000.0,-11.30564,-11.30564022064209,9.97,9.97,37.546593,37.546592712402344,37.09738095238095,37.09738095238095,15.6,15.6,0.17848484848484847,0.17848484848484847
0.147,0.35,1.38,0.007,0.007,0.0,0.0,0.0,0.0,0.0,0.0,0.0,0.0,0.0,0.0,0.0,0.0,0.0,0.0,0.0,0.0,200.0,580.0,2.0,,,,,-40.0,104.0,,,,,,,,1,0,0,3570.0,0,0,0,1,0,0,0,0,0,0,1000.0,-11.30564,-11.30564022064209,9.97,9.97,37.546593,37.546592712402344,37.09738095238095,37.09738095238095,15.6,15.6,0.17848484848484847,0.17848484848484847
0.147,0.35,1.38,0.007,0.007,0.0,0.0,0.0,0.0,0.0,0.0,0.0,0.0,0.0,0.0,0.0,0.0,0.0,0.0,0.0,0.0,200.0,580.0,2.0,,,,,-20.0,150.0,,,,,,,,1,0,0,3570.0,0,0,0,1,0,0,0,0,0,0,1000.0,-11.30564,-11.30564022064209,9.97,9.97,37.546593,37.546592712402344,37.09738095238095,37.09738095238095,15.6,15.6,0.17848484848484847,0.17848484848484847
0.147,0.35,1.38,0.007,0.007,0.0,0.0,0.0,0.0,0.0,0.0,0.0,0.0,0.0,0.0,0.0,0.0,0.0,0.0,0.0,0.0,200.0,580.0,2.0,,,,,20.0,184.0,,,,,,,,1,0,0,3570.0,0,0,0,1,0,0,0,0,0,0,1000.0,-11.30564,-11.30564022064209,9.97,9.97,37.546593,37.546592712402344,37.09738095238095,37.09738095238095,15.6,15.6,0.17848484848484847,0.17848484848484847
0.145,0.35,1.76,0.006,0.007,0.0,0.0,0.0,0.0,0.0,0.0,0.0,0.0,0.0,0.0,0.0,0.0,0.0,0.0,0.0,0.0,200.0,580.0,2.0,567.0,679.0,24.0,69.8,,,,,,,,,,1,0,0,3570.0,0,0,0,1,0,0,0,0,0,0,1000.0,-37.557285,-37.55728530883789,9.2,9.2,38.879753,38.87975311279297,37.24166666666667,37.24166666666667,15.6,15.6,0.24666666666666667,0.24666666666666667
0.145,0.35,1.76,0.006,0.007,0.0,0.0,0.0,0.0,0.0,0.0,0.0,0.0,0.0,0.0,0.0,0.0,0.0,0.0,0.0,0.0,200.0,580.0,2.0,,,,,-70.0,27.0,,,,,,,,1,0,0,3570.0,0,0,0,1,0,0,0,0,0,0,1000.0,-37.557285,-37.55728530883789,9.2,9.2,38.879753,38.87975311279297,37.24166666666667,37.24166666666667,15.6,15.6,0.24666666666666667,0.24666666666666667
0.145,0.35,1.76,0.006,0.007,0.0,0.0,0.0,0.0,0.0,0.0,0.0,0.0,0.0,0.0,0.0,0.0,0.0,0.0,0.0,0.0,200.0,580.0,2.0,,,,,-60.0,32.0,,,,,,,,1,0,0,3570.0,0,0,0,1,0,0,0,0,0,0,1000.0,-37.557285,-37.55728530883789,9.2,9.2,38.879753,38.87975311279297,37.24166666666667,37.24166666666667,15.6,15.6,0.24666666666666667,0.24666666666666667
0.145,0.35,1.76,0.006,0.007,0.0,0.0,0.0,0.0,0.0,0.0,0.0,0.0,0.0,0.0,0.0,0.0,0.0,0.0,0.0,0.0,200.0,580.0,2.0,,,,,-50.0,42.0,,,,,,,,1,0,0,3570.0,0,0,0,1,0,0,0,0,0,0,1000.0,-37.557285,-37.55728530883789,9.2,9.2,38.879753,38.87975311279297,37.24166666666667,37.24166666666667,15.6,15.6,0.24666666666666667,0.24666666666666667
0.145,0.35,1.76,0.006,0.007,0.0,0.0,0.0,0.0,0.0,0.0,0.0,0.0,0.0,0.0,0.0,0.0,0.0,0.0,0.0,0.0,200.0,580.0,2.0,,,,,-40.0,55.0,,,,,,,,1,0,0,3570.0,0,0,0,1,0,0,0,0,0,0,1000.0,-37.557285,-37.55728530883789,9.2,9.2,38.879753,38.87975311279297,37.24166666666667,37.24166666666667,15.6,15.6,0.24666666666666667,0.24666666666666667
0.145,0.35,1.76,0.006,0.007,0.0,0.0,0.0,0.0,0.0,0.0,0.0,0.0,0.0,0.0,0.0,0.0,0.0,0.0,0.0,0.0,200.0,580.0,2.0,,,,,-20.0,117.0,,,,,,,,1,0,0,3570.0,0,0,0,1,0,0,0,0,0,0,1000.0,-37.557285,-37.55728530883789,9.2,9.2,38.879753,38.87975311279297,37.24166666666667,37.24166666666667,15.6,15.6,0.24666666666666667,0.24666666666666667
0.145,0.35,1.76,0.006,0.007,0.0,0.0,0.0,0.0,0.0,0.0,0.0,0.0,0.0,0.0,0.0,0.0,0.0,0.0,0.0,0.0,200.0,580.0,2.0,,,,,20.0,160.0,,,,,,,,1,0,0,3570.0,0,0,0,1,0,0,0,0,0,0,1000.0,-37.557285,-37.55728530883789,9.2,9.2,38.879753,38.87975311279297,37.24166666666667,37.24166666666667,15.6,15.6,0.24666666666666667,0.24666666666666667
0.074,0.33,1.45,0.005,0.005,0.0,0.0,0.0,0.0,0.0,0.0,0.0,0.0408,0.0006,0.009,0.0,0.0,0.0,0.0,0.0,0.0,200.0,250.0,14.0,463.0,537.0,31.2,78.8,,,,,,,,,,1,0,0,3570.0,0,0,0,0,0,0,0,0,1,0,1000.0,-37.23485,-37.2348518371582,12.62,12.62,33.79365,33.79365158081055,66.39911111111111,66.39911111111111,0.0,0.0,4.100896825396824,4.100896825396824
0.074,0.33,1.45,0.005,0.005,0.0,0.0,0.0,0.0,0.0,0.0,0.0,0.0408,0.0006,0.009,0.0,0.0,0.0,0.0,0.0,0.0,200.0,0.0,0.0,,,,,-60.0,28.0,,,,,,,,1,0,0,3570.0,0,0,0,0,0,0,0,0,1,0,1000.0,-37.23485,-37.2348518371582,12.62,12.62,33.79365,33.79365158081055,66.39911111111111,66.39911111111111,0.0,0.0,4.100896825396824,4.100896825396824
0.074,0.33,1.45,0.005,0.005,0.0,0.0,0.0,0.0,0.0,0.0,0.0,0.0408,0.0006,0.009,0.0,0.0,0.0,0.0,0.0,0.0,200.0,0.0,0.0,,,,,-36.0,100.0,,,,,,,,1,0,0,3570.0,0,0,0,0,0,0,0,0,1,0,1000.0,-37.23485,-37.2348518371582,12.62,12.62,33.79365,33.79365158081055,66.39911111111111,66.39911111111111,0.0,0.0,4.100896825396824,4.100896825396824
0.074,0.33,1.45,0.005,0.005,0.0,0.0,0.0,0.0,0.0,0.0,0.0,0.0408,0.0006,0.009,0.0,0.0,0.0,0.0,0.0,0.0,200.0,0.0,0.0,,,,,,,,,8.0,79.0,5.0,0.0,8.0,1,0,0,3570.0,0,0,0,0,0,0,0,0,1,0,1000.0,-37.23485,-37.2348518371582,12.62,8.0,33.79365,79.0,66.39911111111111,5.0,0.0,0.0,4.100896825396824,8.0
0.073,0.34,1.49,0.004,0.007,0.0,0.0,0.0,0.0,0.0,0.0,0.0,0.0396,0.0016,0.0084,0.0,0.0,0.0,0.0,0.0,0.0,200.0,250.0,14.0,482.0,548.0,33.6,78.8,,,,,,,,,,1,0,0,3570.0,0,0,0,0,0,0,0,0,1,0,1000.0,-37.23485,-37.2348518371582,15.7,15.7,20.855309,20.855308532714844,75.75744444444443,75.75744444444443,0.0,0.0,0.17714285714285716,0.17714285714285716
0.073,0.34,1.49,0.004,0.007,0.0,0.0,0.0,0.0,0.0,0.0,0.0,0.0396,0.0016,0.0084,0.0,0.0,0.0,0.0,0.0,0.0,200.0,0.0,0.0,,,,,-85.0,28.0,,,,,,,,1,0,0,3570.0,0,0,0,0,0,0,0,0,1,0,1000.0,-37.23485,-37.2348518371582,15.7,15.7,20.855309,20.855308532714844,75.75744444444443,75.75744444444443,0.0,0.0,0.17714285714285716,0.17714285714285716
0.073,0.34,1.49,0.004,0.007,0.0,0.0,0.0,0.0,0.0,0.0,0.0,0.0396,0.0016,0.0084,0.0,0.0,0.0,0.0,0.0,0.0,200.0,0.0,0.0,,,,,-59.0,100.0,,,,,,,,1,0,0,3570.0,0,0,0,0,0,0,0,0,1,0,1000.0,-37.23485,-37.2348518371582,15.7,15.7,20.855309,20.855308532714844,75.75744444444443,75.75744444444443,0.0,0.0,0.17714285714285716,0.17714285714285716
0.073,0.34,1.49,0.004,0.007,0.0,0.0,0.0,0.0,0.0,0.0,0.0,0.0396,0.0016,0.0084,0.0,0.0,0.0,0.0,0.0,0.0,200.0,0.0,0.0,,,,,,,,,16.0,21.0,82.0,0.0,0.0,1,0,0,3570.0,0,0,0,0,0,0,0,0,1,0,1000.0,-37.23485,-37.2348518371582,15.7,16.0,20.855309,21.0,75.75744444444443,82.0,0.0,0.0,0.17714285714285716,0.0
0.071,0.36,1.46,0.004,0.006,0.0,0.0,0.0,0.0,0.0,0.0,0.0,0.04,0.0022,0.0085,0.0,0.0,0.0,0.0,0.0,0.0,200.0,250.0,14.0,497.0,563.0,30.6,77.0,,,,,,,,,,1,0,0,3570.0,0,0,0,0,0,0,0,0,1,0,1000.0,-37.50071,-37.500709533691406,17.62,17.62,12.126929,12.12692928314209,71.59865497076022,71.59865497076022,0.0,0.0,0.09714285714285716,0.09714285714285716
0.071,0.36,1.46,0.004,0.006,0.0,0.0,0.0,0.0,0.0,0.0,0.0,0.04,0.0022,0.0085,0.0,0.0,0.0,0.0,0.0,0.0,200.0,0.0,0.0,,,,,-82.0,28.0,,,,,,,,1,0,0,3570.0,0,0,0,0,0,0,0,0,1,0,1000.0,-37.50071,-37.500709533691406,17.64,17.64,12.126929,12.12692928314209,70.6745135566188,70.6745135566188,0.0,0.0,0.09714285714285716,0.09714285714285716
0.071,0.36,1.46,0.004,0.006,0.0,0.0,0.0,0.0,0.0,0.0,0.0,0.04,0.0022,0.0085,0.0,0.0,0.0,0.0,0.0,0.0,200.0,0.0,0.0,,,,,-65.0,100.0,,,,,,,,1,0,0,3570.0,0,0,0,0,0,0,0,0,1,0,1000.0,-37.50071,-37.500709533691406,17.64,17.64,12.126929,12.12692928314209,70.6745135566188,70.6745135566188,0.0,0.0,0.09714285714285716,0.09714285714285716
0.071,0.36,1.46,0.004,0.006,0.0,0.0,0.0,0.0,0.0,0.0,0.0,0.04,0.0022,0.0085,0.0,0.0,0.0,0.0,0.0,0.0,200.0,0.0,0.0,,,,,,,,,18.0,12.0,70.0,0.0,0.0,1,0,0,3570.0,0,0,0,0,0,0,0,0,1,0,1000.0,-37.50071,-37.500709533691406,17.64,18.0,12.126929,12.0,70.6745135566188,70.0,0.0,0.0,0.09714285714285716,0.0
0.061,0.33,1.36,0.005,0.006,0.0,0.0,0.0,0.0,0.0,0.0,0.0,0.0419,0.0028,0.0081,0.0,0.0,0.0,0.0,0.0,0.0,200.0,250.0,14.0,474.0,538.0,32.2,78.8,,,,,,,,,,1,0,0,3570.0,0,0,0,0,0,0,0,0,1,0,1000.0,-37.49473,-37.49473190307617,20.448333333333334,20.448333333333334,8.941166,8.941165924072266,69.20172639933166,69.20172639933166,0.0,0.0,0.33714285714285713,0.33714285714285713
0.061,0.33,1.36,0.005,0.006,0.0,0.0,0.0,0.0,0.0,0.0,0.0,0.0419,0.0028,0.0081,0.0,0.0,0.0,0.0,0.0,0.0,200.0,0.0,0.0,,,,,-86.0,28.0,,,,,,,,1,0,0,3570.0,0,0,0,0,0,0,0,0,1,0,1000.0,-37.49473,-37.49473190307617,20.448333333333334,20.448333333333334,8.941166,8.941165924072266,69.20172639933166,69.20172639933166,0.0,0.0,0.33714285714285713,0.33714285714285713
0.061,0.33,1.36,0.005,0.006,0.0,0.0,0.0,0.0,0.0,0.0,0.0,0.0419,0.0028,0.0081,0.0,0.0,0.0,0.0,0.0,0.0,200.0,0.0,0.0,,,,,-71.0,100.0,,,,,,,,1,0,0,3570.0,0,0,0,0,0,0,0,0,1,0,1000.0,-37.49473,-37.49473190307617,20.448333333333334,20.448333333333334,8.941166,8.941165924072266,69.20172639933166,69.20172639933166,0.0,0.0,0.33714285714285713,0.33714285714285713
0.061,0.33,1.36,0.005,0.006,0.0,0.0,0.0,0.0,0.0,0.0,0.0,0.0419,0.0028,0.0081,0.0,0.0,0.0,0.0,0.0,0.0,200.0,0.0,0.0,,,,,,,,,23.0,8.0,69.0,0.0,0.0,1,0,0,3570.0,0,0,0,0,0,0,0,0,1,0,1000.0,-37.49473,-37.49473190307617,20.448333333333334,23.0,8.941166,8.0,69.20172639933166,69.0,0.0,0.0,0.33714285714285713,0.0
0.07,0.32,1.48,0.005,0.006,0.0,0.0,0.0,0.0,0.0,0.0,0.0,0.0373,0.0055,0.0075,0.0,0.0,0.0,0.0,0.0,0.0,200.0,250.0,14.0,488.0,549.0,32.4,78.8,,,,,,,,,,1,0,0,3570.0,0,0,0,0,0,0,0,0,1,0,1000.0,-37.49264,-37.49264144897461,21.59,21.59,11.670351,11.670351028442383,65.61877462887988,65.61877462887988,0.0,0.0,0.09714285714285716,0.09714285714285716
0.07,0.32,1.48,0.005,0.006,0.0,0.0,0.0,0.0,0.0,0.0,0.0,0.0373,0.0055,0.0075,0.0,0.0,0.0,0.0,0.0,0.0,200.0,0.0,0.0,,,,,-76.0,28.0,,,,,,,,1,0,0,3570.0,0,0,0,0,0,0,0,0,1,0,1000.0,-37.49264,-37.49264144897461,21.83,21.83,11.670351,11.670351028442383,65.56877462887988,65.56877462887988,0.0,0.0,0.09714285714285716,0.09714285714285716
0.07,0.32,1.48,0.005,0.006,0.0,0.0,0.0,0.0,0.0,0.0,0.0,0.0373,0.0055,0.0075,0.0,0.0,0.0,0.0,0.0,0.0,200.0,0.0,0.0,,,,,-61.0,100.0,,,,,,,,1,0,0,3570.0,0,0,0,0,0,0,0,0,1,0,1000.0,-37.49264,-37.49264144897461,21.83,21.83,11.670351,11.670351028442383,65.56877462887988,65.56877462887988,0.0,0.0,0.09714285714285716,0.09714285714285716
0.07,0.32,1.48,0.005,0.006,0.0,0.0,0.0,0.0,0.0,0.0,0.0,0.0373,0.0055,0.0075,0.0,0.0,0.0,0.0,0.0,0.0,200.0,0.0,0.0,,,,,,,,,23.0,12.0,65.0,0.0,0.0,1,0,0,3570.0,0,0,0,0,0,0,0,0,1,0,1000.0,-37.49264,-37.49264144897461,21.83,23.0,11.670351,12.0,65.56877462887988,65.0,0.0,0.0,0.09714285714285716,0.0
0.068,0.32,1.38,0.004,0.005,0.0,0.0,0.0,0.0,0.0,0.0,0.0,0.0376,0.0077,0.0074,0.0,0.0,0.0,0.0,0.0,0.0,200.0,250.0,14.0,466.0,542.0,30.6,80.6,,,,,,,,,,1,0,0,3570.0,0,0,0,0,0,0,0,0,1,0,1000.0,-37.49264,-37.49264144897461,19.95,19.95,13.782578,13.782578468322754,63.25866748602275,63.25866748602275,0.0,0.0,0.10714285714285715,0.10714285714285715
0.068,0.32,1.38,0.004,0.005,0.0,0.0,0.0,0.0,0.0,0.0,0.0,0.0376,0.0077,0.0074,0.0,0.0,0.0,0.0,0.0,0.0,200.0,0.0,0.0,,,,,-68.0,28.0,,,,,,,,1,0,0,3570.0,0,0,0,0,0,0,0,0,1,0,1000.0,-37.49264,-37.49264144897461,19.95,19.95,13.782578,13.782578468322754,62.92825081935608,62.92825081935608,0.0,0.0,0.10714285714285715,0.10714285714285715
0.068,0.32,1.38,0.004,0.005,0.0,0.0,0.0,0.0,0.0,0.0,0.0,0.0376,0.0077,0.0074,0.0,0.0,0.0,0.0,0.0,0.0,200.0,0.0,0.0,,,,,-51.0,100.0,,,,,,,,1,0,0,3570.0,0,0,0,0,0,0,0,0,1,0,1000.0,-37.49264,-37.49264144897461,19.95,19.95,13.782578,13.782578468322754,62.92825081935608,62.92825081935608,0.0,0.0,0.10714285714285715,0.10714285714285715
0.068,0.32,1.38,0.004,0.005,0.0,0.0,0.0,0.0,0.0,0.0,0.0,0.0376,0.0077,0.0074,0.0,0.0,0.0,0.0,0.0,0.0,200.0,0.0,0.0,,,,,,,,,25.0,15.0,60.0,0.0,0.0,1,0,0,3570.0,0,0,0,0,0,0,0,0,1,0,1000.0,-37.49264,-37.49264144897461,19.95,25.0,13.782578,15.0,62.92825081935608,60.0,0.0,0.0,0.10714285714285715,0.0
0.068,0.35,1.51,0.006,0.006,0.0,0.0,0.0,0.0,0.0,0.0,0.0,0.0351,0.01,0.0087,0.0,0.0,0.0,0.0,0.0,0.0,200.0,250.0,14.0,499.0,569.0,29.0,77.9,,,,,,,,,,1,0,0,3570.0,0,0,0,0,0,0,0,0,1,0,1000.0,-46.771282,-46.77128219604492,20.81,20.81,12.684331,12.684330940246582,64.55520320030845,64.55520320030845,0.0,0.0,0.09714285714285716,0.09714285714285716
0.068,0.35,1.51,0.006,0.006,0.0,0.0,0.0,0.0,0.0,0.0,0.0,0.0351,0.01,0.0087,0.0,0.0,0.0,0.0,0.0,0.0,200.0,0.0,0.0,,,,,-66.0,28.0,,,,,,,,1,0,0,3570.0,0,0,0,0,0,0,0,0,1,0,1000.0,-46.771282,-46.77128219604492,20.81,20.81,12.684331,12.684330940246582,64.59520320030846,64.59520320030846,0.0,0.0,0.09714285714285716,0.09714285714285716
0.068,0.35,1.51,0.006,0.006,0.0,0.0,0.0,0.0,0.0,0.0,0.0,0.0351,0.01,0.0087,0.0,0.0,0.0,0.0,0.0,0.0,200.0,0.0,0.0,,,,,-47.0,100.0,,,,,,,,1,0,0,3570.0,0,0,0,0,0,0,0,0,1,0,1000.0,-46.771282,-46.77128219604492,20.81,20.81,12.684331,12.684330940246582,64.59520320030846,64.59520320030846,0.0,0.0,0.09714285714285716,0.09714285714285716
0.068,0.35,1.51,0.006,0.006,0.0,0.0,0.0,0.0,0.0,0.0,0.0,0.0351,0.01,0.0087,0.0,0.0,0.0,0.0,0.0,0.0,200.0,0.0,0.0,,,,,,,,,22.0,16.0,62.0,0.0,0.0,1,0,0,3570.0,0,0,0,0,0,0,0,0,1,0,1000.0,-46.771282,-46.77128219604492,20.81,22.0,12.684331,16.0,64.59520320030846,62.0,0.0,0.0,0.09714285714285716,0.0
0.065,0.39,1.53,0.005,0.006,0.0,0.0,0.0,0.0,0.0,0.0,0.0,0.0351,0.014,0.0093,0.0,0.0,0.0,0.0,0.0,0.0,200.0,250.0,14.0,513.0,579.0,27.0,77.9,,,,,,,,,,1,0,0,3570.0,0,0,0,0,0,0,0,0,1,0,1000.0,-47.91123,-47.91122817993164,20.26,20.26,11.342371,11.342370986938477,66.29010338345864,66.29010338345864,0.0,0.0,0.3572063492063492,0.3572063492063492
0.065,0.39,1.53,0.005,0.006,0.0,0.0,0.0,0.0,0.0,0.0,0.0,0.0351,0.014,0.0093,0.0,0.0,0.0,0.0,0.0,0.0,200.0,0.0,0.0,,,,,-64.0,28.0,,,,,,,,1,0,0,3570.0,0,0,0,0,0,0,0,0,1,0,1000.0,-47.91123,-47.91122817993164,20.26,20.26,11.342371,11.342370986938477,66.37010338345864,66.37010338345864,0.0,0.0,0.3572063492063492,0.3572063492063492
0.065,0.39,1.53,0.005,0.006,0.0,0.0,0.0,0.0,0.0,0.0,0.0,0.0351,0.014,0.0093,0.0,0.0,0.0,0.0,0.0,0.0,200.0,0.0,0.0,,,,,-44.0,100.0,,,,,,,,1,0,0,3570.0,0,0,0,0,0,0,0,0,1,0,1000.0,-47.91123,-47.91122817993164,20.26,20.26,11.342371,11.342370986938477,66.37010338345864,66.37010338345864,0.0,0.0,0.3572063492063492,0.3572063492063492
0.065,0.39,1.53,0.005,0.006,0.0,0.0,0.0,0.0,0.0,0.0,0.0,0.0351,0.014,0.0093,0.0,0.0,0.0,0.0,0.0,0.0,200.0,0.0,0.0,,,,,,,,,21.0,11.0,67.0,0.0,0.0,1,0,0,3570.0,0,0,0,0,0,0,0,0,1,0,1000.0,-47.91123,-47.91122817993164,20.26,21.0,11.342371,11.0,66.37010338345864,67.0,0.0,0.0,0.3572063492063492,0.0
0.07,0.48,1.64,0.005,0.006,0.0,0.0,0.0,0.0,0.0,0.0,0.0,0.029,0.021,0.0102,0.0,0.0,0.0,0.0,0.0,0.0,200.0,250.0,14.0,515.0,592.0,27.2,78.9,,,,,,,,,,1,0,0,3570.0,0,0,0,0,0,0,0,0,1,0,1000.0,-47.93832,-47.93832015991211,14.26,14.26,9.637319,9.63731861114502,73.99144862155389,73.99144862155389,0.0,0.0,0.3872063492063492,0.3872063492063492
0.07,0.48,1.64,0.005,0.006,0.0,0.0,0.0,0.0,0.0,0.0,0.0,0.029,0.021,0.0102,0.0,0.0,0.0,0.0,0.0,0.0,200.0,0.0,0.0,,,,,-76.0,28.0,,,,,,,,1,0,0,3570.0,0,0,0,0,0,0,0,0,1,0,1000.0,-47.93832,-47.93832015991211,14.26,14.26,9.637319,9.63731861114502,73.99144862155389,73.99144862155389,0.0,0.0,0.3872063492063492,0.3872063492063492
0.07,0.48,1.64,0.005,0.006,0.0,0.0,0.0,0.0,0.0,0.0,0.0,0.029,0.021,0.0102,0.0,0.0,0.0,0.0,0.0,0.0,200.0,0.0,0.0,,,,,-55.0,100.0,,,,,,,,1,0,0,3570.0,0,0,0,0,0,0,0,0,1,0,1000.0,-47.93832,-47.93832015991211,14.26,14.26,9.637319,9.63731861114502,73.99144862155389,73.99144862155389,0.0,0.0,0.3872063492063492,0.3872063492063492
0.07,0.48,1.64,0.005,0.006,0.0,0.0,0.0,0.0,0.0,0.0,0.0,0.029,0.021,0.0102,0.0,0.0,0.0,0.0,0.0,0.0,200.0,0.0,0.0,,,,,,,,,17.0,8.0,75.0,0.0,0.0,1,0,0,3570.0,0,0,0,0,0,0,0,0,1,0,1000.0,-47.93832,-47.93832015991211,14.26,17.0,9.637319,8.0,73.99144862155389,75.0,0.0,0.0,0.3872063492063492,0.0
0.075,0.29,1.75,0.006,0.005,0.0,0.0,0.0,0.0,0.0,0.0,0.0,0.0272,0.0255,0.0096,0.0,0.0,0.0,0.0,0.0,0.0,200.0,250.0,14.0,588.0,654.0,26.4,72.0,,,,,,,,,,1,0,0,3570.0,0,0,0,0,0,0,0,0,1,0,1000.0,-46.48882,-46.48881912231445,16.442666666666668,16.442666666666668,8.426176,8.426176071166992,72.03634523809524,72.03634523809524,0.0,0.0,0.9087658730158731,0.9087658730158731
0.075,0.29,1.75,0.006,0.005,0.0,0.0,0.0,0.0,0.0,0.0,0.0,0.0272,0.0255,0.0096,0.0,0.0,0.0,0.0,0.0,0.0,200.0,0.0,0.0,,,,,-80.0,28.0,,,,,,,,1,0,0,3570.0,0,0,0,0,0,0,0,0,1,0,1000.0,-46.48882,-46.48881912231445,16.442666666666668,16.442666666666668,8.071614,8.071614265441895,72.03634523809524,72.03634523809524,0.0,0.0,0.9087658730158731,0.9087658730158731
0.075,0.29,1.75,0.006,0.005,0.0,0.0,0.0,0.0,0.0,0.0,0.0,0.0272,0.0255,0.0096,0.0,0.0,0.0,0.0,0.0,0.0,200.0,0.0,0.0,,,,,-55.0,100.0,,,,,,,,1,0,0,3570.0,0,0,0,0,0,0,0,0,1,0,1000.0,-46.48882,-46.48881912231445,16.442666666666668,16.442666666666668,8.071614,8.071614265441895,72.03634523809524,72.03634523809524,0.0,0.0,0.9087658730158731,0.9087658730158731
0.075,0.29,1.75,0.006,0.005,0.0,0.0,0.0,0.0,0.0,0.0,0.0,0.0272,0.0255,0.0096,0.0,0.0,0.0,0.0,0.0,0.0,200.0,0.0,0.0,,,,,,,,,16.0,6.0,78.0,0.0,0.0,1,0,0,3570.0,0,0,0,0,0,0,0,0,1,0,1000.0,-46.48882,-46.48881912231445,16.442666666666668,16.0,8.071614,6.0,72.03634523809524,78.0,0.0,0.0,0.9087658730158731,0.0
0.074,0.35,0.63,0.009,0.007,0.0,0.0,0.0,0.0005,0.0,0.0,0.0,0.0472,0.0008,0.0066,0.0005,0.0005,0.0005,0.0,0.0,0.0,200.0,250.0,14.0,404.0,494.0,32.4,76.0,,,,,,,,,,1,0,0,3570.0,0,0,0,1,0,0,0,0,0,0,1000.0,2.0206397,2.020639657974243,28.24,28.24,68.675156,68.67515563964844,17.19,17.19,0.0,0.0,3.755103174603173,3.755103174603173
0.074,0.35,0.63,0.009,0.007,0.0,0.0,0.0,0.0005,0.0,0.0,0.0,0.0472,0.0008,0.0066,0.0005,0.0005,0.0005,0.0,0.0,0.0,200.0,0.0,0.0,,,,,-46.0,100.0,,,20.0,67.0,9.0,0.0,4.0,1,0,0,3570.0,0,0,0,1,0,0,0,0,0,0,1000.0,2.0206397,2.020639657974243,25.15166666666667,20.0,65.93442,67.0,15.67,9.0,0.0,0.0,3.755103174603173,4.0
0.074,0.35,0.63,0.009,0.007,0.0,0.0,0.0,0.0005,0.0,0.0,0.0,0.0472,0.0008,0.0066,0.0005,0.0005,0.0005,0.0,0.0,0.0,200.0,580.0,2.0,333.0,450.0,30.4,78.9,-53.0,100.0,,,,,,,,1,0,0,3570.0,0,0,0,1,0,0,0,0,0,0,1000.0,2.0206397,2.020639657974243,16.945,16.945,65.390236,65.3902359008789,20.47,20.47,0.0,0.0,3.275246031746031,3.275246031746031
0.074,0.35,0.65,0.005,0.004,0.0,0.0,0.0,0.0005,0.0,0.0,0.0,0.0426,0.0036,0.0073,0.0005,0.0005,0.0005,0.0,0.0,0.0,200.0,250.0,14.0,402.0,494.0,33.3,77.5,,,,,,,,,,1,0,0,3570.0,0,0,0,1,0,0,0,0,0,0,1000.0,-14.71336,-14.713359832763672,38.01583333333333,38.01583333333333,37.53072,37.53071975708008,31.05,31.05,0.0,0.0,1.1038333333333332,1.1038333333333332
0.074,0.35,0.65,0.005,0.004,0.0,0.0,0.0,0.0005,0.0,0.0,0.0,0.0426,0.0036,0.0073,0.0005,0.0005,0.0005,0.0,0.0,0.0,200.0,0.0,0.0,,,,,-45.0,100.0,,,19.0,51.0,26.0,0.0,4.0,1,0,0,3570.0,0,0,0,1,0,0,0,0,0,0,1000.0,-14.71336,-14.713359832763672,38.01583333333333,19.0,33.815613,51.0,31.26,26.0,0.0,0.0,1.1038333333333332,4.0
0.074,0.35,0.65,0.005,0.004,0.0,0.0,0.0,0.0005,0.0,0.0,0.0,0.0426,0.0036,0.0073,0.0005,0.0005,0.0005,0.0,0.0,0.0,200.0,580.0,2.0,329.0,447.0,36.4,80.5,-55.0,100.0,,,,,,,,1,0,0,3570.0,0,0,0,1,0,0,0,0,0,0,1000.0,-14.71336,-14.713359832763672,29.378333333333334,29.378333333333334,34.23695,34.2369499206543,32.36,32.36,0.0,0.0,0.2342936507936508,0.2342936507936508
0.075,0.35,0.66,0.009,0.007,0.0,0.0,0.0,0.0005,0.0,0.0,0.0,0.0396,0.0096,0.0071,0.0005,0.0005,0.0005,0.0,0.0,0.0,200.0,250.0,14.0,396.0,492.0,30.2,78.0,,,,,,,,,,1,0,0,3570.0,0,0,0,1,0,0,0,0,0,0,1000.0,2.0033119,2.0033118724823,18.914166666666667,18.914166666666667,47.486053,47.486053466796875,32.688,32.688,0.0,0.0,2.293183261183261,2.293183261183261
0.075,0.35,0.66,0.009,0.007,0.0,0.0,0.0,0.0005,0.0,0.0,0.0,0.0396,0.0096,0.0071,0.0005,0.0005,0.0005,0.0,0.0,0.0,200.0,0.0,0.0,,,,,-40.0,100.0,,,14.0,46.0,35.0,0.0,5.0,1,0,0,3570.0,0,0,0,1,0,0,0,0,0,0,1000.0,2.0033119,2.0033118724823,16.125,14.0,45.261795,46.0,34.048,35.0,0.0,0.0,2.0470404040404038,5.0
0.075,0.35,0.66,0.009,0.007,0.0,0.0,0.0,0.0005,0.0,0.0,0.0,0.0396,0.0096,0.0071,0.0005,0.0005,0.0005,0.0,0.0,0.0,200.0,580.0,2.0,351.0,457.0,31.6,79.8,-54.0,100.0,,,,,,,,1,0,0,3570.0,0,0,0,1,0,0,0,0,0,0,1000.0,2.0033119,2.0033118724823,16.055,16.055,43.738716,43.73871612548828,36.478,36.478,0.0,0.0,1.7721594516594517,1.7721594516594517
0.076,0.38,0.67,0.009,0.007,0.0,0.0,0.0,0.0005,0.0,0.0,0.0,0.0362,0.016,0.007,0.0005,0.0005,0.0005,0.0,0.0,0.0,200.0,250.0,14.0,410.0,494.0,31.4,78.9,,,,,,,,,,1,0,0,3570.0,0,0,0,1,0,0,0,0,0,0,1000.0,-2.727527,-2.727526903152466,16.485,16.485,42.174644,42.174644470214844,36.978,36.978,0.0,0.0,1.96075468975469,1.96075468975469
0.076,0.38,0.67,0.009,0.007,0.0,0.0,0.0,0.0005,0.0,0.0,0.0,0.0362,0.016,0.007,0.0005,0.0005,0.0005,0.0,0.0,0.0,200.0,0.0,0.0,,,,,-36.0,100.0,,,19.0,44.0,35.0,0.0,2.0,1,0,0,3570.0,0,0,0,1,0,0,0,0,0,0,1000.0,-2.727527,-2.727526903152466,16.265,19.0,44.610447,44.0,35.258,35.0,0.0,0.0,2.3001118326118326,2.0
0.076,0.38,0.67,0.009,0.007,0.0,0.0,0.0,0.0005,0.0,0.0,0.0,0.0362,0.016,0.007,0.0005,0.0005,0.0005,0.0,0.0,0.0,200.0,580.0,2.0,365.0,465.0,30.4,79.8,-56.0,100.0,,,,,,,,1,0,0,3570.0,0,0,0,1,0,0,0,0,0,0,1000.0,-2.727527,-2.727526903152466,16.015,16.015,43.531918,43.531917572021484,37.168,37.168,0.0,0.0,1.96075468975469,1.96075468975469
0.078,0.44,0.71,0.006,0.008,0.0,0.0,0.0,0.0005,0.0,0.0,0.0,0.0306,0.0225,0.0076,0.0005,0.0005,0.0005,0.0,0.0,0.0,200.0,250.0,14.0,440.0,523.0,31.4,77.0,,,,,,,,,,1,0,0,3570.0,0,0,0,1,0,0,0,0,0,0,1000.0,-23.981836,-23.981836318969727,16.23,16.23,42.92094,42.92094039916992,34.438,34.438,0.0,0.0,1.5907546897546896,1.5907546897546896
0.078,0.44,0.71,0.006,0.008,0.0,0.0,0.0,0.0005,0.0,0.0,0.0,0.0306,0.0225,0.0076,0.0005,0.0005,0.0005,0.0,0.0,0.0,200.0,0.0,0.0,,,,,-40.0,100.0,,,16.0,47.0,34.0,0.0,3.0,1,0,0,3570.0,0,0,0,1,0,0,0,0,0,0,1000.0,-23.981836,-23.981836318969727,16.4,16.0,44.83828,47.0,33.968,34.0,0.0,0.0,1.9530404040404046,3.0
0.078,0.44,0.71,0.006,0.008,0.0,0.0,0.0,0.0005,0.0,0.0,0.0,0.0306,0.0225,0.0076,0.0005,0.0005,0.0005,0.0,0.0,0.0,200.0,580.0,2.0,381.0,484.0,31.6,78.0,-51.0,100.0,,,,,,,,1,0,0,3570.0,0,0,0,1,0,0,0,0,0,0,1000.0,-23.981836,-23.981836318969727,16.27,16.27,42.92094,42.92094039916992,34.608000000000004,34.608000000000004,0.0,0.0,1.5707546897546896,1.5707546897546896
0.077,0.3,1.0,0.008,0.007,0.0,0.0,0.0,0.0005,0.0,0.0,0.0,0.0464,0.0007,0.0083,0.0005,0.0005,0.0005,0.0,0.0,0.0,200.0,250.0,14.0,409.0,504.0,30.6,77.0,,,,,,,,,,1,0,0,3570.0,0,0,0,1,0,0,0,0,0,0,1000.0,-4.814163,-4.8141632080078125,20.348333333333336,20.348333333333336,72.79123,72.79122924804688,17.87,17.87,0.0,0.0,3.7122142857142837,3.7122142857142837
0.077,0.3,1.0,0.008,0.007,0.0,0.0,0.0,0.0005,0.0,0.0,0.0,0.0464,0.0007,0.0083,0.0005,0.0005,0.0005,0.0,0.0,0.0,200.0,0.0,0.0,,,,,-56.0,100.0,,,12.0,72.0,10.0,0.0,6.0,1,0,0,3570.0,0,0,0,1,0,0,0,0,0,0,1000.0,-4.814163,-4.8141632080078125,15.72,12.0,71.42364,72.0,17.34,10.0,0.0,0.0,3.659357142857141,6.0
0.077,0.3,1.0,0.008,0.007,0.0,0.0,0.0,0.0005,0.0,0.0,0.0,0.0464,0.0007,0.0083,0.0005,0.0005,0.0005,0.0,0.0,0.0,200.0,580.0,2.0,372.0,480.0,30.5,78.9,-66.0,100.0,,,,,,,,1,0,0,3570.0,0,0,0,1,0,0,0,0,0,0,1000.0,-4.814163,-4.8141632080078125,16.29,16.29,70.69825,70.69824981689453,21.27,21.27,0.0,0.0,3.0089126984126984,3.0089126984126984
0.076,0.35,1.01,0.008,0.005,0.0,0.0,0.0,0.0005,0.0,0.0,0.0,0.0401,0.0041,0.0074,0.0005,0.0005,0.0005,0.0,0.0,0.0,200.0,250.0,14.0,443.0,522.0,31.1,77.0,,,,,,,,,,1,0,0,3570.0,0,0,0,1,0,0,0,0,0,0,1000.0,-4.8367467,-4.836746692657471,18.326666666666668,18.326666666666668,43.49868,43.498680114746094,30.53,30.53,0.0,0.0,1.0869015151515151,1.0869015151515151
0.076,0.35,1.01,0.008,0.005,0.0,0.0,0.0,0.0005,0.0,0.0,0.0,0.0401,0.0041,0.0074,0.0005,0.0005,0.0005,0.0,0.0,0.0,200.0,0.0,0.0,,,,,-60.0,100.0,,,16.0,34.0,49.0,0.0,1.0,1,0,0,3570.0,0,0,0,1,0,0,0,0,0,0,1000.0,-4.8367467,-4.836746692657471,16.343333333333334,16.0,41.668682,34.0,31.2,49.0,0.0,0.0,0.8417586580086581,1.0
0.076,0.35,1.01,0.008,0.005,0.0,0.0,0.0,0.0005,0.0,0.0,0.0,0.0401,0.0041,0.0074,0.0005,0.0005,0.0005,0.0,0.0,0.0,200.0,580.0,2.0,359.0,480.0,29.4,80.3,-80.0,100.0,,,,,,,,1,0,0,3570.0,0,0,0,1,0,0,0,0,0,0,1000.0,-4.8367467,-4.836746692657471,15.92,15.92,40.305676,40.3056755065918,33.8,33.8,0.0,0.0,0.6886832611832613,0.6886832611832613
0.075,0.31,1.03,0.008,0.007,0.0,0.0,0.0,0.0005,0.0,0.0,0.0,0.0394,0.0092,0.0079,0.0005,0.0005,0.0005,0.0,0.0,0.0,200.0,250.0,14.0,427.0,516.0,32.0,78.9,,,,,,,,,,1,0,0,3570.0,0,0,0,1,0,0,0,0,0,0,1000.0,-4.842769,-4.842769145965576,15.116666666666665,15.116666666666665,46.918694,46.91869354248047,36.06,36.06,0.0,0.0,1.6250079365079362,1.6250079365079362
0.075,0.31,1.03,0.008,0.007,0.0,0.0,0.0,0.0005,0.0,0.0,0.0,0.0394,0.0092,0.0079,0.0005,0.0005,0.0005,0.0,0.0,0.0,200.0,0.0,0.0,,,,,-53.0,100.0,,,14.0,51.0,31.0,0.0,4.0,1,0,0,3570.0,0,0,0,1,0,0,0,0,0,0,1000.0,-4.842769,-4.842769145965576,14.76,14.0,50.193306,51.0,33.37,31.0,0.0,0.0,1.9955317460317459,4.0
0.075,0.31,1.03,0.008,0.007,0.0,0.0,0.0,0.0005,0.0,0.0,0.0,0.0394,0.0092,0.0079,0.0005,0.0005,0.0005,0.0,0.0,0.0,200.0,580.0,2.0,375.0,470.0,32.4,79.8,-56.0,100.0,,,,,,,,1,0,0,3570.0,0,0,0,1,0,0,0,0,0,0,1000.0,-4.842769,-4.842769145965576,14.916666666666664,14.916666666666664,48.275967,48.27596664428711,36.48,36.48,0.0,0.0,1.6250079365079362,1.6250079365079362
0.075,0.35,1.05,0.008,0.007,0.0,0.0,0.0,0.0005,0.0,0.0,0.0,0.0361,0.014,0.0082,0.0005,0.0005,0.0005,0.0,0.0,0.0,200.0,250.0,14.0,434.0,517.0,30.8,78.9,,,,,,,,,,1,0,0,3570.0,0,0,0,1,0,0,0,0,0,0,1000.0,-4.8406787,-4.840678691864014,12.28,12.28,36.77409,36.77408981323242,48.22,48.22,0.0,0.0,1.348588023088023,1.348588023088023
0.075,0.35,1.05,0.008,0.007,0.0,0.0,0.0,0.0005,0.0,0.0,0.0,0.0361,0.014,0.0082,0.0005,0.0005,0.0005,0.0,0.0,0.0,200.0,0.0,0.0,,,,,-45.0,100.0,,,10.0,30.0,59.0,0.0,1.0,1,0,0,3570.0,0,0,0,1,0,0,0,0,0,0,1000.0,-4.8406787,-4.840678691864014,12.28,10.0,35.416817,30.0,48.32,59.0,0.0,0.0,1.348588023088023,1.0
0.075,0.35,1.05,0.008,0.007,0.0,0.0,0.0,0.0005,0.0,0.0,0.0,0.0361,0.014,0.0082,0.0005,0.0005,0.0005,0.0,0.0,0.0,200.0,580.0,2.0,398.0,488.0,32.2,80.7,-54.0,100.0,,,,,,,,1,0,0,3570.0,0,0,0,1,0,0,0,0,0,0,1000.0,-4.8406787,-4.840678691864014,12.97,12.97,36.77409,36.77408981323242,48.8725,48.8725,0.0,0.0,1.328588023088023,1.328588023088023
0.078,0.43,1.1,0.007,0.005,0.0,0.0,0.0,0.0005,0.0,0.0,0.0,0.0329,0.019,0.0073,0.0005,0.0005,0.0005,0.0,0.0,0.0,200.0,250.0,14.0,456.0,545.0,29.0,78.9,,,,,,,,,,1,0,0,3570.0,0,0,0,1,0,0,0,0,0,0,1000.0,-11.873734,-11.873734474182129,16.083333333333336,16.083333333333336,45.688744,45.688743591308594,38.823,38.823,0.0,0.0,1.1248380230880228,1.1248380230880228
0.078,0.43,1.1,0.007,0.005,0.0,0.0,0.0,0.0005,0.0,0.0,0.0,0.0329,0.019,0.0073,0.0005,0.0005,0.0005,0.0,0.0,0.0,200.0,0.0,0.0,,,,,-50.0,100.0,,,15.0,49.0,35.0,0.0,1.0,1,0,0,3570.0,0,0,0,1,0,0,0,0,0,0,1000.0,-11.873734,-11.873734474182129,16.083333333333336,15.0,45.688744,49.0,38.823,35.0,0.0,0.0,1.1248380230880228,1.0
0.078,0.43,1.1,0.007,0.005,0.0,0.0,0.0,0.0005,0.0,0.0,0.0,0.0329,0.019,0.0073,0.0005,0.0005,0.0005,0.0,0.0,0.0,200.0,580.0,2.0,399.0,492.0,32.2,80.7,-56.0,100.0,,,,,,,,1,0,0,3570.0,0,0,0,1,0,0,0,0,0,0,1000.0,-11.873734,-11.873734474182129,16.93,16.93,45.688744,45.688743591308594,38.990500000000004,38.990500000000004,0.0,0.0,1.104838023088023,1.104838023088023
0.075,0.3,1.31,0.008,0.006,0.0,0.0,0.0,0.0005,0.0,0.0,0.0,0.0441,0.0005,0.0081,0.0005,0.0005,0.0005,0.0,0.0,0.0,200.0,250.0,14.0,420.0,523.0,26.4,77.0,,,,,,,,,,1,0,0,3570.0,0,0,0,1,0,0,0,0,0,0,1000.0,-11.040137,-11.04013729095459,26.00666666666667,26.00666666666667,34.16882,34.168819427490234,56.18848809523809,56.18848809523809,0.0,0.0,0.4092857142857143,0.4092857142857143
0.075,0.3,1.31,0.008,0.006,0.0,0.0,0.0,0.0005,0.0,0.0,0.0,0.0441,0.0005,0.0081,0.0005,0.0005,0.0005,0.0,0.0,0.0,200.0,0.0,0.0,,,,,-29.0,100.0,,,,,,,,1,0,0,3570.0,0,0,0,1,0,0,0,0,0,0,1000.0,-11.040137,-11.04013729095459,26.11,26.11,36.8891,36.88909912109375,54.6764880952381,54.6764880952381,0.0,0.0,0.9150833333333332,0.9150833333333332
0.075,0.3,1.31,0.008,0.006,0.0,0.0,0.0,0.0005,0.0,0.0,0.0,0.0441,0.0005,0.0081,0.0005,0.0005,0.0005,0.0,0.0,0.0,200.0,580.0,2.0,359.0,480.0,29.6,78.6,-72.0,100.0,,,,,,,,1,0,0,3570.0,0,0,0,1,0,0,0,0,0,0,1000.0,-11.494404,-11.494403839111328,10.33,10.33,36.897366,36.89736557006836,53.56333333333333,53.56333333333333,15.6,15.6,0.4092857142857143,0.4092857142857143
0.077,0.32,1.33,0.007,0.005,0.0,0.0,0.0,0.0005,0.0,0.0,0.0,0.0422,0.0036,0.0083,0.0005,0.0005,0.0005,0.0,0.0,0.0,200.0,250.0,14.0,463.0,541.0,27.1,75.9,,,,,,,,,,1,0,0,3570.0,0,0,0,1,0,0,0,0,0,0,1000.0,-11.07098,-11.070980072021484,21.215333333333334,21.215333333333334,10.520024,10.520024299621582,66.65608141858142,66.65608141858142,0.0,0.0,0.09883333333333333,0.09883333333333333
0.077,0.32,1.33,0.007,0.005,0.0,0.0,0.0,0.0005,0.0,0.0,0.0,0.0422,0.0036,0.0083,0.0005,0.0005,0.0005,0.0,0.0,0.0,200.0,0.0,0.0,,,,,-68.0,100.0,,,,,,,,1,0,0,3570.0,0,0,0,1,0,0,0,0,0,0,1000.0,-11.07098,-11.070980072021484,21.212,21.212,9.537461,9.537461280822754,67.43608141858141,67.43608141858141,0.0,0.0,0.09883333333333333,0.09883333333333333
0.077,0.32,1.33,0.007,0.005,0.0,0.0,0.0,0.0005,0.0,0.0,0.0,0.0422,0.0036,0.0083,0.0005,0.0005,0.0005,0.0,0.0,0.0,200.0,580.0,2.0,372.0,497.0,31.4,76.4,-81.0,100.0,,,,,,,,1,0,0,3570.0,0,0,0,1,0,0,0,0,0,0,1000.0,-11.525247,-11.525246620178223,9.251666666666667,9.251666666666667,10.520024,10.520024299621582,63.032797619047614,63.032797619047614,15.6,15.6,0.09883333333333333,0.09883333333333333
0.073,0.3,1.32,0.008,0.007,0.0,0.0,0.0,0.0005,0.0,0.0,0.0,0.0401,0.0075,0.0077,0.0005,0.0005,0.0005,0.0,0.0,0.0,200.0,250.0,14.0,450.0,522.0,29.4,78.9,,,,,,,,,,1,0,0,3570.0,0,0,0,1,0,0,0,0,0,0,1000.0,-11.037093,-11.037093162536621,19.264166666666668,19.264166666666668,18.66606,18.666059494018555,61.94095695970695,61.94095695970695,0.0,0.0,0.7589285714285715,0.7589285714285715
0.073,0.3,1.32,0.008,0.007,0.0,0.0,0.0,0.0005,0.0,0.0,0.0,0.0401,0.0075,0.0077,0.0005,0.0005,0.0005,0.0,0.0,0.0,200.0,0.0,0.0,,,,,-52.0,100.0,,,,,,,,1,0,0,3570.0,0,0,0,1,0,0,0,0,0,0,1000.0,-11.037093,-11.037093162536621,19.304166666666667,19.304166666666667,18.66606,18.666059494018555,61.87095695970695,61.87095695970695,0.0,0.0,0.7589285714285715,0.7589285714285715
0.073,0.3,1.32,0.008,0.007,0.0,0.0,0.0,0.0005,0.0,0.0,0.0,0.0401,0.0075,0.0077,0.0005,0.0005,0.0005,0.0,0.0,0.0,200.0,580.0,2.0,419.0,507.0,33.4,80.7,-61.0,100.0,,,,,,,,1,0,0,3570.0,0,0,0,1,0,0,0,0,0,0,1000.0,-11.037093,-11.037093162536621,7.79,7.79,18.66606,18.666059494018555,60.309464285714284,60.309464285714284,15.6,15.6,0.7589285714285715,0.7589285714285715
0.079,0.33,1.35,0.008,0.007,0.0,0.0,0.0,0.0005,0.0,0.0,0.0,0.0375,0.014,0.0078,0.0005,0.0005,0.0005,0.0,0.0,0.0,200.0,250.0,14.0,464.0,544.0,29.4,78.9,,,,,,,,,,1,0,0,3570.0,0,0,0,1,0,0,0,0,0,0,1000.0,-11.113088,-11.11308765411377,19.095,19.095,11.216928,11.216927528381348,63.387052197802205,63.387052197802205,0.0,0.0,0.9748571428571426,0.9748571428571426
0.079,0.33,1.35,0.008,0.007,0.0,0.0,0.0,0.0005,0.0,0.0,0.0,0.0375,0.014,0.0078,0.0005,0.0005,0.0005,0.0,0.0,0.0,200.0,0.0,0.0,,,,,-43.0,100.0,,,,,,,,1,0,0,3570.0,0,0,0,1,0,0,0,0,0,0,1000.0,-11.113088,-11.11308765411377,19.085,19.085,11.216928,11.216927528381348,62.747052197802205,62.747052197802205,0.0,0.0,0.9548571428571428,0.9548571428571428
0.079,0.33,1.35,0.008,0.007,0.0,0.0,0.0,0.0005,0.0,0.0,0.0,0.0375,0.014,0.0078,0.0005,0.0005,0.0005,0.0,0.0,0.0,200.0,580.0,2.0,413.0,508.0,27.0,79.8,-60.0,100.0,,,,,,,,1,0,0,3570.0,0,0,0,1,0,0,0,0,0,0,1000.0,-11.567353,-11.567353248596191,8.26,8.26,11.43914,11.439140319824219,61.54389285714286,61.54389285714286,15.6,15.6,0.9548571428571428,0.9548571428571428
0.08,0.39,1.37,0.007,0.006,0.0,0.0,0.0,0.0005,0.0,0.0,0.0,0.032,0.0215,0.009,0.0005,0.0005,0.0005,0.0,0.0,0.0,200.0,250.0,14.0,485.0,559.0,28.0,80.7,,,,,,,,,,1,0,0,3570.0,0,0,0,1,0,0,0,0,0,0,1000.0,-18.100563,-18.100563049316406,17.281666666666666,17.281666666666666,12.215267,12.215267181396484,66.26630952380953,66.26630952380953,0.0,0.0,1.0149769119769119,1.0149769119769119
0.08,0.39,1.37,0.007,0.006,0.0,0.0,0.0,0.0005,0.0,0.0,0.0,0.032,0.0215,0.009,0.0005,0.0005,0.0005,0.0,0.0,0.0,200.0,0.0,0.0,,,,,-54.0,100.0,,,,,,,,1,0,0,3570.0,0,0,0,1,0,0,0,0,0,0,1000.0,-18.100563,-18.100563049316406,18.261666666666667,18.261666666666667,12.215267,12.215267181396484,66.78089285714286,66.78089285714286,0.0,0.0,1.0149769119769119,1.0149769119769119
0.08,0.39,1.37,0.007,0.006,0.0,0.0,0.0,0.0005,0.0,0.0,0.0,0.032,0.0215,0.009,0.0005,0.0005,0.0005,0.0,0.0,0.0,200.0,580.0,2.0,429.0,537.0,28.4,77.5,-70.0,100.0,,,,,,,,1,0,0,3570.0,0,0,0,1,0,0,0,0,0,0,1000.0,-18.554832,-18.554832458496094,9.62,9.62,12.215267,12.215267181396484,62.595892857142864,62.595892857142864,15.6,15.6,1.0149769119769119,1.0149769119769119
0.077,0.28,1.79,0.007,0.006,0.0,0.0,0.0,0.0005,0.0,0.0,0.0,0.0439,0.0007,0.0082,0.0005,0.0005,0.0005,0.0,0.0,0.0,200.0,250.0,14.0,458.0,568.0,28.6,76.0,,,,,,,,,,1,0,0,3570.0,0,0,0,1,0,0,0,0,0,0,1000.0,-11.17656,-11.176560401916504,10.83,10.83,27.559086,27.559085845947266,61.265476190476186,61.265476190476186,0.0,0.0,0.4059999999999999,0.4059999999999999
0.077,0.28,1.79,0.007,0.006,0.0,0.0,0.0,0.0005,0.0,0.0,0.0,0.0439,0.0007,0.0082,0.0005,0.0005,0.0005,0.0,0.0,0.0,200.0,0.0,0.0,,,,,-5.0,100.0,,,,,,,,1,0,0,3570.0,0,0,0,1,0,0,0,0,0,0,1000.0,-11.17656,-11.176560401916504,10.71,10.71,27.559086,27.559085845947266,61.265476190476186,61.265476190476186,0.0,0.0,0.4059999999999999,0.4059999999999999
0.077,0.28,1.79,0.007,0.006,0.0,0.0,0.0,0.0005,0.0,0.0,0.0,0.0439,0.0007,0.0082,0.0005,0.0005,0.0005,0.0,0.0,0.0,200.0,580.0,2.0,381.0,500.0,30.4,78.9,-49.0,100.0,,,,,,,,1,0,0,3570.0,0,0,0,1,0,0,0,0,0,0,1000.0,-11.17656,-11.176560401916504,8.5,8.5,27.559086,27.559085845947266,53.514047619047616,53.514047619047616,15.6,15.6,0.4059999999999999,0.4059999999999999
0.078,0.31,1.75,0.007,0.006,0.0,0.0,0.0,0.0005,0.0,0.0,0.0,0.0417,0.0036,0.0094,0.0005,0.0005,0.0005,0.0,0.0,0.0,200.0,250.0,14.0,500.0,571.0,28.8,77.0,,,,,,,,,,1,0,0,3570.0,0,0,0,1,0,0,0,0,0,0,1000.0,-11.09785,-11.09784984588623,10.94,10.94,9.016562,9.016562461853027,70.6362380952381,70.6362380952381,0.0,0.0,0.3797539682539683,0.3797539682539683
0.078,0.31,1.75,0.007,0.006,0.0,0.0,0.0,0.0005,0.0,0.0,0.0,0.0417,0.0036,0.0094,0.0005,0.0005,0.0005,0.0,0.0,0.0,200.0,0.0,0.0,,,,,-62.0,100.0,,,,,,,,1,0,0,3570.0,0,0,0,1,0,0,0,0,0,0,1000.0,-11.09785,-11.09784984588623,10.31,10.31,9.016562,9.016562461853027,70.6362380952381,70.6362380952381,0.0,0.0,0.3797539682539683,0.3797539682539683
0.078,0.31,1.75,0.007,0.006,0.0,0.0,0.0,0.0005,0.0,0.0,0.0,0.0417,0.0036,0.0094,0.0005,0.0005,0.0005,0.0,0.0,0.0,200.0,580.0,2.0,414.0,518.0,29.2,78.4,-71.0,100.0,,,,,,,,1,0,0,3570.0,0,0,0,1,0,0,0,0,0,0,1000.0,-11.09785,-11.09784984588623,8.46,8.46,9.016562,9.016562461853027,61.80464285714286,61.80464285714286,15.6,15.6,0.3797539682539683,0.3797539682539683
0.077,0.29,1.76,0.007,0.007,0.0,0.0,0.0,0.0005,0.0,0.0,0.0,0.0396,0.0105,0.0081,0.0005,0.0005,0.0005,0.0,0.0,0.0,200.0,250.0,14.0,484.0,577.0,26.2,77.9,,,,,,,,,,1,0,0,3570.0,0,0,0,1,0,0,0,0,0,0,1000.0,-11.092595,-11.092595100402832,8.83,8.83,11.470696,11.470696449279785,72.30952380952381,72.30952380952381,0.0,0.0,0.5930952380952382,0.5930952380952382
0.077,0.29,1.76,0.007,0.007,0.0,0.0,0.0,0.0005,0.0,0.0,0.0,0.0396,0.0105,0.0081,0.0005,0.0005,0.0005,0.0,0.0,0.0,200.0,0.0,0.0,,,,,-53.0,100.0,,,,,,,,1,0,0,3570.0,0,0,0,1,0,0,0,0,0,0,1000.0,-11.092595,-11.092595100402832,8.83,8.83,11.470696,11.470696449279785,72.30952380952381,72.30952380952381,0.0,0.0,0.5930952380952382,0.5930952380952382
0.077,0.29,1.76,0.007,0.007,0.0,0.0,0.0,0.0005,0.0,0.0,0.0,0.0396,0.0105,0.0081,0.0005,0.0005,0.0005,0.0,0.0,0.0,200.0,580.0,2.0,429.0,532.0,27.4,78.9,-57.0,100.0,,,,,,,,1,0,0,3570.0,0,0,0,1,0,0,0,0,0,0,1000.0,-11.092595,-11.092595100402832,7.09,7.09,11.470696,11.470696449279785,63.10535714285714,63.10535714285714,15.6,15.6,0.5930952380952382,0.5930952380952382
0.075,0.32,1.83,0.006,0.007,0.0,0.0,0.0,0.0005,0.0,0.0,0.0,0.0346,0.017,0.0082,0.0005,0.0005,0.0005,0.0,0.0,0.0,200.0,250.0,14.0,510.0,590.0,27.4,79.7,,,,,,,,,,1,0,0,3570.0,0,0,0,1,0,0,0,0,0,0,1000.0,-46.511402,-46.51140213012695,10.3,10.3,9.706032,9.706031799316406,72.91133333333335,72.91133333333335,0.0,0.0,0.657857142857143,0.657857142857143
0.075,0.32,1.83,0.006,0.007,0.0,0.0,0.0,0.0005,0.0,0.0,0.0,0.0346,0.017,0.0082,0.0005,0.0005,0.0005,0.0,0.0,0.0,200.0,0.0,0.0,,,,,-52.0,100.0,,,,,,,,1,0,0,3570.0,0,0,0,1,0,0,0,0,0,0,1000.0,-46.511402,-46.51140213012695,10.3,10.3,9.706032,9.706031799316406,72.91133333333335,72.91133333333335,0.0,0.0,0.657857142857143,0.657857142857143
0.075,0.32,1.83,0.006,0.007,0.0,0.0,0.0,0.0005,0.0,0.0,0.0,0.0346,0.017,0.0082,0.0005,0.0005,0.0005,0.0,0.0,0.0,200.0,580.0,2.0,471.0,565.0,27.8,78.0,-57.0,100.0,,,,,,,,1,0,0,3570.0,0,0,0,1,0,0,0,0,0,0,1000.0,-46.875446,-46.87544631958008,8.68,8.68,9.706032,9.706031799316406,62.9825,62.9825,15.6,15.6,0.657857142857143,0.657857142857143
0.079,0.37,1.82,0.006,0.007,0.0,0.0,0.0,0.0005,0.0,0.0,0.0,0.0324,0.0255,0.0081,0.0005,0.0005,0.0005,0.0,0.0,0.0,200.0,250.0,14.0,536.0,612.0,25.4,76.0,,,,,,,,,,1,0,0,3570.0,0,0,0,1,0,0,0,0,0,0,1000.0,-46.528683,-46.528682708740234,17.28666666666667,17.28666666666667,10.817021,10.817021369934082,67.40416666666667,67.40416666666667,0.0,0.0,0.7170238095238096,0.7170238095238096
0.079,0.37,1.82,0.006,0.007,0.0,0.0,0.0,0.0005,0.0,0.0,0.0,0.0324,0.0255,0.0081,0.0005,0.0005,0.0005,0.0,0.0,0.0,200.0,0.0,0.0,,,,,-53.0,100.0,,,,,,,,1,0,0,3570.0,0,0,0,1,0,0,0,0,0,0,1000.0,-46.528683,-46.528682708740234,15.19,15.19,10.817021,10.817021369934082,68.1025,68.1025,0.0,0.0,0.7170238095238096,0.7170238095238096
0.079,0.37,1.82,0.006,0.007,0.0,0.0,0.0,0.0005,0.0,0.0,0.0,0.0324,0.0255,0.0081,0.0005,0.0005,0.0005,0.0,0.0,0.0,200.0,580.0,2.0,474.0,575.0,29.4,78.0,-61.0,100.0,,,,,,,,1,0,0,3570.0,0,0,0,1,0,0,0,0,0,0,1000.0,-46.892727,-46.89272689819336,9.32,9.32,10.817021,10.817021369934082,62.5675,62.5675,15.6,15.6,0.7170238095238096,0.7170238095238096
0.074,0.25,1.4,0.008,0.007,0.0,0.0,0.0,0.0,0.0,0.0,0.0,0.0475,0.0001,0.0079,0.0,0.0,0.0,0.0,0.0,0.0,200.0,0.0,0.0,445.0,528.0,28.2,78.0,,,,,,,,,,1,0,0,3570.0,0,0,0,1,0,0,0,0,0,0,1000.0,-12.905732,-12.905732154846191,25.54,25.54,51.693207,51.693206787109375,50.4757619047619,50.4757619047619,0.0,0.0,3.1765476190476183,3.1765476190476183
0.077,0.27,1.46,0.008,0.007,0.0,0.0,0.0,0.0,0.0,0.0,0.0,0.0459,0.0028,0.0081,0.0,0.0,0.0,0.0,0.0,0.0,200.0,0.0,0.0,471.0,544.0,25.2,77.0,,,,,,,,,,1,0,0,3570.0,0,0,0,1,0,0,0,0,0,0,1000.0,-11.177875,-11.177874565124512,20.37666666666667,20.37666666666667,6.581154,6.581153869628906,58.908559523809515,58.908559523809515,0.0,0.0,0.39911904761904765,0.39911904761904765
0.073,0.26,1.41,0.007,0.011,0.0,0.0,0.0,0.0,0.0,0.0,0.0,0.0392,0.009,0.0083,0.0,0.0,0.0,0.0,0.0,0.0,200.0,0.0,0.0,478.0,540.0,24.2,78.9,,,,,,,,,,1,0,0,3570.0,0,0,0,1,0,0,0,0,0,0,1000.0,-12.114684,-12.114684104919434,21.048000000000002,21.048000000000002,11.895873,11.895873069763184,66.77430952380952,66.77430952380952,0.0,0.0,0.07,0.07
0.074,0.3,1.45,0.007,0.009,0.0,0.0,0.0,0.0,0.0,0.0,0.0,0.0337,0.012,0.0084,0.0,0.0,0.0,0.0,0.0,0.0,200.0,0.0,0.0,480.0,538.0,27.8,79.8,,,,,,,,,,1,0,0,3570.0,0,0,0,1,0,0,0,0,0,0,1000.0,-11.0792,-11.07919979095459,18.12,18.12,11.271967,11.271966934204102,68.61018315018316,68.61018315018316,0.0,0.0,0.2874285714285714,0.2874285714285714
0.072,0.38,1.5,0.006,0.01,0.0,0.0,0.0,0.0,0.0,0.0,0.0,0.0291,0.026,0.0077,0.0,0.0,0.0,0.0,0.0,0.0,200.0,0.0,0.0,509.0,578.0,26.4,78.9,,,,,,,,,,1,0,0,3570.0,0,0,0,1,0,0,0,0,0,0,1000.0,-46.51738,-46.51737976074219,14.3,14.3,9.525103,9.525102615356445,74.16485714285714,74.16485714285714,0.0,0.0,0.07392857142857143,0.07392857142857143
0.069,0.45,1.47,0.005,0.006,0.0,0.0,0.0,0.0,0.0,0.0,0.0,0.0282,0.041,0.0077,0.0,0.0,0.0,0.0,0.0,0.0,200.0,0.0,0.0,504.0,577.0,25.8,79.8,,,,,,,,,,1,0,0,3570.0,0,0,0,1,0,0,0,0,0,0,1000.0,-47.937595,-47.93759536743164,12.42,12.42,9.06628,9.066280364990234,73.92013909774435,73.92013909774435,0.0,0.0,0.10392857142857143,0.10392857142857143
0.07,0.45,1.5,0.005,0.006,0.0,0.0,0.0,0.0,0.0,0.0,0.0,0.0294,0.055,0.0075,0.0,0.0,0.0,0.0,0.0,0.0,200.0,0.0,0.0,530.0,597.0,25.0,81.6,,,,,,,,,,1,0,0,3570.0,0,0,0,1,0,0,0,0,0,0,1000.0,-47.937595,-47.93759536743164,14.94,14.94,9.712168,9.712167739868164,74.16621052631578,74.16621052631578,0.0,0.0,0.10392857142857143,0.10392857142857143
0.074,0.28,1.58,0.008,0.008,0.0,0.0,0.0,0.0,0.0,0.0,0.0,0.0404,0.0005,0.0145,0.0,0.0,0.0,0.0,0.0,0.0,200.0,0.0,0.0,473.0,566.0,24.0,77.0,,,,,,,,,,1,0,0,3570.0,0,0,0,1,0,0,0,0,0,0,1000.0,-12.295778,-12.295778274536133,18.254666666666665,18.254666666666665,32.609184,32.60918426513672,69.59219047619048,69.59219047619048,0.0,0.0,0.9887539682539682,0.9887539682539682
0.068,0.28,1.4,0.01,0.008,0.0,0.0,0.0,0.0,0.0,0.0,0.0,0.0409,0.0031,0.0148,0.0,0.0,0.0,0.0,0.0,0.0,200.0,0.0,0.0,482.0,545.0,28.0,78.9,,,,,,,,,,1,0,0,3570.0,0,0,0,1,0,0,0,0,0,0,1000.0,-12.555658,-12.555658340454102,21.36466666666667,21.36466666666667,9.690039,9.690038681030273,70.0012857142857,70.0012857142857,0.0,0.0,0.7982539682539682,0.7982539682539682
0.069,0.31,1.5,0.008,0.008,0.0,0.0,0.0,0.0,0.0,0.0,0.0,0.04,0.0051,0.016,0.0,0.0,0.0,0.0,0.0,0.0,200.0,0.0,0.0,522.0,584.0,26.4,78.9,,,,,,,,,,1,0,0,3570.0,0,0,0,1,0,0,0,0,0,0,1000.0,-12.47695,-12.476949691772461,21.119666666666667,21.119666666666667,9.93055,9.930549621582031,67.46345046620046,67.46345046620046,0.0,0.0,0.37958730158730164,0.37958730158730164
0.07,0.29,1.5,0.008,0.009,0.0,0.0,0.0,0.0,0.0,0.0,0.0,0.0341,0.012,0.0164,0.0,0.0,0.0,0.0,0.0,0.0,200.0,0.0,0.0,513.0,573.0,25.2,76.0,,,,,,,,,,1,0,0,3570.0,0,0,0,1,0,0,0,0,0,0,1000.0,-12.4696045,-12.4696044921875,19.52,19.52,11.3961525,11.39615249633789,69.36125457875458,69.36125457875458,0.0,0.0,0.4892301587301588,0.4892301587301588
0.068,0.39,1.51,0.007,0.009,0.0,0.0,0.0,0.0,0.0,0.0,0.0,0.0278,0.03,0.0166,0.0,0.0,0.0,0.0,0.0,0.0,200.0,0.0,0.0,546.0,611.0,24.0,78.0,,,,,,,,,,1,0,0,3570.0,0,0,0,1,0,0,0,0,0,0,1000.0,-19.477875,-19.477874755859375,11.22,11.22,8.874272,8.874272346496582,75.00847243107769,75.00847243107769,0.0,0.0,0.28006349206349207,0.28006349206349207
0.066,0.47,1.48,0.007,0.011,0.0,0.0,0.0,0.0,0.0,0.0,0.0,0.0285,0.041,0.0164,0.0,0.0,0.0,0.0,0.0,0.0,200.0,0.0,0.0,584.0,639.0,23.0,75.0,,,,,,,,,,1,0,0,3570.0,0,0,0,1,0,0,0,0,0,0,1000.0,-19.504242,-19.504241943359375,12.19,12.19,8.947078,8.947077751159668,74.16897243107769,74.16897243107769,0.0,0.0,0.31006349206349204,0.31006349206349204
0.07,0.45,1.5,0.004,0.006,0.0,0.0,0.0,0.0,0.0,0.0,0.0,0.0297,0.059,0.0155,0.0,0.0,0.0,0.0,0.0,0.0,200.0,0.0,0.0,535.0,599.0,25.6,76.0,,,,,,,,,,1,0,0,3570.0,0,0,0,1,0,0,0,0,0,0,1000.0,-49.068115,-49.068115234375,12.76,12.76,9.775656,9.775655746459961,73.71087719298245,73.71087719298245,0.0,0.0,0.3000634920634921,0.3000634920634921
0.073,0.27,1.66,0.009,0.008,0.0,0.0,0.0,0.0,0.0,0.0,0.0,0.0399,0.0005,0.0235,0.0,0.0,0.0,0.0,0.0,0.0,200.0,0.0,0.0,505.0,607.0,24.0,76.0,,,,,,,,,,1,0,0,3570.0,0,0,0,1,0,0,0,0,0,0,1000.0,-12.297092,-12.29709243774414,12.33,12.33,28.218037,28.218036651611328,71.68361904761905,71.68361904761905,0.0,0.0,1.2407539682539683,1.2407539682539683
0.069,0.26,1.45,0.01,0.009,0.0,0.0,0.0,0.0,0.0,0.0,0.0,0.0391,0.0029,0.0226,0.0,0.0,0.0,0.0,0.0,0.0,200.0,0.0,0.0,492.0,581.0,25.8,77.9,,,,,,,,,,1,0,0,3570.0,0,0,0,1,0,0,0,0,0,0,1000.0,-13.48567,-13.48567008972168,19.948,19.948,9.680797,9.68079662322998,73.83219047619048,73.83219047619048,0.0,0.0,0.7982539682539682,0.7982539682539682
0.073,0.29,1.53,0.009,0.007,0.0,0.0,0.0,0.0,0.0,0.0,0.0,0.0419,0.0046,0.0243,0.0,0.0,0.0,0.0,0.0,0.0,200.0,0.0,0.0,538.0,591.0,24.9,74.5,,,,,,,,,,1,0,0,3570.0,0,0,0,1,0,0,0,0,0,0,1000.0,-12.194487,-12.194486618041992,21.659666666666666,21.659666666666666,10.855223,10.855222702026367,68.75782142857142,68.75782142857142,0.0,0.0,0.8182539682539682,0.8182539682539682
0.07,0.28,1.45,0.009,0.009,0.0,0.0,0.0,0.0,0.0,0.0,0.0,0.0315,0.012,0.0239,0.0,0.0,0.0,0.0,0.0,0.0,200.0,0.0,0.0,523.0,599.0,29.2,77.0,,,,,,,,,,1,0,0,3570.0,0,0,0,1,0,0,0,0,0,0,1000.0,-12.615145,-12.615144729614258,18.86,18.86,11.3961525,11.39615249633789,69.17508791208792,69.17508791208792,0.0,0.0,0.9478968253968254,0.9478968253968254
0.067,0.4,1.48,0.006,0.008,0.0,0.0,0.0,0.0,0.0,0.0,0.0,0.0286,0.032,0.0253,0.0,0.0,0.0,0.0,0.0,0.0,200.0,0.0,0.0,546.0,621.0,23.6,76.0,,,,,,,,,,1,0,0,3570.0,0,0,0,1,0,0,0,0,0,0,1000.0,-49.041748,-49.041748046875,17.14,17.14,9.233188,9.233187675476074,73.88147243107768,73.88147243107768,0.0,0.0,0.27006349206349206,0.27006349206349206
0.068,0.47,1.46,0.007,0.006,0.0,0.0,0.0,0.0,0.0,0.0,0.0,0.0297,0.045,0.0249,0.0,0.0,0.0,0.0,0.0,0.0,200.0,0.0,0.0,578.0,631.0,24.6,78.0,,,,,,,,,,1,0,0,3570.0,0,0,0,1,0,0,0,0,0,0,1000.0,-19.504242,-19.504241943359375,11.7,11.7,8.874272,8.874272346496582,75.42468671679198,75.42468671679198,0.0,0.0,0.31006349206349204,0.31006349206349204
0.066,0.43,1.47,0.005,0.006,0.0,0.0,0.0,0.0,0.0,0.0,0.0,0.0322,0.069,0.024,0.0,0.0,0.0,0.0,0.0,0.0,200.0,0.0,0.0,552.0,615.0,26.4,78.0,,,,,,,,,,1,0,0,3570.0,0,0,0,1,0,0,0,0,0,0,1000.0,-49.068115,-49.068115234375,12.85,12.85,8.981103,8.98110294342041,74.53537719298244,74.53537719298244,0.0,0.0,0.3000634920634921,0.3000634920634921
0.035,0.3,0.66,0.006,0.013,0.0,0.0,0.0,0.0,0.0,0.0,0.0,0.049,0.0,0.007,0.0,0.0,0.0,0.0,0.0,0.0,150.0,0.0,0.0,392.0,466.0,31.9,80.6,-27.0,100.0,,,,,,,,1,0,0,3570.0,0,0,0,1,0,0,0,0,0,0,1000.0,-14.94928,-14.94927978515625,28.155,28.155,50.16945,50.16944885253906,32.99,32.99,0.0,0.0,2.5057698412698413,2.5057698412698413
0.035,0.3,0.66,0.006,0.013,0.0,0.0,0.0,0.0,0.0,0.0,0.0,0.049,0.0,0.007,0.0,0.0,0.0,0.0,0.0,0.0,150.0,500.0,2.0,370.0,456.0,35.2,80.6,-32.0,100.0,,,,,,,,1,0,0,3570.0,0,0,0,1,0,0,0,0,0,0,1000.0,-14.94928,-14.94927978515625,24.465,24.465,50.16945,50.16944885253906,33.23,33.23,0.0,0.0,2.5057698412698413,2.5057698412698413
0.038,0.3,1.0,0.005,0.014,0.0,0.0,0.0,0.0,0.0,0.0,0.0,0.046,0.0,0.01,0.0,0.0,0.0,0.0,0.0,0.0,150.0,0.0,0.0,413.0,498.0,31.2,80.6,-44.0,100.0,,,,,,,,1,0,0,3570.0,0,0,0,1,0,0,0,0,0,0,1000.0,-37.741306,-37.74130630493164,23.615,23.615,38.589138,38.58913803100586,34.91,34.91,0.0,0.0,1.0010714285714286,1.0010714285714286
0.038,0.3,1.0,0.005,0.014,0.0,0.0,0.0,0.0,0.0,0.0,0.0,0.046,0.0,0.01,0.0,0.0,0.0,0.0,0.0,0.0,150.0,500.0,2.0,402.0,490.0,31.0,80.6,-44.0,100.0,,,,,,,,1,0,0,3570.0,0,0,0,1,0,0,0,0,0,0,1000.0,-37.741306,-37.74130630493164,28.025,28.025,38.409786,38.409786224365234,34.21,34.21,0.0,0.0,1.0010714285714286,1.0010714285714286
0.049,0.34,1.42,0.005,0.013,0.0,0.0,0.0,0.0,0.0,0.0,0.0,0.041,0.0,0.009,0.0,0.0,0.0,0.0,0.0,0.0,150.0,0.0,0.0,468.0,551.0,29.4,78.7,-53.0,100.0,,,,,,,,1,0,0,3570.0,0,0,0,1,0,0,0,0,0,0,1000.0,-37.49473,-37.49473190307617,11.02,11.02,29.52491,29.52490997314453,67.67902149312675,67.67902149312675,0.0,0.0,0.8729206349206351,0.8729206349206351
0.049,0.34,1.42,0.005,0.013,0.0,0.0,0.0,0.0,0.0,0.0,0.0,0.041,0.0,0.009,0.0,0.0,0.0,0.0,0.0,0.0,150.0,500.0,2.0,436.0,529.0,31.6,78.8,-50.0,100.0,,,,,,,,1,0,0,3570.0,0,0,0,1,0,0,0,0,0,0,1000.0,-37.49473,-37.49473190307617,23.8,23.8,29.52491,29.52490997314453,64.2486643502696,64.2486643502696,0.0,0.0,0.8729206349206351,0.8729206349206351
0.051,0.34,1.82,0.006,0.017,0.0,0.0,0.0,0.0,0.0,0.0,0.0,0.039,0.0,0.009,0.0,0.0,0.0,0.0,0.0,0.0,150.0,0.0,0.0,514.0,588.0,28.0,76.8,-43.0,100.0,,,,,,,,1,0,0,3570.0,0,0,0,1,0,0,0,0,0,0,1000.0,-37.351234,-37.351234436035156,9.72,9.72,20.71335,20.713350296020508,69.38393274853802,69.38393274853802,0.0,0.0,0.8729206349206351,0.8729206349206351
0.051,0.34,1.82,0.006,0.017,0.0,0.0,0.0,0.0,0.0,0.0,0.0,0.039,0.0,0.009,0.0,0.0,0.0,0.0,0.0,0.0,150.0,500.0,2.0,479.0,576.0,27.4,76.9,-36.0,100.0,,,,,,,,1,0,0,3570.0,0,0,0,1,0,0,0,0,0,0,1000.0,-37.351234,-37.351234436035156,21.22,21.22,20.71335,20.713350296020508,66.52549768360294,66.52549768360294,0.0,0.0,0.8729206349206351,0.8729206349206351
0.05,0.25,1.21,0.013,0.024,1.84,0.05,0.34,0.01,0.06,0.0,0.0,0.0444,0.0,0.0143,0.0,0.0,0.0,0.0,0.0,0.0,107.0,0.0,0.0,665.0,715.0,23.8,,-73.0,50.0,,,,,,,,1,0,0,4080.0,0,0,0,1,0,0,0,0,0,0,2100.0,-28.601997,-28.60199737548828,29.39,29.39,52.90006,52.90005874633789,27.57,27.57,0.0,0.0,1.2867539682539684,1.2867539682539684
0.05,0.25,1.21,0.013,0.024,1.84,0.05,0.34,0.01,0.06,0.0,0.0,0.0444,0.0,0.0143,0.0,0.0,0.0,0.0,0.0,0.0,107.0,620.0,1.0,673.0,680.0,23.8,,-42.0,50.0,,,,,,,,1,0,0,4080.0,0,0,0,1,0,0,0,0,0,0,2100.0,-28.601997,-28.60199737548828,28.57,28.57,52.26153,52.261531829833984,25.25,25.25,0.0,0.0,1.9324206349206343,1.9324206349206343
0.07,0.26,1.24,0.013,0.025,1.9,0.05,0.34,0.01,0.06,0.0,0.0,0.0365,0.0,0.0119,0.0,0.0,0.0,0.0,0.0,0.0,107.0,0.0,0.0,768.0,807.0,20.0,,-72.0,50.0,,,,,,,,1,0,0,4080.0,0,0,0,1,0,0,0,0,0,0,2100.0,-28.794916,-28.7949161529541,22.42,22.42,48.859615,48.859615325927734,33.76,33.76,0.0,0.0,1.3714206349206348,1.3714206349206348
0.07,0.26,1.24,0.013,0.025,1.9,0.05,0.34,0.01,0.06,0.0,0.0,0.0365,0.0,0.0119,0.0,0.0,0.0,0.0,0.0,0.0,107.0,620.0,1.0,700.0,785.0,20.6,,-28.0,50.0,,,,,,,,1,0,0,4080.0,0,0,0,1,0,0,0,0,0,0,2100.0,-28.794916,-28.7949161529541,22.16,22.16,48.0949,48.09489822387695,30.75,30.75,0.0,0.0,2.0170873015873014,2.0170873015873014
0.1,0.34,1.42,0.009,0.028,1.92,0.05,0.35,0.01,0.05,0.0,0.0,0.0345,0.0,0.0087,0.0,0.0,0.0,0.0,0.0,0.0,107.0,0.0,0.0,798.0,858.0,19.6,,-64.0,50.0,,,,,,,,1,0,0,4080.0,0,0,0,1,0,0,0,0,0,0,2100.0,-35.901676,-35.901676177978516,29.49,29.49,37.296383,37.296382904052734,36.05809523809524,36.05809523809524,0.0,0.0,1.296603896103896,1.296603896103896
0.1,0.34,1.42,0.009,0.028,1.92,0.05,0.35,0.01,0.05,0.0,0.0,0.0345,0.0,0.0087,0.0,0.0,0.0,0.0,0.0,0.0,107.0,620.0,1.0,765.0,858.0,20.6,,-14.0,50.0,,,,,,,,1,0,0,4080.0,0,0,0,1,0,0,0,0,0,0,2100.0,-35.901676,-35.901676177978516,29.34,29.34,37.5097,37.509700775146484,35.75,35.75,0.0,0.0,2.460032467532468,2.460032467532468
0.12,0.33,1.41,0.011,0.031,1.88,0.05,0.34,0.01,0.05,0.0,0.0,0.0329,0.0,0.0099,0.0,0.0,0.0,0.0,0.0,0.0,107.0,0.0,0.0,808.0,875.0,16.6,,-39.0,50.0,,,,,,,,1,0,0,4080.0,0,0,0,1,0,0,0,0,0,0,2100.0,-35.90877,-35.90877151489258,29.66,29.66,36.745987,36.74598693847656,36.081428571428575,36.081428571428575,0.0,0.0,1.5780873015873016,1.5780873015873016
0.12,0.33,1.41,0.011,0.031,1.88,0.05,0.34,0.01,0.05,0.0,0.0,0.0329,0.0,0.0099,0.0,0.0,0.0,0.0,0.0,0.0,107.0,620.0,1.0,795.0,895.0,18.0,,-3.0,50.0,,,,,,,,1,0,0,4080.0,0,0,0,1,0,0,0,0,0,0,2100.0,-35.90877,-35.90877151489258,9.43,9.43,36.9682,36.96820068359375,35.75,35.75,5.4,5.4,1.5780873015873016,1.5780873015873016
0.04,0.24,0.84,0.009,0.01,2.2,0.0,0.0,0.0,0.13,0.0,0.0,0.03,0.015,0.0,0.0,0.0,0.0,0.0,0.0,0.0,200.0,0.0,0.0,481.0,616.0,23.0,69.0,,,,,,,,,,0,1,0,4125.0,0,0,0,1,0,0,0,0,0,0,1000.0,-0.6216345,-0.6216344833374023,6.07,6.07,37.546288,37.546287536621094,41.09,41.09,5.4,5.4,1.3305793650793651,1.3305793650793651
0.04,0.22,0.81,0.009,0.011,2.19,0.0,0.0,0.0,0.29,0.0,0.0,0.03,0.012,0.0,0.0,0.0,0.0,0.0,0.0,0.0,200.0,0.0,0.0,471.0,596.0,23.0,66.0,,,,,,,,,,0,1,0,4125.0,0,0,0,1,0,0,0,0,0,0,1000.0,1.6604849,1.6604849100112915,17.9,17.9,37.21452,37.21451950073242,39.75,39.75,0.0,0.0,1.4803095238095239,1.4803095238095239
0.04,0.23,0.83,0.01,0.011,2.19,0.0,0.0,0.0,0.45,0.0,0.0,0.028,0.014,0.0,0.0,0.0,0.0,0.0,0.0,0.0,200.0,0.0,0.0,498.0,599.0,24.0,65.0,,,,,,,,,,0,1,0,4125.0,0,0,0,1,0,0,0,0,0,0,1000.0,1.6604849,1.6604849100112915,17.9,17.9,37.10977,37.109771728515625,39.72,39.72,0.0,0.0,1.4803095238095239,1.4803095238095239
0.04,0.24,0.82,0.009,0.01,2.2,0.0,0.0,0.0,0.62,0.0,0.0,0.03,0.015,0.0,0.0,0.0,0.0,0.0,0.0,0.0,200.0,0.0,0.0,525.0,623.0,21.0,65.0,,,,,,,,,,0,1,0,4125.0,0,0,0,1,0,0,0,0,0,0,1000.0,-0.6216345,-0.6216344833374023,6.46,6.46,37.546288,37.546287536621094,40.86,40.86,5.4,5.4,1.4057460317460313,1.4057460317460313
0.04,0.23,0.83,0.01,0.011,2.21,0.0,0.0,0.0,0.79,0.0,0.0,0.032,0.014,0.0,0.0,0.0,0.0,0.0,0.0,0.0,200.0,0.0,0.0,536.0,635.0,23.0,65.0,,,,,,,,,,0,1,0,4125.0,0,0,0,1,0,0,0,0,0,0,1000.0,1.6604849,1.6604849100112915,17.9,17.9,37.10977,37.109771728515625,39.74,39.74,0.0,0.0,1.4803095238095239,1.4803095238095239
0.04,0.23,0.83,0.01,0.011,2.21,0.0,0.0,0.0,1.01,0.0,0.0,0.032,0.013,0.0,0.0,0.0,0.0,0.0,0.0,0.0,200.0,0.0,0.0,566.0,674.0,21.0,62.0,,,,,,,,,,0,1,0,4125.0,0,0,0,1,0,0,0,0,0,0,1000.0,1.6604849,1.6604849100112915,17.9,17.9,37.21452,37.21451950073242,39.74,39.74,0.0,0.0,1.4803095238095239,1.4803095238095239
0.04,0.2,0.8,0.01,0.011,2.2,0.0,0.0,0.0,1.2,0.0,0.0,0.037,0.014,0.0,0.0,0.0,0.0,0.0,0.0,0.0,200.0,0.0,0.0,573.0,690.0,21.0,62.0,,,,,,,,,,0,1,0,4125.0,0,0,0,1,0,0,0,0,0,0,1000.0,1.6604849,1.6604849100112915,17.86,17.86,36.83609,36.836090087890625,39.56,39.56,0.0,0.0,1.4803095238095239,1.4803095238095239
0.099,0.17,1.01,0.007,0.012,0.08,9.3,1.0,0.2,0.0,0.0,0.0,0.0634,0.0,0.0539,0.0,0.0,0.046,0.0,0.0,0.0,175.0,750.0,8.0,617.0,762.0,18.4,61.2,,,,,,,,,,1,0,0,6120.0,0,0,0,1,0,0,0,0,0,0,1000.0,-33.677654,-33.67765426635742,5.71,5.71,65.75275,65.75274658203125,28.19,28.19,15.6,15.6,2.9931984126984124,2.9931984126984124
0.093,0.16,1.03,0.008,0.012,0.98,9.08,0.98,0.19,0.0,0.0,0.0,0.0651,0.0,0.0515,0.0,0.0,0.043,0.0,0.0,0.0,175.0,750.0,8.0,551.0,751.0,19.6,64.5,,,,,,,,,,1,0,0,6120.0,0,0,0,1,0,0,0,0,0,0,1000.0,-33.44635,-33.44635009765625,4.87,4.87,63.858635,63.85863494873047,28.93,28.93,15.6,15.6,3.1498650793650795,3.1498650793650795
0.101,0.17,1.02,0.008,0.012,1.92,9.12,1.0,0.19,0.0,0.0,0.0,0.0664,0.0,0.0494,0.0,0.0,0.047,0.0,0.0,0.0,175.0,750.0,8.0,672.0,866.0,13.6,56.8,,,,,,,,,,1,0,0,6120.0,0,0,0,1,0,0,0,0,0,0,1000.0,-33.686653,-33.68665313720703,5.01,5.01,64.14415,64.14414978027344,28.85,28.85,15.6,15.6,3.1498650793650795,3.1498650793650795
0.095,0.16,1.02,0.007,0.012,3.01,9.17,0.96,0.19,0.0,0.0,0.0,0.061,0.0,0.0489,0.0,0.0,0.045,0.0,0.0,0.0,175.0,750.0,8.0,920.0,1151.0,10.6,47.6,,,,,,,,,,1,0,0,6120.0,0,0,0,1,0,0,0,0,0,0,1000.0,-33.6784,-33.67839813232422,4.94,4.94,66.39512,66.3951187133789,28.24,28.24,19.8,19.8,3.003198412698412,3.003198412698412
0.096,0.16,1.01,0.007,0.013,0.0,9.16,0.99,0.19,0.0,0.95,0.0,0.0672,0.0,0.0552,0.0,0.0,0.045,0.0,0.0,0.0,175.0,750.0,8.0,525.0,696.0,19.8,64.4,,,,,,,,,,1,0,0,6120.0,0,0,0,1,0,0,0,0,0,0,1000.0,-33.677654,-33.67765426635742,7.05,7.05,65.75275,65.75274658203125,28.19,28.19,15.6,15.6,2.9931984126984124,2.9931984126984124
0.094,0.18,1.0,0.008,0.017,0.0,9.31,0.98,0.19,0.0,1.89,0.0,0.0687,0.0,0.0517,0.0,0.0,0.043,0.0,0.0,0.0,175.0,750.0,8.0,526.0,690.0,21.9,66.0,,,,,,,,,,1,0,0,6120.0,0,0,0,1,0,0,0,0,0,0,1000.0,-34.505016,-34.5050163269043,8.34,8.34,63.216267,63.21626663208008,29.2,29.2,15.6,15.6,3.1865317460317457,3.1865317460317457
0.091,0.16,1.0,0.008,0.015,0.0,9.3,0.98,0.19,0.0,2.8,0.0,0.0666,0.0,0.052,0.0,0.0,0.041,0.0,0.0,0.0,175.0,750.0,8.0,481.0,672.0,23.7,66.7,,,,,,,,,,1,0,0,6120.0,0,0,0,1,0,0,0,0,0,0,1000.0,-33.53671,-33.53670883178711,8.34,8.34,63.216267,63.21626663208008,29.2,29.2,15.6,15.6,3.1865317460317457,3.1865317460317457
0.095,0.18,1.04,0.008,0.015,0.0,9.35,1.0,0.19,0.0,0.0,1.03,0.0656,0.0,0.0544,0.0,0.0,0.051,0.0,0.0,0.0,175.0,750.0,8.0,526.0,702.0,19.6,59.3,,,,,,,,,,1,0,0,6120.0,0,0,0,1,0,0,0,0,0,0,1000.0,-34.505016,-34.5050163269043,8.46,8.46,63.50178,63.50178146362305,28.31,28.31,15.6,15.6,3.1498650793650795,3.1498650793650795
0.096,0.2,0.99,0.007,0.015,0.0,9.25,0.91,0.19,0.0,0.0,1.92,0.0669,0.0,0.0526,0.0,0.0,0.053,0.0,0.0,0.0,175.0,750.0,8.0,515.0,698.0,18.9,59.0,,,,,,,,,,1,0,0,6120.0,0,0,0,1,0,0,0,0,0,0,1000.0,-34.505016,-34.5050163269043,8.53,8.53,65.75275,65.75274658203125,28.51,28.51,15.6,15.6,3.029865079365079,3.029865079365079
0.094,0.2,1.03,0.008,0.015,0.0,9.26,0.84,0.19,0.0,0.0,2.99,0.064,0.0,0.0537,0.0,0.0,0.058,0.0,0.0,0.0,175.0,750.0,8.0,489.0,686.0,18.7,49.6,,,,,,,,,,1,0,0,6120.0,0,0,0,1,0,0,0,0,0,0,1000.0,-34.505016,-34.5050163269043,8.79,8.79,63.50178,63.50178146362305,28.82,28.82,15.6,15.6,3.1498650793650795,3.1498650793650795
0.097,0.18,1.0,0.007,0.015,0.93,9.1,0.96,0.19,0.0,0.0,0.98,0.0667,0.0,0.0529,0.0,0.0,0.046,0.0,0.0,0.0,175.0,750.0,8.0,531.0,738.0,17.3,58.1,,,,,,,,,,1,0,0,6120.0,0,0,0,1,0,0,0,0,0,0,1000.0,-34.413956,-34.41395568847656,6.42,6.42,66.216805,66.21680450439453,28.74,28.74,15.6,15.6,3.039865079365079,3.039865079365079
0.091,0.18,0.99,0.008,0.015,0.0,8.94,0.97,0.18,0.0,0.92,0.98,0.0695,0.0,0.0509,0.0,0.0,0.044,0.0,0.0,0.0,175.0,750.0,8.0,492.0,673.0,21.8,65.3,,,,,,,,,,1,0,0,6120.0,0,0,0,1,0,0,0,0,0,0,1000.0,-34.36407,-34.364070892333984,8.39,8.39,63.216267,63.21626663208008,29.2,29.2,15.6,15.6,3.176531746031746,3.176531746031746
0.09,0.17,0.97,0.008,0.015,0.0,9.2,0.96,0.18,0.0,1.87,0.97,0.0662,0.0,0.0523,0.0,0.0,0.045,0.0,0.0,0.0,175.0,750.0,8.0,524.0,701.0,20.7,63.7,,,,,,,,,,1,0,0,6120.0,0,0,0,1,0,0,0,0,0,0,1000.0,-33.53954,-33.5395393371582,8.55,8.55,63.50178,63.50178146362305,29.3,29.3,15.6,15.6,3.176531746031746,3.176531746031746
0.05,0.46,0.96,0.01,0.017,0.03,0.0,0.01,0.0,0.02,0.0,0.0,0.0443,0.0,0.0084,0.0,0.0,0.0,0.0,0.0,0.0,100.0,250.0,16.0,449.0,542.0,,,,,,,,,,,,1,0,0,3570.0,0,0,0,1,0,0,0,0,0,0,1800.0,-11.982993,-11.982993125915527,17.15,17.15,40.11299,40.11299133300781,33.85,33.85,0.0,0.0,1.0226031746031747,1.0226031746031747
0.05,0.46,0.96,0.01,0.017,0.03,0.0,0.01,0.0,0.02,0.0,0.0,0.0443,0.0,0.0084,0.0,0.0,0.0,0.0,0.0,0.0,100.0,620.0,1.0,416.0,507.0,,,,,,,,,,,,1,0,0,3570.0,0,0,0,1,0,0,0,0,0,0,1800.0,-11.982993,-11.982993125915527,22.49,22.49,39.93364,39.93363952636719,33.19,33.19,0.0,0.0,1.0226031746031747,1.0226031746031747
0.045,0.48,0.97,0.01,0.018,0.03,0.0,0.32,0.0,0.02,0.0,0.0,0.043,0.0,0.0107,0.0,0.0,0.0,0.0,0.0,0.0,100.0,250.0,16.0,494.0,570.0,,,,,,,,,,,,1,0,0,3570.0,0,0,0,1,0,0,0,0,0,0,1800.0,-44.86751,-44.86751174926758,13.56,13.56,36.089176,36.089176177978516,40.25,40.25,0.0,0.0,1.255904761904762,1.255904761904762
0.045,0.48,0.97,0.01,0.018,0.03,0.0,0.32,0.0,0.02,0.0,0.0,0.043,0.0,0.0107,0.0,0.0,0.0,0.0,0.0,0.0,100.0,620.0,1.0,485.0,584.0,,,,,,,,,,,,1,0,0,3570.0,0,0,0,1,0,0,0,0,0,0,1800.0,-45.10463,-45.10462951660156,12.48,12.48,36.089176,36.089176177978516,40.06,40.06,15.6,15.6,1.255904761904762,1.255904761904762
0.05,0.41,0.92,0.011,0.019,0.02,0.0,0.51,0.0,0.02,0.0,0.0,0.045,0.0,0.0114,0.0,0.0,0.0,0.0,0.0,0.0,100.0,250.0,16.0,514.0,594.0,,,,,,,,,,,,1,0,0,3570.0,0,0,0,1,0,0,0,0,0,0,1800.0,-48.403145,-48.40314483642578,12.96,12.96,40.140793,40.14079284667969,27.58,27.58,0.0,0.0,1.3025714285714287,1.3025714285714287
0.05,0.41,0.92,0.011,0.019,0.02,0.0,0.51,0.0,0.02,0.0,0.0,0.045,0.0,0.0114,0.0,0.0,0.0,0.0,0.0,0.0,100.0,620.0,1.0,538.0,626.0,,,,,,,,,,,,1,0,0,3570.0,0,0,0,1,0,0,0,0,0,0,1800.0,-48.641605,-48.641605377197266,11.88,11.88,40.140793,40.14079284667969,27.31,27.31,15.6,15.6,1.3025714285714287,1.3025714285714287
0.06,0.44,1.6,0.01,0.018,0.03,0.0,0.01,0.0,0.02,0.0,0.0,0.0395,0.0,0.0102,0.0,0.0,0.0,0.0,0.0,0.0,100.0,250.0,16.0,550.0,615.0,,,,,,,,,,,,1,0,0,3570.0,0,0,0,1,0,0,0,0,0,0,1800.0,-17.825161,-17.82516098022461,10.83,10.83,27.773188,27.7731876373291,67.43059523809524,67.43059523809524,0.0,0.0,1.2307539682539683,1.2307539682539683
0.06,0.44,1.6,0.01,0.018,0.03,0.0,0.01,0.0,0.02,0.0,0.0,0.0395,0.0,0.0102,0.0,0.0,0.0,0.0,0.0,0.0,100.0,620.0,1.0,494.0,556.0,,,,,,,,,,,,1,0,0,3570.0,0,0,0,1,0,0,0,0,0,0,1800.0,-17.825161,-17.82516098022461,21.9,21.9,27.773188,27.7731876373291,64.25616017316017,64.25616017316017,0.0,0.0,1.2307539682539683,1.2307539682539683
0.06,0.46,1.63,0.01,0.02,0.02,0.0,0.34,0.0,0.02,0.0,0.0,0.0407,0.0,0.0106,0.0,0.0,0.0,0.0,0.0,0.0,100.0,250.0,16.0,612.0,688.0,,,,,,,,,,,,1,0,0,3570.0,0,0,0,1,0,0,0,0,0,0,1800.0,-45.12618,-45.12617874145508,10.92,10.92,28.097837,28.097837448120117,67.7670238095238,67.7670238095238,0.0,0.0,1.2307539682539683,1.2307539682539683
0.06,0.46,1.63,0.01,0.02,0.02,0.0,0.34,0.0,0.02,0.0,0.0,0.0407,0.0,0.0106,0.0,0.0,0.0,0.0,0.0,0.0,100.0,620.0,1.0,591.0,674.0,,,,,,,,,,,,1,0,0,3570.0,0,0,0,1,0,0,0,0,0,0,1800.0,-45.3639,-45.36389923095703,9.6,9.6,28.097837,28.097837448120117,57.83309523809524,57.83309523809524,15.6,15.6,1.2307539682539683,1.2307539682539683
0.055,0.48,1.62,0.011,0.021,0.02,0.0,0.54,0.0,0.02,0.0,0.0,0.0371,0.0,0.0093,0.0,0.0,0.0,0.0,0.0,0.0,100.0,250.0,16.0,673.0,737.0,,,,,,,,,,,,1,0,0,3570.0,0,0,0,1,0,0,0,0,0,0,1800.0,-48.694027,-48.694026947021484,11.28,11.28,28.086155,28.08615493774414,67.94892857142855,67.94892857142855,0.0,0.0,1.2007539682539683,1.2007539682539683
0.055,0.48,1.62,0.011,0.021,0.02,0.0,0.54,0.0,0.02,0.0,0.0,0.0371,0.0,0.0093,0.0,0.0,0.0,0.0,0.0,0.0,100.0,620.0,1.0,628.0,727.0,,,,,,,,,,,,1,0,0,3570.0,0,0,0,1,0,0,0,0,0,0,1800.0,-48.932472,-48.932472229003906,9.96,9.96,28.086155,28.08615493774414,57.75309523809524,57.75309523809524,15.6,15.6,1.2007539682539683,1.2007539682539683
0.06,0.42,2.0,0.01,0.02,0.02,0.0,0.01,0.0,0.02,0.0,0.0,0.0371,0.0,0.0117,0.0,0.0,0.0,0.0,0.0,0.0,100.0,250.0,16.0,583.0,664.0,,,,,,,,,,,,1,0,0,3570.0,0,0,0,1,0,0,0,0,0,0,1800.0,-17.82307,-17.823070526123047,11.39,11.39,18.625166,18.625165939331055,68.25526190476191,68.25526190476191,0.0,0.0,1.2007539682539683,1.2007539682539683
0.06,0.42,2.0,0.01,0.02,0.02,0.0,0.01,0.0,0.02,0.0,0.0,0.0371,0.0,0.0117,0.0,0.0,0.0,0.0,0.0,0.0,100.0,620.0,1.0,530.0,626.0,,,,,,,,,,,,1,0,0,3570.0,0,0,0,1,0,0,0,0,0,0,1800.0,-17.82307,-17.823070526123047,20.79,20.79,18.625166,18.625165939331055,65.55519047619048,65.55519047619048,0.0,0.0,1.2007539682539683,1.2007539682539683
0.06,0.39,1.95,0.01,0.021,0.02,0.0,0.34,0.0,0.02,0.0,0.0,0.0395,0.0,0.0125,0.0,0.0,0.0,0.0,0.0,0.0,100.0,250.0,16.0,677.0,741.0,,,,,,,,,,,,1,0,0,3570.0,0,0,0,1,0,0,0,0,0,0,1800.0,-45.10367,-45.103668212890625,11.08,11.08,18.625166,18.625165939331055,68.44026190476191,68.44026190476191,0.0,0.0,1.2307539682539683,1.2307539682539683
0.06,0.39,1.95,0.01,0.021,0.02,0.0,0.34,0.0,0.02,0.0,0.0,0.0395,0.0,0.0125,0.0,0.0,0.0,0.0,0.0,0.0,100.0,620.0,1.0,632.0,709.0,,,,,,,,,,,,1,0,0,3570.0,0,0,0,1,0,0,0,0,0,0,1800.0,-45.34139,-45.34138870239258,9.93,9.93,18.625166,18.625165939331055,58.838095238095235,58.838095238095235,15.6,15.6,1.2307539682539683,1.2307539682539683
0.055,0.39,1.99,0.01,0.022,0.02,0.0,0.54,0.0,0.02,0.0,0.0,0.0364,0.0,0.0102,0.0,0.0,0.0,0.0,0.0,0.0,100.0,250.0,16.0,701.0,748.0,,,,,,,,,,,,1,0,0,3570.0,0,0,0,1,0,0,0,0,0,0,1800.0,-48.66762,-48.66762161254883,11.02,11.02,18.625166,18.625165939331055,68.2452619047619,68.2452619047619,0.0,0.0,1.2007539682539683,1.2007539682539683
0.055,0.39,1.99,0.01,0.022,0.02,0.0,0.54,0.0,0.02,0.0,0.0,0.0364,0.0,0.0102,0.0,0.0,0.0,0.0,0.0,0.0,100.0,620.0,1.0,693.0,783.0,,,,,,,,,,,,1,0,0,3570.0,0,0,0,1,0,0,0,0,0,0,1800.0,-48.905342,-48.90534210205078,9.87,9.87,18.625166,18.625165939331055,58.64309523809524,58.64309523809524,15.6,15.6,1.2007539682539683,1.2007539682539683
0.03,0.45,0.78,0.013,0.01,0.0,0.0,0.0,0.0,0.0,0.0,0.0,0.0336,0.014,0.0095,0.009,0.0,0.0,0.006,0.001,0.002,250.0,0.0,0.0,408.0,,,,,,,,,,,,,1,0,0,4140.0,0,0,0,1,0,0,0,0,0,0,1000.0,5.1332593,5.133259296417236,20.260833333333334,20.260833333333334,30.642466,30.642465591430664,40.42,40.42,0.0,0.0,1.842896825396825,1.842896825396825
0.03,0.45,0.78,0.013,0.01,0.0,0.0,0.0,0.0,0.0,0.0,0.0,0.0336,0.014,0.0095,0.009,0.0,0.0,0.006,0.001,0.002,250.0,0.0,0.0,,,,,-60.0,5.0,,,,,,,,1,0,0,4140.0,0,0,0,1,0,0,0,0,0,0,1000.0,5.1332593,5.133259296417236,20.260833333333334,20.260833333333334,30.642466,30.642465591430664,40.42,40.42,0.0,0.0,1.842896825396825,1.842896825396825
0.03,0.45,0.78,0.013,0.01,0.0,0.0,0.0,0.0,0.0,0.0,0.0,0.0336,0.014,0.0095,0.009,0.0,0.0,0.006,0.001,0.002,250.0,0.0,0.0,,,,,-40.0,12.0,,,,,,,,1,0,0,4140.0,0,0,0,1,0,0,0,0,0,0,1000.0,5.1332593,5.133259296417236,20.260833333333334,20.260833333333334,30.642466,30.642465591430664,40.42,40.42,0.0,0.0,1.842896825396825,1.842896825396825
0.03,0.45,0.78,0.013,0.01,0.0,0.0,0.0,0.0,0.0,0.0,0.0,0.0336,0.014,0.0095,0.009,0.0,0.0,0.006,0.001,0.002,250.0,0.0,0.0,,,,,-20.0,48.0,,,,,,,,1,0,0,4140.0,0,0,0,1,0,0,0,0,0,0,1000.0,5.1332593,5.133259296417236,20.260833333333334,20.260833333333334,30.642466,30.642465591430664,40.42,40.42,0.0,0.0,1.842896825396825,1.842896825396825
0.03,0.45,0.78,0.013,0.01,0.0,0.0,0.0,0.0,0.0,0.0,0.0,0.0336,0.014,0.0095,0.009,0.0,0.0,0.006,0.001,0.002,250.0,0.0,0.0,,,,,0.0,136.0,,,,,,,,1,0,0,4140.0,0,0,0,1,0,0,0,0,0,0,1000.0,5.1332593,5.133259296417236,20.260833333333334,20.260833333333334,30.642466,30.642465591430664,40.42,40.42,0.0,0.0,1.842896825396825,1.842896825396825
0.03,0.45,0.78,0.013,0.01,0.0,0.0,0.0,0.0,0.0,0.0,0.0,0.0336,0.014,0.0095,0.009,0.0,0.0,0.006,0.001,0.002,250.0,0.0,0.0,,,,,20.0,212.0,,,,,,,,1,0,0,4140.0,0,0,0,1,0,0,0,0,0,0,1000.0,5.1332593,5.133259296417236,20.260833333333334,20.260833333333334,30.642466,30.642465591430664,40.42,40.42,0.0,0.0,1.842896825396825,1.842896825396825
0.032,0.45,1.27,0.008,0.01,0.0,0.0,0.0,0.0,0.0,0.0,0.0,0.0321,0.013,0.0094,0.009,0.0,0.0,0.006,0.001,0.003,250.0,0.0,0.0,440.0,,,,,,,,,,,,,1,0,0,4140.0,0,0,0,1,0,0,0,0,0,0,1000.0,-18.35957,-18.359569549560547,19.61,19.61,30.563982,30.563982009887695,50.58154761904761,50.58154761904761,0.0,0.0,0.4792301587301588,0.4792301587301588
0.032,0.45,1.27,0.008,0.01,0.0,0.0,0.0,0.0,0.0,0.0,0.0,0.0321,0.013,0.0094,0.009,0.0,0.0,0.006,0.001,0.003,250.0,0.0,0.0,,,,,-60.0,10.0,,,,,,,,1,0,0,4140.0,0,0,0,1,0,0,0,0,0,0,1000.0,-18.35957,-18.359569549560547,19.61,19.61,30.563982,30.563982009887695,50.58154761904761,50.58154761904761,0.0,0.0,0.4792301587301588,0.4792301587301588
0.032,0.45,1.27,0.008,0.01,0.0,0.0,0.0,0.0,0.0,0.0,0.0,0.0321,0.013,0.0094,0.009,0.0,0.0,0.006,0.001,0.003,250.0,0.0,0.0,,,,,-40.0,21.0,,,,,,,,1,0,0,4140.0,0,0,0,1,0,0,0,0,0,0,1000.0,-18.35957,-18.359569549560547,19.61,19.61,30.563982,30.563982009887695,50.58154761904761,50.58154761904761,0.0,0.0,0.4792301587301588,0.4792301587301588
0.032,0.45,1.27,0.008,0.01,0.0,0.0,0.0,0.0,0.0,0.0,0.0,0.0321,0.013,0.0094,0.009,0.0,0.0,0.006,0.001,0.003,250.0,0.0,0.0,,,,,-20.0,38.0,,,,,,,,1,0,0,4140.0,0,0,0,1,0,0,0,0,0,0,1000.0,-18.35957,-18.359569549560547,19.61,19.61,30.563982,30.563982009887695,50.58154761904761,50.58154761904761,0.0,0.0,0.4792301587301588,0.4792301587301588
0.032,0.45,1.27,0.008,0.01,0.0,0.0,0.0,0.0,0.0,0.0,0.0,0.0321,0.013,0.0094,0.009,0.0,0.0,0.006,0.001,0.003,250.0,0.0,0.0,,,,,0.0,152.0,,,,,,,,1,0,0,4140.0,0,0,0,1,0,0,0,0,0,0,1000.0,-18.35957,-18.359569549560547,19.61,19.61,30.563982,30.563982009887695,50.58154761904761,50.58154761904761,0.0,0.0,0.4792301587301588,0.4792301587301588
0.032,0.45,1.27,0.008,0.01,0.0,0.0,0.0,0.0,0.0,0.0,0.0,0.0321,0.013,0.0094,0.009,0.0,0.0,0.006,0.001,0.003,250.0,0.0,0.0,,,,,20.0,195.0,,,,,,,,1,0,0,4140.0,0,0,0,1,0,0,0,0,0,0,1000.0,-18.35957,-18.359569549560547,19.61,19.61,30.563982,30.563982009887695,50.58154761904761,50.58154761904761,0.0,0.0,0.4792301587301588,0.4792301587301588
0.031,0.42,1.71,0.004,0.01,0.0,0.0,0.0,0.0,0.0,0.0,0.0,0.0297,0.011,0.0109,0.008,0.0,0.0,0.006,0.001,0.003,250.0,0.0,0.0,488.0,,,,,,,,,,,,,1,0,0,4140.0,0,0,0,1,0,0,0,0,0,0,1000.0,-47.93832,-47.93832015991211,19.65,19.65,9.631162,9.6311616897583,69.43685714285714,69.43685714285714,0.0,0.0,0.2829206349206349,0.2829206349206349
0.031,0.42,1.71,0.004,0.01,0.0,0.0,0.0,0.0,0.0,0.0,0.0,0.0297,0.011,0.0109,0.008,0.0,0.0,0.006,0.001,0.003,250.0,0.0,0.0,,,,,-60.0,29.0,,,,,,,,1,0,0,4140.0,0,0,0,1,0,0,0,0,0,0,1000.0,-47.93832,-47.93832015991211,19.65,19.65,9.631162,9.6311616897583,69.43685714285714,69.43685714285714,0.0,0.0,0.2829206349206349,0.2829206349206349
0.031,0.42,1.71,0.004,0.01,0.0,0.0,0.0,0.0,0.0,0.0,0.0,0.0297,0.011,0.0109,0.008,0.0,0.0,0.006,0.001,0.003,250.0,0.0,0.0,,,,,-40.0,71.0,,,,,,,,1,0,0,4140.0,0,0,0,1,0,0,0,0,0,0,1000.0,-47.93832,-47.93832015991211,19.65,19.65,9.631162,9.6311616897583,69.43685714285714,69.43685714285714,0.0,0.0,0.2829206349206349,0.2829206349206349
0.031,0.42,1.71,0.004,0.01,0.0,0.0,0.0,0.0,0.0,0.0,0.0,0.0297,0.011,0.0109,0.008,0.0,0.0,0.006,0.001,0.003,250.0,0.0,0.0,,,,,-20.0,143.0,,,,,,,,1,0,0,4140.0,0,0,0,1,0,0,0,0,0,0,1000.0,-47.93832,-47.93832015991211,19.65,19.65,9.631162,9.6311616897583,69.43685714285714,69.43685714285714,0.0,0.0,0.2829206349206349,0.2829206349206349
0.031,0.42,1.71,0.004,0.01,0.0,0.0,0.0,0.0,0.0,0.0,0.0,0.0297,0.011,0.0109,0.008,0.0,0.0,0.006,0.001,0.003,250.0,0.0,0.0,,,,,0.0,186.0,,,,,,,,1,0,0,4140.0,0,0,0,1,0,0,0,0,0,0,1000.0,-47.93832,-47.93832015991211,19.65,19.65,9.631162,9.6311616897583,69.43685714285714,69.43685714285714,0.0,0.0,0.2829206349206349,0.2829206349206349
0.031,0.42,1.71,0.004,0.01,0.0,0.0,0.0,0.0,0.0,0.0,0.0,0.0297,0.011,0.0109,0.008,0.0,0.0,0.006,0.001,0.003,250.0,0.0,0.0,,,,,20.0,195.0,,,,,,,,1,0,0,4140.0,0,0,0,1,0,0,0,0,0,0,1000.0,-47.93832,-47.93832015991211,19.65,19.65,9.631162,9.6311616897583,69.43685714285714,69.43685714285714,0.0,0.0,0.2829206349206349,0.2829206349206349
0.032,0.45,2.05,0.002,0.01,0.0,0.0,0.0,0.0,0.0,0.0,0.0,0.032,0.012,0.0119,0.009,0.0,0.0,0.006,0.001,0.005,250.0,0.0,0.0,506.0,,,,,,,,,,,,,1,0,0,4140.0,0,0,0,1,0,0,0,0,0,0,1000.0,-48.58056,-48.58055877685547,19.2,19.2,9.837899,9.837899208068848,69.22885714285714,69.22885714285714,0.0,0.0,0.2900634920634921,0.2900634920634921
0.032,0.45,2.05,0.002,0.01,0.0,0.0,0.0,0.0,0.0,0.0,0.0,0.032,0.012,0.0119,0.009,0.0,0.0,0.006,0.001,0.005,250.0,0.0,0.0,,,,,-60.0,57.0,,,,,,,,1,0,0,4140.0,0,0,0,1,0,0,0,0,0,0,1000.0,-48.58056,-48.58055877685547,19.2,19.2,9.837899,9.837899208068848,69.22885714285714,69.22885714285714,0.0,0.0,0.2900634920634921,0.2900634920634921
0.032,0.45,2.05,0.002,0.01,0.0,0.0,0.0,0.0,0.0,0.0,0.0,0.032,0.012,0.0119,0.009,0.0,0.0,0.006,0.001,0.005,250.0,0.0,0.0,,,,,-40.0,88.0,,,,,,,,1,0,0,4140.0,0,0,0,1,0,0,0,0,0,0,1000.0,-48.58056,-48.58055877685547,19.2,19.2,9.837899,9.837899208068848,69.22885714285714,69.22885714285714,0.0,0.0,0.2900634920634921,0.2900634920634921
0.032,0.45,2.05,0.002,0.01,0.0,0.0,0.0,0.0,0.0,0.0,0.0,0.032,0.012,0.0119,0.009,0.0,0.0,0.006,0.001,0.005,250.0,0.0,0.0,,,,,-20.0,143.0,,,,,,,,1,0,0,4140.0,0,0,0,1,0,0,0,0,0,0,1000.0,-48.58056,-48.58055877685547,19.2,19.2,9.837899,9.837899208068848,69.22885714285714,69.22885714285714,0.0,0.0,0.2900634920634921,0.2900634920634921
0.032,0.45,2.05,0.002,0.01,0.0,0.0,0.0,0.0,0.0,0.0,0.0,0.032,0.012,0.0119,0.009,0.0,0.0,0.006,0.001,0.005,250.0,0.0,0.0,,,,,0.0,167.0,,,,,,,,1,0,0,4140.0,0,0,0,1,0,0,0,0,0,0,1000.0,-48.58056,-48.58055877685547,19.2,19.2,9.837899,9.837899208068848,69.22885714285714,69.22885714285714,0.0,0.0,0.2900634920634921,0.2900634920634921
0.032,0.45,2.05,0.002,0.01,0.0,0.0,0.0,0.0,0.0,0.0,0.0,0.032,0.012,0.0119,0.009,0.0,0.0,0.006,0.001,0.005,250.0,0.0,0.0,,,,,20.0,183.0,,,,,,,,1,0,0,4140.0,0,0,0,1,0,0,0,0,0,0,1000.0,-48.58056,-48.58055877685547,19.2,19.2,9.837899,9.837899208068848,69.22885714285714,69.22885714285714,0.0,0.0,0.2900634920634921,0.2900634920634921
0.059,0.34,0.77,0.01,0.01,0.0,0.0,0.0,0.0,0.0,0.0,0.0,0.0306,0.011,0.0066,0.007,0.0,0.0,0.003,0.001,0.001,250.0,0.0,0.0,400.0,,,,,,,,,,,,,1,0,0,4140.0,0,0,0,1,0,0,0,0,0,0,1000.0,1.5252733,1.525273323059082,18.930833333333336,18.930833333333336,49.603767,49.60376739501953,32.56,32.56,0.0,0.0,1.3051666666666666,1.3051666666666666
0.059,0.34,0.77,0.01,0.01,0.0,0.0,0.0,0.0,0.0,0.0,0.0,0.0306,0.011,0.0066,0.007,0.0,0.0,0.003,0.001,0.001,250.0,0.0,0.0,,,,,-60.0,43.0,,,,,,,,1,0,0,4140.0,0,0,0,1,0,0,0,0,0,0,1000.0,1.5252733,1.525273323059082,18.930833333333336,18.930833333333336,49.603767,49.60376739501953,32.56,32.56,0.0,0.0,1.3051666666666666,1.3051666666666666
0.059,0.34,0.77,0.01,0.01,0.0,0.0,0.0,0.0,0.0,0.0,0.0,0.0306,0.011,0.0066,0.007,0.0,0.0,0.003,0.001,0.001,250.0,0.0,0.0,,,,,-40.0,98.0,,,,,,,,1,0,0,4140.0,0,0,0,1,0,0,0,0,0,0,1000.0,1.5252733,1.525273323059082,18.930833333333336,18.930833333333336,49.603767,49.60376739501953,32.56,32.56,0.0,0.0,1.3051666666666666,1.3051666666666666
0.059,0.34,0.77,0.01,0.01,0.0,0.0,0.0,0.0,0.0,0.0,0.0,0.0306,0.011,0.0066,0.007,0.0,0.0,0.003,0.001,0.001,250.0,0.0,0.0,,,,,-20.0,157.0,,,,,,,,1,0,0,4140.0,0,0,0,1,0,0,0,0,0,0,1000.0,1.5252733,1.525273323059082,18.930833333333336,18.930833333333336,49.603767,49.60376739501953,32.56,32.56,0.0,0.0,1.3051666666666666,1.3051666666666666
0.059,0.34,0.77,0.01,0.01,0.0,0.0,0.0,0.0,0.0,0.0,0.0,0.0306,0.011,0.0066,0.007,0.0,0.0,0.003,0.001,0.001,250.0,0.0,0.0,,,,,0.0,190.0,,,,,,,,1,0,0,4140.0,0,0,0,1,0,0,0,0,0,0,1000.0,1.5252733,1.525273323059082,18.930833333333336,18.930833333333336,49.603767,49.60376739501953,32.56,32.56,0.0,0.0,1.3051666666666666,1.3051666666666666
0.059,0.34,0.77,0.01,0.01,0.0,0.0,0.0,0.0,0.0,0.0,0.0,0.0306,0.011,0.0066,0.007,0.0,0.0,0.003,0.001,0.001,250.0,0.0,0.0,,,,,20.0,200.0,,,,,,,,1,0,0,4140.0,0,0,0,1,0,0,0,0,0,0,1000.0,1.5252733,1.525273323059082,18.930833333333336,18.930833333333336,49.603767,49.60376739501953,32.56,32.56,0.0,0.0,1.3051666666666666,1.3051666666666666
0.059,0.33,1.09,0.008,0.01,0.0,0.0,0.0,0.0,0.0,0.0,0.0,0.031,0.01,0.0064,0.007,0.0,0.0,0.005,0.001,0.005,250.0,0.0,0.0,430.0,,,,,,,,,,,,,1,0,0,4140.0,0,0,0,1,0,0,0,0,0,0,1000.0,-5.100559,-5.100559234619141,18.85,18.85,48.798325,48.79832458496094,37.33333333333333,37.33333333333333,0.0,0.0,0.5806666666666667,0.5806666666666667
0.059,0.33,1.09,0.008,0.01,0.0,0.0,0.0,0.0,0.0,0.0,0.0,0.031,0.01,0.0064,0.007,0.0,0.0,0.005,0.001,0.005,250.0,0.0,0.0,,,,,-60.0,12.0,,,,,,,,1,0,0,4140.0,0,0,0,1,0,0,0,0,0,0,1000.0,-5.100559,-5.100559234619141,18.85,18.85,48.798325,48.79832458496094,37.33333333333333,37.33333333333333,0.0,0.0,0.5806666666666667,0.5806666666666667
0.059,0.33,1.09,0.008,0.01,0.0,0.0,0.0,0.0,0.0,0.0,0.0,0.031,0.01,0.0064,0.007,0.0,0.0,0.005,0.001,0.005,250.0,0.0,0.0,,,,,-40.0,86.0,,,,,,,,1,0,0,4140.0,0,0,0,1,0,0,0,0,0,0,1000.0,-5.100559,-5.100559234619141,18.85,18.85,48.798325,48.79832458496094,37.33333333333333,37.33333333333333,0.0,0.0,0.5806666666666667,0.5806666666666667
0.059,0.33,1.09,0.008,0.01,0.0,0.0,0.0,0.0,0.0,0.0,0.0,0.031,0.01,0.0064,0.007,0.0,0.0,0.005,0.001,0.005,250.0,0.0,0.0,,,,,-20.0,124.0,,,,,,,,1,0,0,4140.0,0,0,0,1,0,0,0,0,0,0,1000.0,-5.100559,-5.100559234619141,18.85,18.85,48.798325,48.79832458496094,37.33333333333333,37.33333333333333,0.0,0.0,0.5806666666666667,0.5806666666666667
0.059,0.33,1.09,0.008,0.01,0.0,0.0,0.0,0.0,0.0,0.0,0.0,0.031,0.01,0.0064,0.007,0.0,0.0,0.005,0.001,0.005,250.0,0.0,0.0,,,,,0.0,176.0,,,,,,,,1,0,0,4140.0,0,0,0,1,0,0,0,0,0,0,1000.0,-5.100559,-5.100559234619141,18.85,18.85,48.798325,48.79832458496094,37.33333333333333,37.33333333333333,0.0,0.0,0.5806666666666667,0.5806666666666667
0.059,0.33,1.09,0.008,0.01,0.0,0.0,0.0,0.0,0.0,0.0,0.0,0.031,0.01,0.0064,0.007,0.0,0.0,0.005,0.001,0.005,250.0,0.0,0.0,,,,,20.0,181.0,,,,,,,,1,0,0,4140.0,0,0,0,1,0,0,0,0,0,0,1000.0,-5.100559,-5.100559234619141,18.85,18.85,48.798325,48.79832458496094,37.33333333333333,37.33333333333333,0.0,0.0,0.5806666666666667,0.5806666666666667
0.059,0.3,1.44,0.006,0.01,0.0,0.0,0.0,0.0,0.0,0.0,0.0,0.0305,0.009,0.0065,0.007,0.0,0.0,0.004,0.001,0.005,250.0,0.0,0.0,473.0,,,,,,,,,,,,,1,0,0,4140.0,0,0,0,1,0,0,0,0,0,0,1000.0,-37.48739,-37.487388610839844,21.18,21.18,12.560281,12.560280799865723,65.40735796221323,65.40735796221323,0.0,0.0,0.285,0.285
0.059,0.3,1.44,0.006,0.01,0.0,0.0,0.0,0.0,0.0,0.0,0.0,0.0305,0.009,0.0065,0.007,0.0,0.0,0.004,0.001,0.005,250.0,0.0,0.0,,,,,-60.0,20.0,,,,,,,,1,0,0,4140.0,0,0,0,1,0,0,0,0,0,0,1000.0,-37.48739,-37.487388610839844,21.18,21.18,12.560281,12.560280799865723,65.40735796221323,65.40735796221323,0.0,0.0,0.285,0.285
0.059,0.3,1.44,0.006,0.01,0.0,0.0,0.0,0.0,0.0,0.0,0.0,0.0305,0.009,0.0065,0.007,0.0,0.0,0.004,0.001,0.005,250.0,0.0,0.0,,,,,-40.0,129.0,,,,,,,,1,0,0,4140.0,0,0,0,1,0,0,0,0,0,0,1000.0,-37.48739,-37.487388610839844,21.18,21.18,12.560281,12.560280799865723,65.40735796221323,65.40735796221323,0.0,0.0,0.285,0.285
0.059,0.3,1.44,0.006,0.01,0.0,0.0,0.0,0.0,0.0,0.0,0.0,0.0305,0.009,0.0065,0.007,0.0,0.0,0.004,0.001,0.005,250.0,0.0,0.0,,,,,-20.0,143.0,,,,,,,,1,0,0,4140.0,0,0,0,1,0,0,0,0,0,0,1000.0,-37.48739,-37.487388610839844,21.18,21.18,12.560281,12.560280799865723,65.40735796221323,65.40735796221323,0.0,0.0,0.285,0.285
0.059,0.3,1.44,0.006,0.01,0.0,0.0,0.0,0.0,0.0,0.0,0.0,0.0305,0.009,0.0065,0.007,0.0,0.0,0.004,0.001,0.005,250.0,0.0,0.0,,,,,0.0,171.0,,,,,,,,1,0,0,4140.0,0,0,0,1,0,0,0,0,0,0,1000.0,-37.48739,-37.487388610839844,21.18,21.18,12.560281,12.560280799865723,65.40735796221323,65.40735796221323,0.0,0.0,0.285,0.285
0.059,0.3,1.44,0.006,0.01,0.0,0.0,0.0,0.0,0.0,0.0,0.0,0.0305,0.009,0.0065,0.007,0.0,0.0,0.004,0.001,0.005,250.0,0.0,0.0,,,,,20.0,179.0,,,,,,,,1,0,0,4140.0,0,0,0,1,0,0,0,0,0,0,1000.0,-37.48739,-37.487388610839844,21.18,21.18,12.560281,12.560280799865723,65.40735796221323,65.40735796221323,0.0,0.0,0.285,0.285
0.065,0.33,1.83,0.003,0.01,0.0,0.0,0.0,0.0,0.0,0.0,0.0,0.0291,0.009,0.0076,0.007,0.0,0.0,0.004,0.001,0.005,250.0,0.0,0.0,496.0,,,,,,,,,,,,,1,0,0,4140.0,0,0,0,1,0,0,0,0,0,0,1000.0,-37.50997,-37.509971618652344,18.17,18.17,12.011588,12.011588096618652,67.30350814536341,67.30350814536341,0.0,0.0,0.05,0.05
0.065,0.33,1.83,0.003,0.01,0.0,0.0,0.0,0.0,0.0,0.0,0.0,0.0291,0.009,0.0076,0.007,0.0,0.0,0.004,0.001,0.005,250.0,0.0,0.0,,,,,-60.0,88.0,,,,,,,,1,0,0,4140.0,0,0,0,1,0,0,0,0,0,0,1000.0,-37.50997,-37.509971618652344,18.17,18.17,12.011588,12.011588096618652,67.30350814536341,67.30350814536341,0.0,0.0,0.05,0.05
0.065,0.33,1.83,0.003,0.01,0.0,0.0,0.0,0.0,0.0,0.0,0.0,0.0291,0.009,0.0076,0.007,0.0,0.0,0.004,0.001,0.005,250.0,0.0,0.0,,,,,-40.0,121.0,,,,,,,,1,0,0,4140.0,0,0,0,1,0,0,0,0,0,0,1000.0,-37.50997,-37.509971618652344,18.17,18.17,12.011588,12.011588096618652,67.30350814536341,67.30350814536341,0.0,0.0,0.05,0.05
0.065,0.33,1.83,0.003,0.01,0.0,0.0,0.0,0.0,0.0,0.0,0.0,0.0291,0.009,0.0076,0.007,0.0,0.0,0.004,0.001,0.005,250.0,0.0,0.0,,,,,-20.0,150.0,,,,,,,,1,0,0,4140.0,0,0,0,1,0,0,0,0,0,0,1000.0,-37.50997,-37.509971618652344,18.17,18.17,12.011588,12.011588096618652,67.30350814536341,67.30350814536341,0.0,0.0,0.05,0.05
0.065,0.33,1.83,0.003,0.01,0.0,0.0,0.0,0.0,0.0,0.0,0.0,0.0291,0.009,0.0076,0.007,0.0,0.0,0.004,0.001,0.005,250.0,0.0,0.0,,,,,0.0,152.0,,,,,,,,1,0,0,4140.0,0,0,0,1,0,0,0,0,0,0,1000.0,-37.50997,-37.509971618652344,18.17,18.17,12.011588,12.011588096618652,67.30350814536341,67.30350814536341,0.0,0.0,0.05,0.05
0.065,0.33,1.83,0.003,0.01,0.0,0.0,0.0,0.0,0.0,0.0,0.0,0.0291,0.009,0.0076,0.007,0.0,0.0,0.004,0.001,0.005,250.0,0.0,0.0,,,,,20.0,174.0,,,,,,,,1,0,0,4140.0,0,0,0,1,0,0,0,0,0,0,1000.0,-37.50997,-37.509971618652344,18.17,18.17,12.011588,12.011588096618652,67.30350814536341,67.30350814536341,0.0,0.0,0.05,0.05
0.09,0.41,0.78,0.013,0.01,0.0,0.0,0.0,0.0,0.0,0.0,0.0,0.0421,0.014,0.0036,0.003,0.0,0.0,0.005,0.004,0.004,250.0,0.0,0.0,430.0,,,,,,,,,,,,,1,0,0,4140.0,0,0,0,1,0,0,0,0,0,0,1000.0,5.6229186,5.622918605804443,28.389166666666668,28.389166666666668,48.16248,48.162479400634766,31.258000000000003,31.258000000000003,0.0,0.0,2.338174603174603,2.338174603174603
0.09,0.41,0.78,0.013,0.01,0.0,0.0,0.0,0.0,0.0,0.0,0.0,0.0421,0.014,0.0036,0.003,0.0,0.0,0.005,0.004,0.004,250.0,0.0,0.0,,,,,-60.0,39.0,,,,,,,,1,0,0,4140.0,0,0,0,1,0,0,0,0,0,0,1000.0,5.6229186,5.622918605804443,28.389166666666668,28.389166666666668,48.16248,48.162479400634766,31.258000000000003,31.258000000000003,0.0,0.0,2.338174603174603,2.338174603174603
0.09,0.41,0.78,0.013,0.01,0.0,0.0,0.0,0.0,0.0,0.0,0.0,0.0421,0.014,0.0036,0.003,0.0,0.0,0.005,0.004,0.004,250.0,0.0,0.0,,,,,-40.0,95.0,,,,,,,,1,0,0,4140.0,0,0,0,1,0,0,0,0,0,0,1000.0,5.6229186,5.622918605804443,28.389166666666668,28.389166666666668,48.16248,48.162479400634766,31.258000000000003,31.258000000000003,0.0,0.0,2.338174603174603,2.338174603174603
0.09,0.41,0.78,0.013,0.01,0.0,0.0,0.0,0.0,0.0,0.0,0.0,0.0421,0.014,0.0036,0.003,0.0,0.0,0.005,0.004,0.004,250.0,0.0,0.0,,,,,-20.0,160.0,,,,,,,,1,0,0,4140.0,0,0,0,1,0,0,0,0,0,0,1000.0,5.6229186,5.622918605804443,28.389166666666668,28.389166666666668,48.16248,48.162479400634766,31.258000000000003,31.258000000000003,0.0,0.0,2.338174603174603,2.338174603174603
0.09,0.41,0.78,0.013,0.01,0.0,0.0,0.0,0.0,0.0,0.0,0.0,0.0421,0.014,0.0036,0.003,0.0,0.0,0.005,0.004,0.004,250.0,0.0,0.0,,,,,0.0,148.0,,,,,,,,1,0,0,4140.0,0,0,0,1,0,0,0,0,0,0,1000.0,5.6229186,5.622918605804443,28.389166666666668,28.389166666666668,48.16248,48.162479400634766,31.258000000000003,31.258000000000003,0.0,0.0,2.338174603174603,2.338174603174603
0.09,0.41,0.78,0.013,0.01,0.0,0.0,0.0,0.0,0.0,0.0,0.0,0.0421,0.014,0.0036,0.003,0.0,0.0,0.005,0.004,0.004,250.0,0.0,0.0,,,,,20.0,198.0,,,,,,,,1,0,0,4140.0,0,0,0,1,0,0,0,0,0,0,1000.0,5.6229186,5.622918605804443,28.389166666666668,28.389166666666668,48.16248,48.162479400634766,31.258000000000003,31.258000000000003,0.0,0.0,2.338174603174603,2.338174603174603
0.089,0.35,1.18,0.011,0.01,0.0,0.0,0.0,0.0,0.0,0.0,0.0,0.0404,0.012,0.0073,0.008,0.0,0.0,0.005,0.003,0.003,250.0,0.0,0.0,450.0,,,,,,,,,,,,,1,0,0,4140.0,0,0,0,1,0,0,0,0,0,0,1000.0,-4.2818894,-4.28188943862915,26.33666666666667,26.33666666666667,48.412556,48.41255569458008,35.198,35.198,0.0,0.0,1.8326118326118328,1.8326118326118328
0.089,0.35,1.18,0.011,0.01,0.0,0.0,0.0,0.0,0.0,0.0,0.0,0.0404,0.012,0.0073,0.008,0.0,0.0,0.005,0.003,0.003,250.0,0.0,0.0,,,,,-60.0,60.0,,,,,,,,1,0,0,4140.0,0,0,0,1,0,0,0,0,0,0,1000.0,-4.2818894,-4.28188943862915,26.33666666666667,26.33666666666667,48.412556,48.41255569458008,35.198,35.198,0.0,0.0,1.8326118326118328,1.8326118326118328
0.089,0.35,1.18,0.011,0.01,0.0,0.0,0.0,0.0,0.0,0.0,0.0,0.0404,0.012,0.0073,0.008,0.0,0.0,0.005,0.003,0.003,250.0,0.0,0.0,,,,,-40.0,117.0,,,,,,,,1,0,0,4140.0,0,0,0,1,0,0,0,0,0,0,1000.0,-4.2818894,-4.28188943862915,26.33666666666667,26.33666666666667,48.412556,48.41255569458008,35.198,35.198,0.0,0.0,1.8326118326118328,1.8326118326118328
0.089,0.35,1.18,0.011,0.01,0.0,0.0,0.0,0.0,0.0,0.0,0.0,0.0404,0.012,0.0073,0.008,0.0,0.0,0.005,0.003,0.003,250.0,0.0,0.0,,,,,-20.0,162.0,,,,,,,,1,0,0,4140.0,0,0,0,1,0,0,0,0,0,0,1000.0,-4.2818894,-4.28188943862915,26.33666666666667,26.33666666666667,48.412556,48.41255569458008,35.198,35.198,0.0,0.0,1.8326118326118328,1.8326118326118328
0.089,0.35,1.18,0.011,0.01,0.0,0.0,0.0,0.0,0.0,0.0,0.0,0.0404,0.012,0.0073,0.008,0.0,0.0,0.005,0.003,0.003,250.0,0.0,0.0,,,,,0.0,186.0,,,,,,,,1,0,0,4140.0,0,0,0,1,0,0,0,0,0,0,1000.0,-4.2818894,-4.28188943862915,26.33666666666667,26.33666666666667,48.412556,48.41255569458008,35.198,35.198,0.0,0.0,1.8326118326118328,1.8326118326118328
0.089,0.35,1.18,0.011,0.01,0.0,0.0,0.0,0.0,0.0,0.0,0.0,0.0404,0.012,0.0073,0.008,0.0,0.0,0.005,0.003,0.003,250.0,0.0,0.0,,,,,20.0,188.0,,,,,,,,1,0,0,4140.0,0,0,0,1,0,0,0,0,0,0,1000.0,-4.2818894,-4.28188943862915,26.33666666666667,26.33666666666667,48.412556,48.41255569458008,35.198,35.198,0.0,0.0,1.8326118326118328,1.8326118326118328
0.088,0.37,1.59,0.011,0.01,0.0,0.0,0.0,0.0,0.0,0.0,0.0,0.0491,0.012,0.0077,0.003,0.0,0.0,0.005,0.005,0.004,250.0,0.0,0.0,478.0,,,,,,,,,,,,,1,0,0,4140.0,0,0,0,1,0,0,0,0,0,0,1000.0,-11.661529,-11.661528587341309,25.22,25.22,24.148493,24.14849281311035,34.32810064935065,34.32810064935065,0.0,0.0,3.011523809523809,3.011523809523809
0.088,0.37,1.59,0.011,0.01,0.0,0.0,0.0,0.0,0.0,0.0,0.0,0.0491,0.012,0.0077,0.003,0.0,0.0,0.005,0.005,0.004,250.0,0.0,0.0,,,,,-60.0,81.0,,,,,,,,1,0,0,4140.0,0,0,0,1,0,0,0,0,0,0,1000.0,-11.661529,-11.661528587341309,25.22,25.22,24.148493,24.14849281311035,34.32810064935065,34.32810064935065,0.0,0.0,3.011523809523809,3.011523809523809
0.088,0.37,1.59,0.011,0.01,0.0,0.0,0.0,0.0,0.0,0.0,0.0,0.0491,0.012,0.0077,0.003,0.0,0.0,0.005,0.005,0.004,250.0,0.0,0.0,,,,,-40.0,110.0,,,,,,,,1,0,0,4140.0,0,0,0,1,0,0,0,0,0,0,1000.0,-11.661529,-11.661528587341309,25.22,25.22,24.148493,24.14849281311035,34.32810064935065,34.32810064935065,0.0,0.0,3.011523809523809,3.011523809523809
0.088,0.37,1.59,0.011,0.01,0.0,0.0,0.0,0.0,0.0,0.0,0.0,0.0491,0.012,0.0077,0.003,0.0,0.0,0.005,0.005,0.004,250.0,0.0,0.0,,,,,-20.0,157.0,,,,,,,,1,0,0,4140.0,0,0,0,1,0,0,0,0,0,0,1000.0,-11.661529,-11.661528587341309,25.22,25.22,24.148493,24.14849281311035,34.32810064935065,34.32810064935065,0.0,0.0,3.011523809523809,3.011523809523809
0.088,0.37,1.59,0.011,0.01,0.0,0.0,0.0,0.0,0.0,0.0,0.0,0.0491,0.012,0.0077,0.003,0.0,0.0,0.005,0.005,0.004,250.0,0.0,0.0,,,,,0.0,160.0,,,,,,,,1,0,0,4140.0,0,0,0,1,0,0,0,0,0,0,1000.0,-11.661529,-11.661528587341309,25.22,25.22,24.148493,24.14849281311035,34.32810064935065,34.32810064935065,0.0,0.0,3.011523809523809,3.011523809523809
0.088,0.37,1.59,0.011,0.01,0.0,0.0,0.0,0.0,0.0,0.0,0.0,0.0491,0.012,0.0077,0.003,0.0,0.0,0.005,0.005,0.004,250.0,0.0,0.0,,,,,20.0,174.0,,,,,,,,1,0,0,4140.0,0,0,0,1,0,0,0,0,0,0,1000.0,-11.661529,-11.661528587341309,25.22,25.22,24.148493,24.14849281311035,34.32810064935065,34.32810064935065,0.0,0.0,3.011523809523809,3.011523809523809
0.098,0.39,2.25,0.008,0.014,0.0,0.0,0.0,0.0,0.0,0.0,0.0,0.033,0.013,0.0088,0.003,0.0,0.0,0.006,0.005,0.005,250.0,0.0,0.0,541.0,,,,,,,,,,,,,1,0,0,4140.0,0,0,0,1,0,0,0,0,0,0,1000.0,-17.909056,-17.909055709838867,25.44,25.44,11.5731325,11.573132514953613,48.17916666666667,48.17916666666667,0.0,0.0,0.6390952380952382,0.6390952380952382
0.098,0.39,2.25,0.008,0.014,0.0,0.0,0.0,0.0,0.0,0.0,0.0,0.033,0.013,0.0088,0.003,0.0,0.0,0.006,0.005,0.005,250.0,0.0,0.0,,,,,-60.0,53.0,,,,,,,,1,0,0,4140.0,0,0,0,1,0,0,0,0,0,0,1000.0,-17.909056,-17.909055709838867,25.44,25.44,11.5731325,11.573132514953613,48.17916666666667,48.17916666666667,0.0,0.0,0.6390952380952382,0.6390952380952382
0.098,0.39,2.25,0.008,0.014,0.0,0.0,0.0,0.0,0.0,0.0,0.0,0.033,0.013,0.0088,0.003,0.0,0.0,0.006,0.005,0.005,250.0,0.0,0.0,,,,,-40.0,95.0,,,,,,,,1,0,0,4140.0,0,0,0,1,0,0,0,0,0,0,1000.0,-17.909056,-17.909055709838867,25.44,25.44,11.5731325,11.573132514953613,48.17916666666667,48.17916666666667,0.0,0.0,0.6390952380952382,0.6390952380952382
0.098,0.39,2.25,0.008,0.014,0.0,0.0,0.0,0.0,0.0,0.0,0.0,0.033,0.013,0.0088,0.003,0.0,0.0,0.006,0.005,0.005,250.0,0.0,0.0,,,,,-20.0,126.0,,,,,,,,1,0,0,4140.0,0,0,0,1,0,0,0,0,0,0,1000.0,-17.909056,-17.909055709838867,25.44,25.44,11.5731325,11.573132514953613,48.17916666666667,48.17916666666667,0.0,0.0,0.6390952380952382,0.6390952380952382
0.098,0.39,2.25,0.008,0.014,0.0,0.0,0.0,0.0,0.0,0.0,0.0,0.033,0.013,0.0088,0.003,0.0,0.0,0.006,0.005,0.005,250.0,0.0,0.0,,,,,0.0,148.0,,,,,,,,1,0,0,4140.0,0,0,0,1,0,0,0,0,0,0,1000.0,-17.909056,-17.909055709838867,25.44,25.44,11.5731325,11.573132514953613,48.17916666666667,48.17916666666667,0.0,0.0,0.6390952380952382,0.6390952380952382
0.098,0.39,2.25,0.008,0.014,0.0,0.0,0.0,0.0,0.0,0.0,0.0,0.033,0.013,0.0088,0.003,0.0,0.0,0.006,0.005,0.005,250.0,0.0,0.0,,,,,20.0,188.0,,,,,,,,1,0,0,4140.0,0,0,0,1,0,0,0,0,0,0,1000.0,-17.909056,-17.909055709838867,25.44,25.44,11.5731325,11.573132514953613,48.17916666666667,48.17916666666667,0.0,0.0,0.6390952380952382,0.6390952380952382
0.12,0.43,0.86,0.011,0.014,0.0,0.0,0.0,0.0,0.0,0.0,0.0,0.0329,0.015,0.0054,0.005,0.0,0.0,0.005,0.003,0.003,250.0,0.0,0.0,445.0,,,,,,,,,,,,,1,0,0,4140.0,0,0,0,1,0,0,0,0,0,0,1000.0,-11.136812,-11.136812210083008,27.02,27.02,44.619358,44.61935806274414,33.038000000000004,33.038000000000004,0.0,0.0,2.17523088023088,2.17523088023088
0.12,0.43,0.86,0.011,0.014,0.0,0.0,0.0,0.0,0.0,0.0,0.0,0.0329,0.015,0.0054,0.005,0.0,0.0,0.005,0.003,0.003,250.0,0.0,0.0,,,,,-60.0,86.0,,,,,,,,1,0,0,4140.0,0,0,0,1,0,0,0,0,0,0,1000.0,-11.136812,-11.136812210083008,27.02,27.02,44.619358,44.61935806274414,33.038000000000004,33.038000000000004,0.0,0.0,2.17523088023088,2.17523088023088
0.12,0.43,0.86,0.011,0.014,0.0,0.0,0.0,0.0,0.0,0.0,0.0,0.0329,0.015,0.0054,0.005,0.0,0.0,0.005,0.003,0.003,250.0,0.0,0.0,,,,,-40.0,114.0,,,,,,,,1,0,0,4140.0,0,0,0,1,0,0,0,0,0,0,1000.0,-11.136812,-11.136812210083008,27.02,27.02,44.619358,44.61935806274414,33.038000000000004,33.038000000000004,0.0,0.0,2.17523088023088,2.17523088023088
0.12,0.43,0.86,0.011,0.014,0.0,0.0,0.0,0.0,0.0,0.0,0.0,0.0329,0.015,0.0054,0.005,0.0,0.0,0.005,0.003,0.003,250.0,0.0,0.0,,,,,-20.0,140.0,,,,,,,,1,0,0,4140.0,0,0,0,1,0,0,0,0,0,0,1000.0,-11.136812,-11.136812210083008,27.02,27.02,44.619358,44.61935806274414,33.038000000000004,33.038000000000004,0.0,0.0,2.17523088023088,2.17523088023088
0.12,0.43,0.86,0.011,0.014,0.0,0.0,0.0,0.0,0.0,0.0,0.0,0.0329,0.015,0.0054,0.005,0.0,0.0,0.005,0.003,0.003,250.0,0.0,0.0,,,,,0.0,183.0,,,,,,,,1,0,0,4140.0,0,0,0,1,0,0,0,0,0,0,1000.0,-11.136812,-11.136812210083008,27.02,27.02,44.619358,44.61935806274414,33.038000000000004,33.038000000000004,0.0,0.0,2.17523088023088,2.17523088023088
0.12,0.43,0.86,0.011,0.014,0.0,0.0,0.0,0.0,0.0,0.0,0.0,0.0329,0.015,0.0054,0.005,0.0,0.0,0.005,0.003,0.003,250.0,0.0,0.0,,,,,20.0,190.0,,,,,,,,1,0,0,4140.0,0,0,0,1,0,0,0,0,0,0,1000.0,-11.136812,-11.136812210083008,27.02,27.02,44.619358,44.61935806274414,33.038000000000004,33.038000000000004,0.0,0.0,2.17523088023088,2.17523088023088
0.12,0.44,1.35,0.01,0.014,0.0,0.0,0.0,0.0,0.0,0.0,0.0,0.0326,0.015,0.0055,0.003,0.0,0.0,0.006,0.005,0.006,250.0,0.0,0.0,516.0,,,,,,,,,,,,,1,0,0,4140.0,0,0,0,1,0,0,0,0,0,0,1000.0,-17.9368,-17.936800003051758,27.6,27.6,12.68439,12.6843900680542,43.957230769230776,43.957230769230776,0.0,0.0,1.7876118326118322,1.7876118326118322
0.12,0.44,1.35,0.01,0.014,0.0,0.0,0.0,0.0,0.0,0.0,0.0,0.0326,0.015,0.0055,0.003,0.0,0.0,0.006,0.005,0.006,250.0,0.0,0.0,,,,,-60.0,100.0,,,,,,,,1,0,0,4140.0,0,0,0,1,0,0,0,0,0,0,1000.0,-17.9368,-17.936800003051758,27.6,27.6,12.68439,12.6843900680542,43.957230769230776,43.957230769230776,0.0,0.0,1.7876118326118322,1.7876118326118322
0.12,0.44,1.35,0.01,0.014,0.0,0.0,0.0,0.0,0.0,0.0,0.0,0.0326,0.015,0.0055,0.003,0.0,0.0,0.006,0.005,0.006,250.0,0.0,0.0,,,,,-40.0,138.0,,,,,,,,1,0,0,4140.0,0,0,0,1,0,0,0,0,0,0,1000.0,-17.9368,-17.936800003051758,27.6,27.6,12.68439,12.6843900680542,43.957230769230776,43.957230769230776,0.0,0.0,1.7876118326118322,1.7876118326118322
0.12,0.44,1.35,0.01,0.014,0.0,0.0,0.0,0.0,0.0,0.0,0.0,0.0326,0.015,0.0055,0.003,0.0,0.0,0.006,0.005,0.006,250.0,0.0,0.0,,,,,-20.0,145.0,,,,,,,,1,0,0,4140.0,0,0,0,1,0,0,0,0,0,0,1000.0,-17.9368,-17.936800003051758,27.6,27.6,12.68439,12.6843900680542,43.957230769230776,43.957230769230776,0.0,0.0,1.7876118326118322,1.7876118326118322
0.12,0.44,1.35,0.01,0.014,0.0,0.0,0.0,0.0,0.0,0.0,0.0,0.0326,0.015,0.0055,0.003,0.0,0.0,0.006,0.005,0.006,250.0,0.0,0.0,,,,,0.0,162.0,,,,,,,,1,0,0,4140.0,0,0,0,1,0,0,0,0,0,0,1000.0,-17.9368,-17.936800003051758,27.6,27.6,12.68439,12.6843900680542,43.957230769230776,43.957230769230776,0.0,0.0,1.7876118326118322,1.7876118326118322
0.12,0.44,1.35,0.01,0.014,0.0,0.0,0.0,0.0,0.0,0.0,0.0,0.0326,0.015,0.0055,0.003,0.0,0.0,0.006,0.005,0.006,250.0,0.0,0.0,,,,,20.0,176.0,,,,,,,,1,0,0,4140.0,0,0,0,1,0,0,0,0,0,0,1000.0,-17.9368,-17.936800003051758,27.6,27.6,12.68439,12.6843900680542,43.957230769230776,43.957230769230776,0.0,0.0,1.7876118326118322,1.7876118326118322
0.13,0.37,1.83,0.01,0.011,0.0,0.0,0.0,0.0,0.0,0.0,0.0,0.0318,0.013,0.0063,0.003,0.0,0.0,0.006,0.005,0.005,250.0,0.0,0.0,526.0,,,,,,,,,,,,,1,0,0,4140.0,0,0,0,1,0,0,0,0,0,0,1000.0,-12.204331,-12.204331398010254,24.94,24.94,11.807863,11.807863235473633,47.694880952380956,47.694880952380956,0.0,0.0,1.1514285714285715,1.1514285714285715
0.13,0.37,1.83,0.01,0.011,0.0,0.0,0.0,0.0,0.0,0.0,0.0,0.0318,0.013,0.0063,0.003,0.0,0.0,0.006,0.005,0.005,250.0,0.0,0.0,,,,,-60.0,89.0,,,,,,,,1,0,0,4140.0,0,0,0,1,0,0,0,0,0,0,1000.0,-12.204331,-12.204331398010254,24.94,24.94,11.807863,11.807863235473633,47.694880952380956,47.694880952380956,0.0,0.0,1.1514285714285715,1.1514285714285715
0.13,0.37,1.83,0.01,0.011,0.0,0.0,0.0,0.0,0.0,0.0,0.0,0.0318,0.013,0.0063,0.003,0.0,0.0,0.006,0.005,0.005,250.0,0.0,0.0,,,,,-40.0,114.0,,,,,,,,1,0,0,4140.0,0,0,0,1,0,0,0,0,0,0,1000.0,-12.204331,-12.204331398010254,24.94,24.94,11.807863,11.807863235473633,47.694880952380956,47.694880952380956,0.0,0.0,1.1514285714285715,1.1514285714285715
0.13,0.37,1.83,0.01,0.011,0.0,0.0,0.0,0.0,0.0,0.0,0.0,0.0318,0.013,0.0063,0.003,0.0,0.0,0.006,0.005,0.005,250.0,0.0,0.0,,,,,-20.0,136.0,,,,,,,,1,0,0,4140.0,0,0,0,1,0,0,0,0,0,0,1000.0,-12.204331,-12.204331398010254,24.94,24.94,11.807863,11.807863235473633,47.694880952380956,47.694880952380956,0.0,0.0,1.1514285714285715,1.1514285714285715
0.13,0.37,1.83,0.01,0.011,0.0,0.0,0.0,0.0,0.0,0.0,0.0,0.0318,0.013,0.0063,0.003,0.0,0.0,0.006,0.005,0.005,250.0,0.0,0.0,,,,,0.0,167.0,,,,,,,,1,0,0,4140.0,0,0,0,1,0,0,0,0,0,0,1000.0,-12.204331,-12.204331398010254,24.94,24.94,11.807863,11.807863235473633,47.694880952380956,47.694880952380956,0.0,0.0,1.1514285714285715,1.1514285714285715
0.13,0.37,1.83,0.01,0.011,0.0,0.0,0.0,0.0,0.0,0.0,0.0,0.0318,0.013,0.0063,0.003,0.0,0.0,0.006,0.005,0.005,250.0,0.0,0.0,,,,,20.0,174.0,,,,,,,,1,0,0,4140.0,0,0,0,1,0,0,0,0,0,0,1000.0,-12.204331,-12.204331398010254,24.94,24.94,11.807863,11.807863235473633,47.694880952380956,47.694880952380956,0.0,0.0,1.1514285714285715,1.1514285714285715
0.11,0.36,2.18,0.008,0.011,0.0,0.0,0.0,0.0,0.0,0.0,0.0,0.0342,0.012,0.0074,0.003,0.0,0.0,0.006,0.007,0.008,250.0,0.0,0.0,617.0,,,,,,,,,,,,,1,0,0,4140.0,0,0,0,1,0,0,0,0,0,0,1000.0,-12.204331,-12.204331398010254,24.94,24.94,11.99803,11.998029708862305,47.65488095238096,47.65488095238096,0.0,0.0,0.6110952380952381,0.6110952380952381
0.11,0.36,2.18,0.008,0.011,0.0,0.0,0.0,0.0,0.0,0.0,0.0,0.0342,0.012,0.0074,0.003,0.0,0.0,0.006,0.007,0.008,250.0,0.0,0.0,,,,,-60.0,52.0,,,,,,,,1,0,0,4140.0,0,0,0,1,0,0,0,0,0,0,1000.0,-12.204331,-12.204331398010254,24.94,24.94,11.99803,11.998029708862305,47.65488095238096,47.65488095238096,0.0,0.0,0.6110952380952381,0.6110952380952381
0.11,0.36,2.18,0.008,0.011,0.0,0.0,0.0,0.0,0.0,0.0,0.0,0.0342,0.012,0.0074,0.003,0.0,0.0,0.006,0.007,0.008,250.0,0.0,0.0,,,,,-40.0,64.0,,,,,,,,1,0,0,4140.0,0,0,0,1,0,0,0,0,0,0,1000.0,-12.204331,-12.204331398010254,24.94,24.94,11.99803,11.998029708862305,47.65488095238096,47.65488095238096,0.0,0.0,0.6110952380952381,0.6110952380952381
0.11,0.36,2.18,0.008,0.011,0.0,0.0,0.0,0.0,0.0,0.0,0.0,0.0342,0.012,0.0074,0.003,0.0,0.0,0.006,0.007,0.008,250.0,0.0,0.0,,,,,-20.0,107.0,,,,,,,,1,0,0,4140.0,0,0,0,1,0,0,0,0,0,0,1000.0,-12.204331,-12.204331398010254,24.94,24.94,11.99803,11.998029708862305,47.65488095238096,47.65488095238096,0.0,0.0,0.6110952380952381,0.6110952380952381
0.11,0.36,2.18,0.008,0.011,0.0,0.0,0.0,0.0,0.0,0.0,0.0,0.0342,0.012,0.0074,0.003,0.0,0.0,0.006,0.007,0.008,250.0,0.0,0.0,,,,,0.0,129.0,,,,,,,,1,0,0,4140.0,0,0,0,1,0,0,0,0,0,0,1000.0,-12.204331,-12.204331398010254,24.94,24.94,11.99803,11.998029708862305,47.65488095238096,47.65488095238096,0.0,0.0,0.6110952380952381,0.6110952380952381
0.11,0.36,2.18,0.008,0.011,0.0,0.0,0.0,0.0,0.0,0.0,0.0,0.0342,0.012,0.0074,0.003,0.0,0.0,0.006,0.007,0.008,250.0,0.0,0.0,,,,,20.0,162.0,,,,,,,,1,0,0,4140.0,0,0,0,1,0,0,0,0,0,0,1000.0,-12.204331,-12.204331398010254,24.94,24.94,11.99803,11.998029708862305,47.65488095238096,47.65488095238096,0.0,0.0,0.6110952380952381,0.6110952380952381
0.057,0.62,1.22,0.01,0.012,0.05,0.09,0.0,0.011,0.0,0.0,0.0,0.11,0.018,0.0043,0.007,0.0001,0.003,0.0,0.0,0.0,200.0,200.0,14.0,,538.0,,,,,,,,,,,,1,0,0,8400.0,1,0,0,0,0,0,0,0,0,0,2800.0,-12.426511,-12.42651081085205,21.03,21.03,58.50243,58.5024299621582,41.92,41.92,0.0,0.0,2.9765238095238082,2.9765238095238082
0.053,0.68,1.3,0.01,0.01,0.04,0.06,0.0,0.009,0.0,0.0,0.0,0.13,0.017,0.0039,0.007,0.0001,0.003,0.0,0.0,0.0,200.0,200.0,14.0,,552.0,,,,,,,,,,,,1,0,0,8400.0,1,0,0,0,0,0,0,0,0,0,2800.0,-18.248276,-18.248275756835938,17.76,17.76,32.84538,32.84537887573242,61.246,61.246,0.0,0.0,2.9765238095238082,2.9765238095238082
0.058,0.59,1.12,0.013,0.015,0.03,0.12,0.0,0.015,0.0,0.0,0.0,0.064,0.008,0.0073,0.011,0.0001,0.002,0.0,0.0,0.0,200.0,200.0,14.0,,552.0,,,,,,,,,,,,1,0,0,8400.0,1,0,0,0,0,0,0,0,0,0,2800.0,0.17405485,0.1740548461675644,20.22,20.22,57.586384,57.58638381958008,36.72,36.72,0.0,0.0,3.0247698412698405,3.0247698412698405
0.053,0.7,1.28,0.013,0.015,0.03,0.1,0.0,0.015,0.0,0.0,0.0,0.0622,0.008,0.0071,0.012,0.0002,0.002,0.0,0.0,0.0,200.0,200.0,14.0,,557.0,,,,,,,,,,,,1,0,0,8400.0,1,0,0,0,0,0,0,0,0,0,2800.0,-6.063222,-6.0632219314575195,21.01,21.01,57.586384,57.58638381958008,40.84,40.84,0.0,0.0,2.9293809523809515,2.9293809523809515
0.055,0.42,0.9,0.016,0.012,0.55,0.06,0.0,0.012,0.0,0.0,0.0,0.078,0.022,0.0046,0.002,0.0001,0.007,0.0,0.0,0.0,200.0,200.0,14.0,,552.0,,,,,,,,,,,,1,0,0,9120.0,1,0,0,0,0,0,0,0,0,0,2900.0,6.935361,6.935360908508301,19.60666666666667,19.60666666666667,62.23979,62.23979187011719,31.66,31.66,0.0,0.0,3.1055793650793646,3.1055793650793646
0.069,0.56,1.12,0.016,0.011,0.58,0.06,0.0,0.013,0.0,0.0,0.0,0.0837,0.028,0.0041,0.003,0.0003,0.009,0.0,0.0,0.0,200.0,200.0,14.0,,572.0,,,,,,,,,,,,1,0,0,8400.0,1,0,0,0,0,0,0,0,0,0,2800.0,6.935361,6.935360908508301,19.72,19.72,58.106617,58.10661697387695,34.95,34.95,0.0,0.0,3.081912698412698,3.081912698412698
0.065,0.59,1.17,0.015,0.011,0.62,0.05,0.0,0.013,0.0,0.0,0.0,0.0781,0.026,0.0034,0.003,0.0003,0.01,0.0,0.0,0.0,200.0,200.0,14.0,,582.0,,,,,,,,,,,,1,0,0,8400.0,1,0,0,0,0,0,0,0,0,0,2800.0,6.93464,6.934639930725098,20.65,20.65,58.106617,58.10661697387695,35.95,35.95,0.0,0.0,3.0152460317460315,3.0152460317460315
0.066,0.23,0.79,0.015,0.015,0.03,0.11,0.0,0.013,0.0,0.0,0.0,0.0796,0.031,0.007,0.021,0.0016,0.007,0.0,0.0,0.0,200.0,200.0,14.0,,498.0,,,,,,,,,,,,1,0,0,9120.0,1,0,0,0,0,0,0,0,0,0,2900.0,6.0691133,6.069113254547119,11.32,11.32,68.0061,68.006103515625,29.93,29.93,5.4,5.4,3.1255793650793646,3.1255793650793646
0.067,0.39,1.12,0.014,0.016,0.03,0.1,0.0,0.016,0.0,0.0,0.0,0.0684,0.057,0.0074,0.046,0.0028,0.01,0.0,0.0,0.0,200.0,200.0,14.0,,538.0,,,,,,,,,,,,1,0,0,8400.0,1,0,0,0,0,0,0,0,0,0,2800.0,-9.494851,-9.494851112365723,11.34,11.34,53.66475,53.66474914550781,35.72,35.72,15.6,15.6,3.081912698412698,3.081912698412698
0.062,0.37,1.1,0.015,0.014,0.02,0.08,0.0,0.015,0.0,0.0,0.0,0.0816,0.039,0.0069,0.051,0.0028,0.001,0.0,0.0,0.0,200.0,200.0,14.0,,533.0,,,,,,,,,,,,1,0,0,8400.0,1,0,0,0,0,0,0,0,0,0,2800.0,-1.76111,-1.7611099481582642,11.04,11.04,57.09779,57.0977897644043,36.67,36.67,15.6,15.6,3.081912698412698,3.081912698412698
0.055,0.34,0.81,0.01,0.009,0.02,0.05,0.0,0.011,0.0,0.0,0.0,0.0466,0.002,0.0059,0.004,0.0001,0.001,0.0,0.0,0.0,200.0,200.0,14.0,,491.0,,,,,,,,,,,,1,0,0,9120.0,1,0,0,0,0,0,0,0,0,0,2900.0,1.6552639,1.655263900756836,23.563333333333336,23.563333333333336,67.68248,67.68247985839844,23.4,23.4,0.0,0.0,2.8368809523809513,2.8368809523809513
0.066,0.56,1.14,0.01,0.011,0.02,0.07,0.0,0.016,0.0,0.0,0.0,0.0495,0.003,0.0034,0.004,0.0001,0.003,0.0,0.0,0.0,200.0,200.0,14.0,,533.0,,,,,,,,,,,,1,0,0,8400.0,1,0,0,0,0,0,0,0,0,0,2800.0,-12.425011,-12.425010681152344,20.85,20.85,55.79267,55.79267120361328,32.78,32.78,0.0,0.0,2.9622698412698405,2.9622698412698405
0.067,0.51,1.08,0.013,0.011,0.02,0.08,0.0,0.015,0.0,0.0,0.0,0.0412,0.003,0.0046,0.004,0.0001,0.002,0.0,0.0,0.0,200.0,200.0,14.0,,533.0,,,,,,,,,,,,1,0,0,8400.0,1,0,0,0,0,0,0,0,0,0,2800.0,0.032647155,0.03264715522527695,21.405,21.405,40.088238,40.08823776245117,40.5925,40.5925,0.0,0.0,0.7514365079365081,0.7514365079365081
0.054,0.5,1.68,0.009,0.015,0.01,0.1,0.0,0.008,0.0,0.0,0.0,0.069,0.007,0.0048,0.011,0.0001,0.002,0.0,0.0,0.0,200.0,200.0,14.0,,557.0,,,,,,,,,,,,1,0,0,8400.0,1,0,0,0,0,0,0,0,0,0,2800.0,-18.535734,-18.535734176635742,24.46,24.46,26.292532,26.292531967163086,55.719219696969695,55.719219696969695,0.0,0.0,2.9210476190476182,2.9210476190476182
0.046,0.53,1.74,0.008,0.015,0.01,0.09,0.0,0.006,0.0,0.0,0.0,0.0736,0.008,0.0037,0.013,0.0001,0.002,0.0,0.0,0.0,200.0,200.0,14.0,,552.0,,,,,,,,,,,,1,0,0,8400.0,1,0,0,0,0,0,0,0,0,0,2800.0,-18.480284,-18.480283737182617,23.99,23.99,25.744236,25.74423599243164,55.499219696969696,55.499219696969696,0.0,0.0,2.660714285714285,2.660714285714285
0.07,0.46,1.19,0.01,0.018,0.01,0.1,0.0,0.016,0.0,0.0,0.0,0.0771,0.043,0.0046,0.037,0.0019,0.007,0.0,0.0,0.0,200.0,200.0,14.0,,538.0,,,,,,,,,,,,1,0,0,8400.0,1,0,0,0,0,0,0,0,0,0,2800.0,-11.96187,-11.961870193481445,12.1,12.1,56.907623,56.907623291015625,35.86,35.86,5.4,5.4,3.0152460317460315,3.0152460317460315
0.059,0.46,1.25,0.009,0.015,0.01,0.06,0.0,0.013,0.0,0.0,0.0,0.0788,0.041,0.0057,0.044,0.0019,0.006,0.0,0.0,0.0,200.0,200.0,14.0,,535.0,,,,,,,,,,,,1,0,0,8400.0,1,0,0,0,0,0,0,0,0,0,2800.0,-18.208378,-18.208377838134766,11.79,11.79,56.907623,56.907623291015625,38.92,38.92,15.6,15.6,2.9765238095238082,2.9765238095238082
0.068,0.35,1.06,0.006,0.009,0.0,0.027,0.0,0.0,0.0,0.0,0.0,0.0416,0.0036,0.0063,0.0,0.0,0.0,0.0,0.0,0.0,200.0,0.0,0.0,,,,,-62.0,100.0,,,,,,,,1,0,0,3570.0,0,0,0,1,0,0,0,0,0,0,1000.0,-37.903194,-37.903194427490234,19.46,19.46,40.941643,40.94164276123047,32.60333333333333,32.60333333333333,0.0,0.0,0.028999999999999998,0.028999999999999998
0.068,0.35,1.06,0.006,0.009,0.0,0.027,0.0,0.0,0.0,0.0,0.0,0.0416,0.0036,0.0063,0.0,0.0,0.0,0.0,0.0,0.0,200.0,580.0,2.0,,,,,-78.0,100.0,,,,,,,,1,0,0,3570.0,0,0,0,1,0,0,0,0,0,0,1000.0,-37.903194,-37.903194427490234,17.8,17.8,39.863113,39.86311340332031,34.5425,34.5425,0.0,0.0,0.08015079365079365,0.08015079365079365
0.071,0.36,1.09,0.006,0.009,0.0,0.41,0.0,0.0,0.0,0.0,0.0,0.0418,0.0041,0.0071,0.0,0.0,0.0,0.0,0.0,0.0,200.0,0.0,0.0,,,,,-61.0,100.0,,,,,,,,1,0,0,3570.0,0,0,0,1,0,0,0,0,0,0,1000.0,-38.32244,-38.32244110107422,17.335,17.335,42.791634,42.79163360595703,35.13,35.13,0.0,0.0,0.028999999999999998,0.028999999999999998
0.071,0.36,1.09,0.006,0.009,0.0,0.41,0.0,0.0,0.0,0.0,0.0,0.0418,0.0041,0.0071,0.0,0.0,0.0,0.0,0.0,0.0,200.0,580.0,2.0,,,,,-73.0,100.0,,,,,,,,1,0,0,3570.0,0,0,0,1,0,0,0,0,0,0,1000.0,-38.61888,-38.61888122558594,6.375,6.375,41.268555,41.2685546875,36.02,36.02,15.6,15.6,0.08015079365079365,0.08015079365079365
0.072,0.35,1.05,0.005,0.007,0.0,0.79,0.0,0.0,0.0,0.0,0.0,0.0421,0.0037,0.0073,0.0,0.0,0.0,0.0,0.0,0.0,200.0,0.0,0.0,,,,,-63.0,100.0,,,,,,,,1,0,0,3570.0,0,0,0,1,0,0,0,0,0,0,1000.0,-39.178486,-39.17848587036133,17.748333333333335,17.748333333333335,33.730164,33.73016357421875,34.80333333333333,34.80333333333333,0.0,0.0,0.028999999999999998,0.028999999999999998
0.072,0.35,1.05,0.005,0.007,0.0,0.79,0.0,0.0,0.0,0.0,0.0,0.0421,0.0037,0.0073,0.0,0.0,0.0,0.0,0.0,0.0,200.0,580.0,2.0,,,,,-68.0,100.0,,,,,,,,1,0,0,3570.0,0,0,0,1,0,0,0,0,0,0,1000.0,-39.736103,-39.73610305786133,6.845,6.845,31.81282,31.812820434570312,36.64,36.64,15.6,15.6,0.08015079365079365,0.08015079365079365
0.075,0.35,1.09,0.006,0.008,0.0,1.22,0.0,0.0,0.0,0.0,0.0,0.0424,0.0052,0.0087,0.0,0.0,0.0,0.0,0.0,0.0,200.0,0.0,0.0,,,,,-57.0,100.0,,,,,,,,1,0,0,3570.0,0,0,0,1,0,0,0,0,0,0,1000.0,-39.17711,-39.17710876464844,16.015,16.015,48.61342,48.61341857910156,33.4,33.4,0.0,0.0,0.7085317460317461,0.7085317460317461
0.075,0.35,1.09,0.006,0.008,0.0,1.22,0.0,0.0,0.0,0.0,0.0,0.0424,0.0052,0.0087,0.0,0.0,0.0,0.0,0.0,0.0,200.0,580.0,2.0,,,,,-60.0,100.0,,,,,,,,1,0,0,3570.0,0,0,0,1,0,0,0,0,0,0,1000.0,-39.734726,-39.73472595214844,5.765,5.765,46.696075,46.696075439453125,35.57,35.57,15.6,15.6,0.29557936507936505,0.29557936507936505
0.07,0.34,1.06,0.006,0.008,0.0,1.57,0.0,0.0,0.0,0.0,0.0,0.0463,0.0041,0.0085,0.0,0.0,0.0,0.0,0.0,0.0,200.0,0.0,0.0,,,,,-40.0,100.0,,,,,,,,1,0,0,3570.0,0,0,0,1,0,0,0,0,0,0,1000.0,-39.436993,-39.43699264526367,13.595,13.595,65.9225,65.92250061035156,19.16,19.16,0.0,0.0,2.322047619047619,2.322047619047619
0.07,0.34,1.06,0.006,0.008,0.0,1.57,0.0,0.0,0.0,0.0,0.0,0.0463,0.0041,0.0085,0.0,0.0,0.0,0.0,0.0,0.0,200.0,580.0,2.0,,,,,-48.0,100.0,,,,,,,,1,0,0,3570.0,0,0,0,1,0,0,0,0,0,0,1000.0,-39.735394,-39.73539352416992,5.675,5.675,64.18453,64.18453216552734,22.11,22.11,15.6,15.6,2.330769841269841,2.330769841269841
0.073,0.34,1.07,0.006,0.007,0.0,1.97,0.0,0.0,0.0,0.0,0.0,0.043,0.004,0.0089,0.0,0.0,0.0,0.0,0.0,0.0,200.0,0.0,0.0,,,,,-25.0,100.0,,,,,,,,1,0,0,3570.0,0,0,0,1,0,0,0,0,0,0,1000.0,-39.17711,-39.17710876464844,14.045,14.045,57.043514,57.043514251708984,20.6,20.6,0.0,0.0,0.21519047619047618,0.21519047619047618
0.073,0.34,1.07,0.006,0.007,0.0,1.97,0.0,0.0,0.0,0.0,0.0,0.043,0.004,0.0089,0.0,0.0,0.0,0.0,0.0,0.0,200.0,580.0,2.0,,,,,-40.0,100.0,,,,,,,,1,0,0,3570.0,0,0,0,1,0,0,0,0,0,0,1000.0,-39.736687,-39.73668670654297,5.795,5.795,55.30553,55.3055305480957,22.67,22.67,15.6,15.6,0.23634126984126985,0.23634126984126985
0.077,0.35,1.05,0.006,0.008,0.0,2.28,0.0,0.0,0.0,0.0,0.0,0.0424,0.0037,0.0088,0.0,0.0,0.0,0.0,0.0,0.0,200.0,0.0,0.0,,,,,1.0,100.0,,,,,,,,1,0,0,3570.0,0,0,0,1,0,0,0,0,0,0,1000.0,-39.188416,-39.18841552734375,12.725,12.725,44.973904,44.97390365600586,23.1,23.1,0.0,0.0,0.7160317460317461,0.7160317460317461
0.077,0.35,1.05,0.006,0.008,0.0,2.28,0.0,0.0,0.0,0.0,0.0,0.0424,0.0037,0.0088,0.0,0.0,0.0,0.0,0.0,0.0,200.0,580.0,2.0,,,,,-25.0,100.0,,,,,,,,1,0,0,3570.0,0,0,0,1,0,0,0,0,0,0,1000.0,-39.55246,-39.552459716796875,6.055,6.055,43.05656,43.05656051635742,25.13,25.13,15.6,15.6,0.33557936507936503,0.33557936507936503
0.072,0.38,1.09,0.006,0.009,0.0,2.8,0.0,0.0,0.0,0.0,0.0,0.0467,0.0033,0.0085,0.0,0.0,0.0,0.0,0.0,0.0,200.0,0.0,0.0,,,,,20.0,100.0,,,,,,,,1,0,0,3570.0,0,0,0,1,0,0,0,0,0,0,1000.0,-39.183086,-39.18308639526367,13.905,13.905,82.94439,82.94438934326172,24.3,24.3,0.0,0.0,2.362047619047619,2.362047619047619
0.072,0.38,1.09,0.006,0.009,0.0,2.8,0.0,0.0,0.0,0.0,0.0,0.0467,0.0033,0.0085,0.0,0.0,0.0,0.0,0.0,0.0,200.0,580.0,2.0,,,,,1.0,100.0,,,,,,,,1,0,0,3570.0,0,0,0,1,0,0,0,0,0,0,1000.0,-39.5492,-39.549198150634766,5.845,5.845,81.027084,81.02708435058594,26.28,26.28,15.6,15.6,2.370769841269841,2.370769841269841
0.05,0.29,0.72,0.007,0.009,0.77,0.52,0.23,0.0,1.19,0.0,0.0,0.025,0.007,0.008,0.021,0.0021,0.033,0.0,0.0,0.0,200.0,0.0,0.0,649.0,,,,,,257.0,6.0,,,,,,1,0,0,23120.0,0,0,0,0,0,0,1,0,0,0,2000.0,5.996994,6.0,4.87,4.87,57.447823,57.44782257080078,30.81,30.81,15.6,15.6,0.29198412698412696,0.29198412698412696
0.05,0.27,0.75,0.006,0.01,0.75,0.5,0.23,0.0,1.05,0.0,0.0,0.019,0.007,0.008,0.018,0.0021,0.032,0.0,0.0,0.0,200.0,0.0,0.0,576.0,,,,,,227.0,-10.0,,,,,,1,0,0,23120.0,0,0,0,0,0,0,1,0,0,0,3300.0,-9.998657,-10.0,5.3,5.3,57.604446,57.60444641113281,30.51,30.51,15.6,15.6,0.29198412698412696,0.29198412698412696
0.05,0.26,0.75,0.006,0.01,0.75,0.5,0.24,0.0,1.04,0.0,0.0,0.021,0.007,0.008,0.018,0.0025,0.032,0.0,0.0,0.0,200.0,0.0,0.0,556.0,,,,,,224.0,-40.0,,,,,,1,0,0,23120.0,0,0,0,0,0,0,1,0,0,0,4600.0,-39.999172,-40.0,5.3,5.3,57.604446,57.60444641113281,30.51,30.51,15.6,15.6,0.29198412698412696,0.29198412698412696
0.05,0.27,0.77,0.005,0.01,0.73,0.49,0.24,0.0,1.04,0.0,0.0,0.021,0.007,0.008,0.017,0.0025,0.031,0.0,0.0,0.0,200.0,0.0,0.0,538.0,,,,,,226.0,-60.0,,,,,,1,0,0,22610.0,0,0,0,0,0,0,1,0,0,0,5300.0,-60.00099,-60.0,5.44,5.44,52.31321,52.313209533691406,30.5,30.5,15.6,15.6,0.29198412698412696,0.29198412698412696
0.05,0.26,0.98,0.005,0.012,0.54,0.41,0.27,0.0,0.85,0.0,0.0,0.024,0.01,0.008,0.014,0.0026,0.02,0.0,0.0,0.0,200.0,0.0,0.0,571.0,,,,,,234.0,-126.0,,,,,,1,0,0,22780.0,0,0,0,0,0,0,1,0,0,0,2000.0,-126.00162,-126.0,4.93,4.93,52.94642,52.94641876220703,32.14,32.14,15.6,15.6,0.5318174603174604,0.5318174603174604
0.05,0.25,0.98,0.005,0.011,0.55,0.42,0.27,0.0,0.81,0.0,0.0,0.023,0.01,0.008,0.015,0.0026,0.021,0.0,0.0,0.0,200.0,0.0,0.0,561.0,,,,,,217.0,-126.0,,,,,,1,0,0,22780.0,0,0,0,0,0,0,1,0,0,0,3300.0,-125.99327,-126.0,4.82,4.82,53.808556,53.808555603027344,31.92,31.92,15.6,15.6,0.5318174603174604,0.5318174603174604
0.05,0.24,0.97,0.005,0.012,0.53,0.4,0.26,0.0,0.82,0.0,0.0,0.023,0.009,0.008,0.014,0.0021,0.02,0.0,0.0,0.0,200.0,0.0,0.0,552.0,,,,,,213.0,-106.0,,,,,,1,0,0,22780.0,0,0,0,0,0,0,1,0,0,0,4600.0,-105.990845,-106.0,5.04,5.04,53.808556,53.808555603027344,31.91,31.91,15.6,15.6,0.5118174603174603,0.5118174603174603
0.04,0.24,0.98,0.005,0.012,0.53,0.4,0.27,0.0,0.82,0.0,0.0,0.021,0.009,0.008,0.013,0.0025,0.019,0.0,0.0,0.0,200.0,0.0,0.0,541.0,,,,,,209.0,-106.0,,,,,,1,0,0,22780.0,0,0,0,0,0,0,1,0,0,0,5300.0,-106.00537,-106.0,5.82,5.82,38.85455,38.854549407958984,37.82,37.82,15.6,15.6,0.5118174603174603,0.5118174603174603
0.05,0.35,0.79,0.007,0.011,1.39,0.56,0.28,0.0,0.96,0.0,0.0,0.021,0.004,0.008,0.02,0.0015,0.033,0.0,0.0,0.0,200.0,0.0,0.0,678.0,,,,,,259.0,6.0,,,,,,1,0,0,21760.0,0,0,0,0,0,0,1,0,0,0,2000.0,-20.047853,6.0,4.99,4.99,44.40933,44.40932846069336,28.62,28.62,15.6,15.6,0.16115079365079363,0.16115079365079363
0.05,0.36,0.82,0.007,0.011,1.44,0.55,0.29,0.0,0.92,0.0,0.0,0.019,0.005,0.008,0.019,0.0014,0.032,0.0,0.0,0.0,200.0,0.0,0.0,636.0,,,,,,239.0,7.0,,,,,,1,0,0,22440.0,0,0,0,0,0,0,1,0,0,0,3300.0,-18.996687,7.0,5.04,5.04,46.111736,46.11173629760742,32.99,32.99,15.6,15.6,0.16115079365079363,0.16115079365079363
0.05,0.36,0.85,0.007,0.012,1.49,0.55,0.31,0.0,0.89,0.0,0.0,0.021,0.004,0.008,0.017,0.0019,0.032,0.0,0.0,0.0,200.0,0.0,0.0,601.0,,,,,,223.0,-15.0,,,,,,1,0,0,22440.0,0,0,0,0,0,0,1,0,0,0,4600.0,-15.007051,-15.0,4.57,4.57,44.40933,44.40932846069336,30.35,30.35,15.6,15.6,0.08348412698412698,0.08348412698412698
0.05,0.36,0.86,0.007,0.012,1.5,0.54,0.31,0.0,0.87,0.0,0.0,0.02,0.005,0.008,0.016,0.0017,0.031,0.0,0.0,0.0,200.0,0.0,0.0,585.0,,,,,,230.0,-40.0,,,,,,1,0,0,22440.0,0,0,0,0,0,0,1,0,0,0,5300.0,-39.99013,-40.0,4.57,4.57,46.111736,46.11173629760742,33.33,33.33,15.6,15.6,0.08348412698412698,0.08348412698412698
0.05,0.39,1.1,0.006,0.013,1.87,0.53,0.37,0.0,0.57,0.0,0.0,0.022,0.006,0.007,0.016,0.0012,0.021,0.0,0.0,0.0,200.0,0.0,0.0,592.0,,,,,,252.0,-73.0,,,,,,1,0,0,22440.0,0,0,0,0,0,0,1,0,0,0,2000.0,-72.99336,-73.0,4.53,4.53,50.664444,50.66444396972656,36.98,36.98,15.6,15.6,0.108484126984127,0.108484126984127
0.05,0.38,1.11,0.005,0.014,1.89,0.52,0.37,0.0,0.56,0.0,0.0,0.022,0.005,0.007,0.015,0.0011,0.02,0.0,0.0,0.0,200.0,0.0,0.0,555.0,,,,,,241.0,-64.0,,,,,,1,0,0,22440.0,0,0,0,0,0,0,1,0,0,0,3300.0,-64.001724,-64.0,5.79,5.79,45.373207,45.373207092285156,36.97,36.97,15.6,15.6,0.108484126984127,0.108484126984127
0.05,0.39,1.1,0.006,0.013,1.87,0.52,0.37,0.0,0.57,0.0,0.0,0.022,0.006,0.008,0.014,0.0013,0.021,0.0,0.0,0.0,200.0,0.0,0.0,547.0,,,,,,231.0,-68.0,,,,,,1,0,0,22440.0,0,0,0,0,0,0,1,0,0,0,4600.0,-68.014854,-68.0,4.5,4.5,45.439407,45.43940734863281,37.33,37.33,15.6,15.6,0.108484126984127,0.108484126984127
0.05,0.4,1.12,0.006,0.014,1.9,0.51,0.37,0.0,0.55,0.0,0.0,0.021,0.006,0.007,0.014,0.0011,0.02,0.0,0.0,0.0,200.0,0.0,0.0,543.0,,,,,,229.0,-64.0,,,,,,1,0,0,22440.0,0,0,0,0,0,0,1,0,0,0,5300.0,-66.98374,-64.0,5.62,5.62,50.664444,50.66444396972656,36.71,36.71,15.6,15.6,0.108484126984127,0.108484126984127
0.07,0.53,1.72,0.012,0.016,0.01,0.03,0.01,0.01,0.03,0.0,0.0,0.0176,0.024,0.0054,0.021,0.0007,0.0,0.0,0.0,0.0,200.0,0.0,0.0,462.0,638.0,31.0,67.0,-28.0,35.0,,,,,,,,1,0,0,22400.0,0,0,0,0,0,0,1,0,0,0,4800.0,-12.776766,-12.776765823364258,11.81,11.81,10.306249,10.306248664855957,61.066928571428576,61.066928571428576,15.6,15.6,1.1258571428571427,1.1258571428571427
0.08,0.59,1.84,0.013,0.016,0.01,0.05,0.01,0.01,0.38,0.0,0.0,0.0155,0.023,0.0054,0.024,0.0008,0.0,0.0,0.0,0.0,200.0,0.0,0.0,507.0,694.0,30.0,58.0,9.0,35.0,,,,,,,,1,0,0,22400.0,0,0,0,0,0,0,1,0,0,0,4800.0,-13.501684,-13.501684188842773,12.52,12.52,11.466308,11.466307640075684,56.93,56.93,15.6,15.6,1.3593571428571425,1.3593571428571425
0.08,0.62,1.86,0.013,0.016,0.01,0.05,0.01,0.01,0.81,0.0,0.0,0.0174,0.023,0.0054,0.022,0.001,0.0,0.0,0.0,0.0,200.0,0.0,0.0,523.0,714.0,30.0,53.0,-5.0,35.0,,,,,,,,1,0,0,22400.0,0,0,0,0,0,0,1,0,0,0,4800.0,-13.501684,-13.501684188842773,13.19,13.19,11.466308,11.466307640075684,56.93,56.93,15.6,15.6,1.3593571428571425,1.3593571428571425
0.08,0.58,1.83,0.013,0.016,0.45,0.05,0.01,0.01,0.03,0.0,0.0,0.0171,0.023,0.0055,0.023,0.0006,0.0,0.0,0.0,0.0,200.0,0.0,0.0,522.0,709.0,30.0,54.0,-11.0,35.0,,,,,,,,1,0,0,22400.0,0,0,0,0,0,0,1,0,0,0,4800.0,-11.839326,-11.839325904846191,10.68,10.68,11.466308,11.466307640075684,57.42,57.42,15.6,15.6,1.3593571428571425,1.3593571428571425
0.08,0.59,1.84,0.013,0.015,0.45,0.05,0.01,0.01,0.4,0.0,0.0,0.0168,0.025,0.0049,0.024,0.0009,0.0,0.0,0.0,0.0,200.0,0.0,0.0,500.0,731.0,28.0,49.0,11.0,35.0,,,,,,,,1,0,0,22400.0,0,0,0,0,0,0,1,0,0,0,4800.0,-11.839326,-11.839325904846191,10.52,10.52,11.466308,11.466307640075684,57.42,57.42,15.6,15.6,1.3593571428571425,1.3593571428571425
0.08,0.62,1.85,0.013,0.017,0.45,0.05,0.01,0.01,0.81,0.0,0.0,0.0152,0.022,0.0052,0.024,0.001,0.0,0.0,0.0,0.0,200.0,0.0,0.0,504.0,743.0,27.0,46.0,18.0,35.0,,,,,,,,1,0,0,22400.0,0,0,0,0,0,0,1,0,0,0,4800.0,-11.839326,-11.839325904846191,11.35,11.35,11.466308,11.466307640075684,56.62,56.62,15.6,15.6,1.3593571428571425,1.3593571428571425
0.08,0.62,1.83,0.013,0.014,1.51,0.05,0.01,0.01,0.03,0.0,0.0,0.0185,0.023,0.0067,0.02,0.0007,0.0,0.0,0.0,0.0,200.0,0.0,0.0,515.0,737.0,26.0,48.0,0.0,35.0,,,,,,,,1,0,0,22400.0,0,0,0,0,0,0,1,0,0,0,4800.0,-14.883148,-14.883148193359375,9.62,9.62,12.079929,12.07992935180664,58.574464285714285,58.574464285714285,15.6,15.6,1.3593571428571425,1.3593571428571425
0.07,0.59,1.85,0.013,0.014,1.5,0.05,0.01,0.01,0.42,0.0,0.0,0.0146,0.025,0.0057,0.02,0.0009,0.0,0.0,0.0,0.0,200.0,0.0,0.0,515.0,810.0,24.0,41.0,30.0,35.0,,,,,,,,1,0,0,22400.0,0,0,0,0,0,0,1,0,0,0,4800.0,-14.15823,-14.15822982788086,9.25,9.25,10.7431965,10.743196487426758,64.25014285714286,64.25014285714286,15.6,15.6,1.1258571428571427,1.1258571428571427
0.08,0.66,1.92,0.013,0.015,1.54,0.05,0.01,0.01,0.89,0.0,0.0,0.0148,0.026,0.0051,0.023,0.0013,0.0,0.0,0.0,0.0,200.0,0.0,0.0,542.0,829.0,26.0,51.0,33.0,35.0,,,,,,,,1,0,0,22400.0,0,0,0,0,0,0,1,0,0,0,4800.0,-14.883148,-14.883148193359375,10.67,10.67,9.8897085,9.889708518981934,57.07,57.07,15.6,15.6,1.3593571428571425,1.3593571428571425
0.09,0.63,1.9,0.013,0.015,0.01,0.05,0.01,0.01,0.04,0.0,0.0,0.0165,0.025,0.0056,0.019,0.0036,0.0,0.0,0.0,0.0,200.0,0.0,0.0,466.0,761.0,29.0,44.0,37.0,35.0,,,,,,,,1,0,0,22400.0,0,0,0,0,0,0,1,0,0,0,4800.0,-14.905177,-14.905177116394043,14.21,14.21,11.466308,11.466307640075684,45.02,45.02,15.6,15.6,1.3593571428571425,1.3593571428571425
0.08,0.67,1.94,0.013,0.015,0.51,0.05,0.01,0.01,0.43,0.0,0.0,0.0142,0.028,0.0057,0.022,0.004,0.0,0.0,0.0,0.0,200.0,0.0,0.0,489.0,807.0,27.0,42.0,51.0,35.0,,,,,,,,1,0,0,22400.0,0,0,0,0,0,0,1,0,0,0,4800.0,-13.278396,-13.278395652770996,11.16,11.16,9.8897085,9.889708518981934,58.66,58.66,15.6,15.6,1.3593571428571425,1.3593571428571425
0.08,0.68,1.94,0.013,0.015,1.54,0.05,0.01,0.01,0.85,0.0,0.0,0.0132,0.029,0.0055,0.027,0.0044,0.0,0.0,0.0,0.0,200.0,0.0,0.0,546.0,869.0,21.0,28.0,55.0,35.0,,,,,,,,1,0,0,22400.0,0,0,0,0,0,0,1,0,0,0,4800.0,-16.299002,-16.299001693725586,10.67,10.67,9.8897085,9.889708518981934,58.45,58.45,15.6,15.6,1.3593571428571425,1.3593571428571425
0.07,0.34,0.95,0.027,0.021,0.0,0.0,0.0,0.006,0.0,0.0,0.0,0.0,0.007,0.009,0.0035,0.0,0.006,0.0,0.0,0.009,250.0,0.0,0.0,456.2,529.8,27.5,73.0,,,180.0,,,,,,,1,0,0,,0,0,0,1,0,0,0,0,0,0,2700.0,6.6100025,6.610002517700195,20.673333333333336,20.673333333333336,51.476315,51.476314544677734,36.13,36.13,0.0,0.0,2.0980158730158727,2.0980158730158727
0.07,0.34,0.95,0.027,0.021,0.0,0.0,0.0,0.006,0.0,0.0,0.0,0.0,0.007,0.009,0.0035,0.0,0.006,0.0,0.0,0.009,250.0,600.0,2.1,430.7,519.9,29.5,73.5,,,174.0,,,,,,,1,0,0,,0,0,0,1,0,0,0,0,0,0,2700.0,6.6100025,6.610002517700195,20.673333333333336,20.673333333333336,51.476315,51.476314544677734,36.13,36.13,0.0,0.0,2.0980158730158727,2.0980158730158727
0.06,0.28,0.55,0.024,0.041,1.26,0.0,0.0,0.01,0.02,0.0,0.0,0.0,0.007,0.007,0.0035,0.0,0.006,0.0,0.0,0.009,250.0,0.0,0.0,475.8,564.1,28.0,70.5,,,220.0,,,,,,,1,0,0,,0,0,0,1,0,0,0,0,0,0,2200.0,11.796389,11.796388626098633,11.18,11.18,49.346893,49.346893310546875,34.93,34.93,15.6,15.6,1.3879126984126982,1.3879126984126982
0.06,0.28,0.55,0.024,0.041,1.26,0.0,0.0,0.01,0.02,0.0,0.0,0.0,0.007,0.007,0.0035,0.0,0.006,0.0,0.0,0.009,250.0,600.0,2.1,430.7,529.8,24.5,69.0,,,184.0,,,,,,,1,0,0,,0,0,0,1,0,0,0,0,0,0,2200.0,11.721778,11.72177791595459,27.03,27.03,48.582176,48.582176208496094,32.35,32.35,0.0,0.0,1.3957619047619045,1.3957619047619045
0.09,0.42,0.93,0.011,0.058,0.0,0.0,0.02,0.004,0.08,0.0,0.0,0.0,0.014,0.016,0.004,0.0,0.012,0.1,0.0,0.014,250.0,0.0,0.0,491.5,573.9,28.0,74.0,,,193.0,,,,,,,1,0,0,,0,0,0,1,0,0,0,0,0,0,2500.0,-10.294948,-10.294947624206543,13.06,13.06,47.751602,47.75160217285156,37.32,37.32,0.0,0.0,1.6060562770562767,1.6060562770562767
0.09,0.42,0.93,0.011,0.058,0.0,0.0,0.02,0.004,0.08,0.0,0.0,0.0,0.014,0.016,0.004,0.0,0.012,0.1,0.0,0.014,250.0,600.0,2.1,420.9,541.5,24.5,74.5,,,180.0,,,,,,,1,0,0,,0,0,0,1,0,0,0,0,0,0,2500.0,-10.294948,-10.294947624206543,26.10666666666667,26.10666666666667,51.386055,51.38605499267578,32.74,32.74,0.0,0.0,2.83841341991342,2.83841341991342
0.08,0.33,0.65,0.015,0.026,0.5,0.35,0.008,0.004,0.02,0.0,0.0,0.0,0.02,0.014,0.0045,0.0,0.015,0.006,0.0,0.014,250.0,0.0,0.0,503.3,591.5,28.0,73.0,,,213.0,,,,,,,1,0,0,,0,0,0,1,0,0,0,0,0,0,2400.0,11.9051695,11.905169486999512,11.29,11.29,55.331707,55.33170700073242,34.41,34.41,15.6,15.6,1.7177380952380952,1.7177380952380952
0.08,0.33,0.65,0.015,0.026,0.5,0.35,0.008,0.004,0.02,0.0,0.0,0.0,0.02,0.014,0.0045,0.0,0.015,0.006,0.0,0.014,250.0,600.0,2.1,500.3,600.4,22.7,73.7,,,189.0,,,,,,,1,0,0,,0,0,0,1,0,0,0,0,0,0,2400.0,12.091006,12.0910062789917,22.43,22.43,56.034492,56.03449249267578,32.31,32.31,0.0,0.0,2.072952380952381,2.072952380952381
0.07,0.61,1.07,0.025,0.026,0.0,0.0,0.0,0.014,0.0,0.0,0.0,0.0,0.0064,0.0094,0.007,0.0,0.004,0.0,0.0,0.0064,250.0,0.0,0.0,479.7,583.7,24.0,71.5,,,189.0,,,,,,,1,0,0,,0,0,0,1,0,0,0,0,0,0,2800.0,2.7580678,2.7580678462982178,20.41,20.41,37.28154,37.28153991699219,42.95,42.95,0.0,0.0,0.9110873015873016,0.9110873015873016
0.07,0.61,1.07,0.025,0.026,0.0,0.0,0.0,0.014,0.0,0.0,0.0,0.0,0.0064,0.0094,0.007,0.0,0.004,0.0,0.0,0.0064,250.0,600.0,2.1,456.2,555.2,24.5,72.0,,,213.0,,,,,,,1,0,0,,0,0,0,1,0,0,0,0,0,0,2800.0,2.7564728,2.7564728260040283,9.97,9.97,36.62645,36.62644958496094,44.02,44.02,15.6,15.6,0.9765714285714285,0.9765714285714285
0.07,0.21,0.75,0.011,0.011,0.0,0.0,0.0,0.0,0.0,0.0,0.0,0.0,0.0,0.019,0.0069,0.0,0.0,0.0,0.0,0.0,250.0,0.0,0.0,463.0,552.3,33.0,75.0,,,181.0,,,,,,,1,0,0,,0,0,0,1,0,0,0,0,0,0,2600.0,3.0543468,3.054346799850464,20.053333333333335,20.053333333333335,53.529636,53.52963638305664,25.13,25.13,0.0,0.0,1.8815873015873013,1.8815873015873013
0.07,0.21,0.75,0.011,0.011,0.0,0.0,0.0,0.0,0.0,0.0,0.0,0.0,0.0,0.019,0.0069,0.0,0.0,0.0,0.0,0.0,250.0,600.0,2.1,369.8,486.6,,76.0,,,174.0,,,,,,,1,0,0,,0,0,0,1,0,0,0,0,0,0,2600.0,3.0543468,3.054346799850464,20.053333333333335,20.053333333333335,53.529636,53.52963638305664,25.13,25.13,0.0,0.0,1.8815873015873013,1.8815873015873013
0.09,0.44,0.9,0.01,0.027,0.0,0.0,0.0,0.0,0.0,0.0,0.0,0.0,0.02,0.007,0.0088,0.0,0.0,0.0,0.0,0.0,150.0,0.0,0.0,486.8,569.3,24.0,71.0,,,183.0,,,,,,,1,0,0,,0,0,0,1,0,0,0,0,0,0,1800.0,-11.294053,-11.294053077697754,27.35666666666667,27.35666666666667,48.03591,48.035911560058594,32.768,32.768,0.0,0.0,2.0998142135642137,2.0998142135642137
0.09,0.44,0.9,0.01,0.027,0.0,0.0,0.0,0.0,0.0,0.0,0.0,0.0,0.02,0.007,0.0088,0.0,0.0,0.0,0.0,0.0,150.0,600.0,2.1,,,,,,,,,,,,,,1,0,0,,0,0,0,1,0,0,0,0,0,0,1800.0,-11.294053,-11.294053077697754,26.6,26.6,45.117527,45.11752700805664,32.578,32.578,0.0,0.0,2.0998142135642137,2.0998142135642137
0.08,0.35,0.65,0.01,0.021,1.2,0.0,0.0,0.02,0.0,0.0,0.0,0.0,0.004,0.01,0.015,0.0,0.0,0.0,0.0,0.0,140.0,0.0,0.0,453.8,536.3,22.6,72.0,,,184.0,,,,,,,1,0,0,,0,0,0,1,0,0,0,0,0,0,1800.0,4.448126,4.448125839233398,28.92916666666667,28.92916666666667,39.352753,39.352752685546875,29.51,29.51,0.0,0.0,2.422008658008658,2.422008658008658
0.08,0.35,0.65,0.01,0.021,1.2,0.0,0.0,0.02,0.0,0.0,0.0,0.0,0.004,0.01,0.015,0.0,0.0,0.0,0.0,0.0,140.0,600.0,2.1,,,,,,,,,,,,,,1,0,0,,0,0,0,1,0,0,0,0,0,0,1800.0,4.448126,4.448125839233398,28.455833333333334,28.455833333333334,39.352753,39.352752685546875,29.74,29.74,0.0,0.0,2.422008658008658,2.422008658008658
0.06,0.53,1.15,0.013,0.015,0.0,0.02,0.0,0.0,0.0,0.0,0.0,0.0,0.0,0.01,0.0057,0.0,0.0,0.0,0.0,0.008,150.0,0.0,0.0,553.3,626.9,25.0,70.4,,,194.0,,,,,,,1,0,0,,0,0,0,1,0,0,0,0,0,0,1800.0,0.47703654,0.4770365357398987,11.08,11.08,37.312515,37.31251525878906,36.63,36.63,0.0,0.0,1.2409047619047622,1.2409047619047622
0.06,0.53,1.15,0.013,0.015,0.0,0.02,0.0,0.0,0.0,0.0,0.0,0.0,0.0,0.01,0.0057,0.0,0.0,0.0,0.0,0.008,150.0,600.0,2.1,,,,,,,,,,,,,,1,0,0,,0,0,0,1,0,0,0,0,0,0,1800.0,0.47703654,0.4770365357398987,21.57,21.57,37.967606,37.96760559082031,34.03,34.03,0.0,0.0,1.181420634920635,1.181420634920635
0.07,0.47,0.85,0.013,0.024,0.0,0.0,0.0,0.01,0.0,0.0,0.0,0.0,0.008,0.012,0.0043,0.0,0.0,0.0,0.0,0.0,150.0,0.0,0.0,478.5,569.3,22.1,72.4,,,180.0,,,,,,,1,0,0,,0,0,0,1,0,0,0,0,0,0,1800.0,5.6343675,5.6343674659729,20.493333333333336,20.493333333333336,40.77224,40.772239685058594,37.72,37.72,0.0,0.0,1.9180158730158725,1.9180158730158725
0.07,0.47,0.85,0.013,0.024,0.0,0.0,0.0,0.01,0.0,0.0,0.0,0.0,0.008,0.012,0.0043,0.0,0.0,0.0,0.0,0.0,150.0,600.0,2.1,,,,,,,,,,,,,,1,0,0,,0,0,0,1,0,0,0,0,0,0,1800.0,5.6343675,5.6343674659729,19.3,19.3,37.56909,37.569091796875,38.18,38.18,0.0,0.0,1.9180158730158725,1.9180158730158725
0.07,0.47,1.1,0.011,0.02,0.0,0.0,0.0,0.01,0.0,0.0,0.0,0.0,0.02,0.019,0.0053,0.0,0.0,0.0,0.0,0.0,140.0,0.0,0.0,561.1,643.5,21.0,64.2,,,216.0,,,,,,,1,0,0,,0,0,0,1,0,0,0,0,0,0,1900.0,-12.12584,-12.125840187072754,10.78,10.78,36.655327,36.65532684326172,45.0,45.0,15.6,15.6,1.1926428571428571,1.1926428571428571
0.07,0.47,1.1,0.011,0.02,0.0,0.0,0.0,0.01,0.0,0.0,0.0,0.0,0.02,0.019,0.0053,0.0,0.0,0.0,0.0,0.0,140.0,600.0,2.1,,,,,,,,,,,,,,1,0,0,,0,0,0,1,0,0,0,0,0,0,1900.0,-12.124973,-12.12497329711914,18.97,18.97,36.655327,36.65532684326172,45.525,45.525,0.0,0.0,1.1926428571428571,1.1926428571428571
0.08,0.49,0.9,0.014,0.029,0.0,0.05,0.0,0.0,0.0,0.0,0.0,0.0,0.005,0.017,0.0108,0.0,0.0,0.0,0.0,0.0,150.0,0.0,0.0,486.8,577.5,20.5,70.2,,,191.0,,,,,,,1,0,0,,0,0,0,1,0,0,0,0,0,0,1900.0,-0.7173476,-0.7173476219177246,20.4,20.4,39.075314,39.075313568115234,37.36,37.36,0.0,0.0,1.0596515151515151,1.0596515151515151
0.08,0.49,0.9,0.014,0.029,0.0,0.05,0.0,0.0,0.0,0.0,0.0,0.0,0.005,0.017,0.0108,0.0,0.0,0.0,0.0,0.0,150.0,600.0,2.1,,,,,,,,,,,,,,1,0,0,,0,0,0,1,0,0,0,0,0,0,1900.0,-0.7173476,-0.7173476219177246,20.11,20.11,39.386005,39.38600540161133,34.28,34.28,0.0,0.0,1.3481515151515153,1.3481515151515153
0.05,0.25,1.15,0.015,0.024,0.0,0.0,0.0,0.004,0.12,0.0,0.0,0.0,0.003,0.014,0.0105,0.0,0.005,0.015,0.0,0.006,200.0,0.0,0.0,420.8,504.2,33.0,73.0,,,164.0,,,,,,,1,0,0,,0,0,0,0,0,0,1,0,0,0,2400.0,7.6164794,7.616479396820068,22.483333333333334,22.483333333333334,48.72033,48.72032928466797,32.04,32.04,0.0,0.0,1.5504206349206349,1.5504206349206349
0.05,0.25,1.15,0.015,0.024,0.0,0.0,0.0,0.004,0.12,0.0,0.0,0.0,0.003,0.014,0.0105,0.0,0.005,0.015,0.0,0.006,200.0,600.0,2.1,387.5,482.7,29.5,70.5,,,154.0,,,,,,,1,0,0,,0,0,0,0,0,0,1,0,0,0,2400.0,7.6164794,7.616479396820068,22.483333333333334,22.483333333333334,48.72033,48.72032928466797,32.04,32.04,0.0,0.0,1.5504206349206349,1.5504206349206349
0.1,0.18,1.6,0.015,0.029,0.0,0.0,0.5,0.004,0.14,0.0,0.0,0.0,0.002,0.011,0.008,0.0,0.01,0.0,0.0,0.006,200.0,0.0,0.0,630.8,725.9,24.5,68.5,,,265.0,,,,,,,1,0,0,,0,0,0,0,0,0,1,0,0,0,2400.0,-30.832922,-30.832921981811523,11.51,11.51,30.905798,30.905797958374023,41.07,41.07,15.6,15.6,1.1172539682539682,1.1172539682539682
0.1,0.18,1.6,0.015,0.029,0.0,0.0,0.5,0.004,0.14,0.0,0.0,0.0,0.002,0.011,0.008,0.0,0.01,0.0,0.0,0.006,200.0,600.0,2.1,605.3,694.5,25.5,67.5,,,224.0,,,,,,,1,0,0,,0,0,0,0,0,0,1,0,0,0,2400.0,-26.983667,-26.983667373657227,11.51,11.51,30.905798,30.905797958374023,41.07,41.07,15.6,15.6,1.1172539682539682,1.1172539682539682
0.09,0.28,1.52,0.015,0.045,0.0,0.0,0.5,0.005,0.1,0.0,0.0,0.0,0.008,0.011,0.0125,0.0,0.005,0.0,0.0,0.007,200.0,0.0,0.0,540.5,645.5,27.5,66.0,,,226.0,,,,,,,1,0,0,,0,0,0,0,0,0,1,0,0,0,2400.0,-32.982445,-32.982444763183594,11.32,11.32,12.82797,12.827969551086426,43.43,43.43,15.6,15.6,1.2911825396825396,1.2911825396825396
0.09,0.28,1.52,0.015,0.045,0.0,0.0,0.5,0.005,0.1,0.0,0.0,0.0,0.008,0.011,0.0125,0.0,0.005,0.0,0.0,0.007,200.0,600.0,2.1,562.1,640.6,27.5,66.5,,,225.0,,,,,,,1,0,0,,0,0,0,0,0,0,1,0,0,0,2400.0,-29.130844,-29.130844116210938,11.32,11.32,12.82797,12.827969551086426,43.43,43.43,15.6,15.6,1.2911825396825396,1.2911825396825396
0.12,0.22,1.24,0.036,0.019,0.0,0.0,0.0,0.0,0.18,0.0,0.0,0.0,0.0,0.011,0.011,0.0,0.02,0.015,0.0,0.0,200.0,0.0,0.0,483.6,586.6,32.0,70.5,,,193.0,,,,,,,1,0,0,,0,0,0,0,0,0,1,0,0,0,1700.0,-0.08664866,-0.08664865791797638,13.44,13.44,59.21109,59.211090087890625,25.34,25.34,0.0,0.0,1.5682539682539685,1.5682539682539685
0.12,0.22,1.24,0.036,0.019,0.0,0.0,0.0,0.0,0.18,0.0,0.0,0.0,0.0,0.011,0.011,0.0,0.02,0.015,0.0,0.0,200.0,600.0,2.1,414.0,532.7,33.0,74.5,,,196.0,,,,,,,1,0,0,,0,0,0,0,0,0,1,0,0,0,1700.0,-0.08664866,-0.08664865791797638,12.13,12.13,59.21109,59.211090087890625,24.88,24.88,5.4,5.4,1.5682539682539685,1.5682539682539685
0.15,0.32,1.2,0.017,0.025,0.0,0.0,0.0,0.0,0.0,0.0,0.0,0.0,0.0,0.0099,0.009,0.0,0.0,0.0,0.0,0.0,200.0,0.0,0.0,536.6,627.8,30.0,68.0,,,202.0,,,,,,,1,0,0,,0,0,0,0,0,0,1,0,0,0,1600.0,8.160169,8.160168647766113,11.64,11.64,49.492153,49.49215316772461,26.46,26.46,15.6,15.6,1.6169761904761903,1.6169761904761903
0.15,0.32,1.2,0.017,0.025,0.0,0.0,0.0,0.0,0.0,0.0,0.0,0.0,0.0,0.0099,0.009,0.0,0.0,0.0,0.0,0.0,200.0,600.0,1.3,487.6,586.6,31.0,73.5,,,225.0,,,,,,,1,0,0,,0,0,0,0,0,0,1,0,0,0,1600.0,7.903957,7.903956890106201,11.64,11.64,49.492153,49.49215316772461,26.46,26.46,15.6,15.6,1.6169761904761903,1.6169761904761903
0.08,0.21,1.2,0.014,0.022,0.0,0.0,0.0,0.0,0.0,0.0,0.0,0.0,0.0,0.01,0.0128,0.0,0.006,0.0,0.0,0.012,200.0,0.0,0.0,453.2,596.4,30.0,74.0,,,193.0,,,,,,,1,0,0,,0,0,0,0,0,0,1,0,0,0,1700.0,6.1952386,6.1952385902404785,12.03,12.03,51.31346,51.31346130371094,27.94,27.94,0.0,0.0,1.6469761904761904,1.6469761904761904
0.08,0.21,1.2,0.014,0.022,0.0,0.0,0.0,0.0,0.0,0.0,0.0,0.0,0.0,0.01,0.0128,0.0,0.006,0.0,0.0,0.012,200.0,600.0,1.7,455.2,569.0,35.0,74.0,,,197.0,,,,,,,1,0,0,,0,0,0,0,0,0,1,0,0,0,1700.0,6.1952386,6.1952385902404785,10.88,10.88,51.31346,51.31346130371094,27.88,27.88,5.4,5.4,1.6469761904761904,1.6469761904761904
0.1,0.12,1.2,0.013,0.024,0.0,0.0,0.0,0.0,0.0,0.0,0.0,0.0,0.0,0.0089,0.0042,0.0,0.006,0.0,0.0,0.015,200.0,0.0,0.0,519.9,593.5,30.0,72.0,,,172.0,,,,,,,1,0,0,,0,0,0,0,0,0,1,0,0,0,1700.0,18.340912,18.340911865234375,29.206666666666663,29.206666666666663,53.39901,53.399009704589844,22.52,22.52,0.0,0.0,2.912238095238095,2.912238095238095
0.1,0.12,1.2,0.013,0.024,0.0,0.0,0.0,0.0,0.0,0.0,0.0,0.0,0.0,0.0089,0.0042,0.0,0.006,0.0,0.0,0.015,200.0,600.0,2.3,390.1,487.6,37.0,77.0,,,189.0,,,,,,,1,0,0,,0,0,0,0,0,0,1,0,0,0,1700.0,18.340912,18.340911865234375,28.77,28.77,50.999912,50.99991226196289,22.93,22.93,0.0,0.0,2.1379523809523815,2.1379523809523815
0.064,0.27,1.44,0.021,0.024,0.0,0.0,0.02,0.009,0.28,0.0,0.0,0.059,0.0,0.0102,0.0,0.0,0.0,0.0,0.0,0.0,200.0,0.0,0.0,388.0,497.0,30.0,58.0,,,141.56143665484043,,,,,,,1,0,0,47100.0,0,0,0,0,0,0,0,0,0,1,4600.0,2.7350917,2.7350916862487793,29.36833333333333,29.36833333333333,46.489697,46.48969650268555,49.77366666666667,49.77366666666667,0.0,0.0,3.6849999999999996,3.6849999999999996
0.064,0.27,1.44,0.021,0.024,0.0,0.0,0.02,0.009,0.28,0.0,0.0,0.059,0.0,0.0102,0.0,0.0,0.0,0.0,0.0,0.0,200.0,0.0,0.0,,,,,-60.0,10.0,,,,,,,,1,0,0,47100.0,0,0,0,0,0,0,0,0,0,1,4600.0,2.7350917,2.7350916862487793,29.36833333333333,29.36833333333333,46.489697,46.48969650268555,49.77366666666667,49.77366666666667,0.0,0.0,3.6849999999999996,3.6849999999999996
0.064,0.27,1.44,0.021,0.024,0.0,0.0,0.02,0.009,0.28,0.0,0.0,0.059,0.0,0.0102,0.0,0.0,0.0,0.0,0.0,0.0,200.0,0.0,0.0,,,,,-50.0,14.0,,,,,,,,1,0,0,47100.0,0,0,0,0,0,0,0,0,0,1,4600.0,2.7350917,2.7350916862487793,29.36833333333333,29.36833333333333,46.489697,46.48969650268555,49.77366666666667,49.77366666666667,0.0,0.0,3.6849999999999996,3.6849999999999996
0.064,0.27,1.44,0.021,0.024,0.0,0.0,0.02,0.009,0.28,0.0,0.0,0.059,0.0,0.0102,0.0,0.0,0.0,0.0,0.0,0.0,200.0,0.0,0.0,,,,,-20.0,61.0,,,,,,,,1,0,0,47100.0,0,0,0,0,0,0,0,0,0,1,4600.0,2.7350917,2.7350916862487793,29.36833333333333,29.36833333333333,46.489697,46.48969650268555,49.77366666666667,49.77366666666667,0.0,0.0,3.6849999999999996,3.6849999999999996
0.064,0.27,1.44,0.021,0.024,0.0,0.0,0.02,0.009,0.28,0.0,0.0,0.059,0.0,0.0102,0.0,0.0,0.0,0.0,0.0,0.0,200.0,0.0,0.0,,,,,0.0,105.0,,,,,,,,1,0,0,47100.0,0,0,0,0,0,0,0,0,0,1,4600.0,2.7350917,2.7350916862487793,29.36833333333333,29.36833333333333,46.489697,46.48969650268555,49.77366666666667,49.77366666666667,0.0,0.0,3.6849999999999996,3.6849999999999996
0.073,0.33,1.44,0.021,0.018,0.0,0.0,0.02,0.009,0.22,0.0,0.0,0.0563,0.0,0.0124,0.0,0.0,0.0,0.0,0.0,0.0,200.0,0.0,0.0,383.0,492.0,30.0,66.0,,,138.87356127531814,,,,,,,1,0,0,47100.0,0,0,0,0,0,0,0,0,0,1,4600.0,2.3151698,2.3151698112487793,28.83833333333333,28.83833333333333,48.728745,48.72874450683594,49.19166666666666,49.19166666666666,0.0,0.0,3.6849999999999996,3.6849999999999996
0.073,0.33,1.44,0.021,0.018,0.0,0.0,0.02,0.009,0.22,0.0,0.0,0.0563,0.0,0.0124,0.0,0.0,0.0,0.0,0.0,0.0,200.0,0.0,0.0,,,,,-60.0,40.0,,,,,,,,1,0,0,47100.0,0,0,0,0,0,0,0,0,0,1,4600.0,2.3151698,2.3151698112487793,28.83833333333333,28.83833333333333,48.728745,48.72874450683594,49.19166666666666,49.19166666666666,0.0,0.0,3.6849999999999996,3.6849999999999996
0.073,0.33,1.44,0.021,0.018,0.0,0.0,0.02,0.009,0.22,0.0,0.0,0.0563,0.0,0.0124,0.0,0.0,0.0,0.0,0.0,0.0,200.0,0.0,0.0,,,,,-50.0,49.0,,,,,,,,1,0,0,47100.0,0,0,0,0,0,0,0,0,0,1,4600.0,2.3151698,2.3151698112487793,28.83833333333333,28.83833333333333,48.728745,48.72874450683594,49.19166666666666,49.19166666666666,0.0,0.0,3.6849999999999996,3.6849999999999996
0.073,0.33,1.44,0.021,0.018,0.0,0.0,0.02,0.009,0.22,0.0,0.0,0.0563,0.0,0.0124,0.0,0.0,0.0,0.0,0.0,0.0,200.0,0.0,0.0,,,,,-30.0,99.0,,,,,,,,1,0,0,47100.0,0,0,0,0,0,0,0,0,0,1,4600.0,2.3151698,2.3151698112487793,28.83833333333333,28.83833333333333,48.728745,48.72874450683594,49.19166666666666,49.19166666666666,0.0,0.0,3.6849999999999996,3.6849999999999996
0.073,0.33,1.44,0.021,0.018,0.0,0.0,0.02,0.009,0.22,0.0,0.0,0.0563,0.0,0.0124,0.0,0.0,0.0,0.0,0.0,0.0,200.0,0.0,0.0,,,,,0.0,111.0,,,,,,,,1,0,0,47100.0,0,0,0,0,0,0,0,0,0,1,4600.0,2.3151698,2.3151698112487793,28.83833333333333,28.83833333333333,48.728745,48.72874450683594,49.19166666666666,49.19166666666666,0.0,0.0,3.6849999999999996,3.6849999999999996
0.06,0.29,1.68,0.017,0.019,0.0,0.0,0.02,0.01,0.28,0.0,0.0,0.0521,0.0,0.0133,0.0,0.0,0.0,0.0,0.0,0.0,200.0,0.0,0.0,371.0,526.0,34.0,66.0,,,137.0816443556366,,,,,,,1,0,0,47100.0,0,0,0,0,0,0,0,0,0,1,4600.0,4.9052367,4.905236721038818,29.14833333333333,29.14833333333333,46.489697,46.48969650268555,51.31533333333333,51.31533333333333,0.0,0.0,3.6849999999999996,3.6849999999999996
0.06,0.29,1.68,0.017,0.019,0.0,0.0,0.02,0.01,0.28,0.0,0.0,0.0521,0.0,0.0133,0.0,0.0,0.0,0.0,0.0,0.0,200.0,0.0,0.0,,,,,-60.0,25.0,,,,,,,,1,0,0,47100.0,0,0,0,0,0,0,0,0,0,1,4600.0,4.9052367,4.905236721038818,29.14833333333333,29.14833333333333,46.489697,46.48969650268555,51.31533333333333,51.31533333333333,0.0,0.0,3.6849999999999996,3.6849999999999996
0.06,0.29,1.68,0.017,0.019,0.0,0.0,0.02,0.01,0.28,0.0,0.0,0.0521,0.0,0.0133,0.0,0.0,0.0,0.0,0.0,0.0,200.0,0.0,0.0,,,,,-40.0,38.0,,,,,,,,1,0,0,47100.0,0,0,0,0,0,0,0,0,0,1,4600.0,4.9052367,4.905236721038818,29.14833333333333,29.14833333333333,46.489697,46.48969650268555,51.31533333333333,51.31533333333333,0.0,0.0,3.6849999999999996,3.6849999999999996
0.06,0.29,1.68,0.017,0.019,0.0,0.0,0.02,0.01,0.28,0.0,0.0,0.0521,0.0,0.0133,0.0,0.0,0.0,0.0,0.0,0.0,200.0,0.0,0.0,,,,,-20.0,76.0,,,,,,,,1,0,0,47100.0,0,0,0,0,0,0,0,0,0,1,4600.0,4.9052367,4.905236721038818,29.14833333333333,29.14833333333333,46.489697,46.48969650268555,51.31533333333333,51.31533333333333,0.0,0.0,3.6849999999999996,3.6849999999999996
0.06,0.29,1.68,0.017,0.019,0.0,0.0,0.02,0.01,0.28,0.0,0.0,0.0521,0.0,0.0133,0.0,0.0,0.0,0.0,0.0,0.0,200.0,0.0,0.0,,,,,0.0,105.0,,,,,,,,1,0,0,47100.0,0,0,0,0,0,0,0,0,0,1,4600.0,4.9052367,4.905236721038818,29.14833333333333,29.14833333333333,46.489697,46.48969650268555,51.31533333333333,51.31533333333333,0.0,0.0,3.6849999999999996,3.6849999999999996
0.08,0.31,1.67,0.017,0.017,0.0,0.0,0.03,0.01,0.25,0.0,0.0,0.0502,0.0,0.0082,0.0,0.0,0.0,0.0,0.0,0.0,200.0,0.0,0.0,391.0,522.0,30.0,64.0,,,144.2493120343627,,,,,,,1,0,0,47100.0,0,0,0,0,0,0,0,0,0,1,4600.0,4.6247478,4.6247477531433105,32.05833333333333,32.05833333333333,54.951843,54.95184326171875,31.16,31.16,0.0,0.0,4.337380952380951,4.337380952380951
0.08,0.31,1.67,0.017,0.017,0.0,0.0,0.03,0.01,0.25,0.0,0.0,0.0502,0.0,0.0082,0.0,0.0,0.0,0.0,0.0,0.0,200.0,0.0,0.0,,,,,-60.0,39.0,,,,,,,,1,0,0,47100.0,0,0,0,0,0,0,0,0,0,1,4600.0,4.6247478,4.6247477531433105,32.05833333333333,32.05833333333333,54.951843,54.95184326171875,31.16,31.16,0.0,0.0,4.337380952380951,4.337380952380951
0.08,0.31,1.67,0.017,0.017,0.0,0.0,0.03,0.01,0.25,0.0,0.0,0.0502,0.0,0.0082,0.0,0.0,0.0,0.0,0.0,0.0,200.0,0.0,0.0,,,,,-50.0,43.0,,,,,,,,1,0,0,47100.0,0,0,0,0,0,0,0,0,0,1,4600.0,4.6247478,4.6247477531433105,32.05833333333333,32.05833333333333,54.951843,54.95184326171875,31.16,31.16,0.0,0.0,4.337380952380951,4.337380952380951
0.08,0.31,1.67,0.017,0.017,0.0,0.0,0.03,0.01,0.25,0.0,0.0,0.0502,0.0,0.0082,0.0,0.0,0.0,0.0,0.0,0.0,200.0,0.0,0.0,,,,,-20.0,95.0,,,,,,,,1,0,0,47100.0,0,0,0,0,0,0,0,0,0,1,4600.0,4.6247478,4.6247477531433105,32.05833333333333,32.05833333333333,54.951843,54.95184326171875,31.16,31.16,0.0,0.0,4.337380952380951,4.337380952380951
0.08,0.31,1.67,0.017,0.017,0.0,0.0,0.03,0.01,0.25,0.0,0.0,0.0502,0.0,0.0082,0.0,0.0,0.0,0.0,0.0,0.0,200.0,0.0,0.0,,,,,0.0,114.0,,,,,,,,1,0,0,47100.0,0,0,0,0,0,0,0,0,0,1,4600.0,4.6247478,4.6247477531433105,32.05833333333333,32.05833333333333,54.951843,54.95184326171875,31.16,31.16,0.0,0.0,4.337380952380951,4.337380952380951
0.086,0.28,1.68,0.023,0.02,0.0,0.0,0.01,0.01,0.23,0.0,0.0,0.0487,0.0,0.0077,0.0,0.0,0.0,0.0,0.0,0.0,200.0,0.0,0.0,389.0,564.0,28.0,69.0,,,150.52102125324805,,,,,,,1,0,0,47100.0,0,0,0,0,0,0,0,0,0,1,4600.0,0.103726484,0.10372648388147354,37.08166666666666,37.08166666666666,54.951843,54.95184326171875,20.73,20.73,0.0,0.0,4.109380952380951,4.109380952380951
0.086,0.28,1.68,0.023,0.02,0.0,0.0,0.01,0.01,0.23,0.0,0.0,0.0487,0.0,0.0077,0.0,0.0,0.0,0.0,0.0,0.0,200.0,0.0,0.0,,,,,-60.0,38.0,,,,,,,,1,0,0,47100.0,0,0,0,0,0,0,0,0,0,1,4600.0,0.103726484,0.10372648388147354,37.08166666666666,37.08166666666666,54.951843,54.95184326171875,20.73,20.73,0.0,0.0,4.109380952380951,4.109380952380951
0.086,0.28,1.68,0.023,0.02,0.0,0.0,0.01,0.01,0.23,0.0,0.0,0.0487,0.0,0.0077,0.0,0.0,0.0,0.0,0.0,0.0,200.0,0.0,0.0,,,,,-40.0,51.0,,,,,,,,1,0,0,47100.0,0,0,0,0,0,0,0,0,0,1,4600.0,0.103726484,0.10372648388147354,37.08166666666666,37.08166666666666,54.951843,54.95184326171875,20.73,20.73,0.0,0.0,4.109380952380951,4.109380952380951
0.086,0.28,1.68,0.023,0.02,0.0,0.0,0.01,0.01,0.23,0.0,0.0,0.0487,0.0,0.0077,0.0,0.0,0.0,0.0,0.0,0.0,200.0,0.0,0.0,,,,,-20.0,79.0,,,,,,,,1,0,0,47100.0,0,0,0,0,0,0,0,0,0,1,4600.0,0.103726484,0.10372648388147354,37.08166666666666,37.08166666666666,54.951843,54.95184326171875,20.73,20.73,0.0,0.0,4.109380952380951,4.109380952380951
0.086,0.28,1.68,0.023,0.02,0.0,0.0,0.01,0.01,0.23,0.0,0.0,0.0487,0.0,0.0077,0.0,0.0,0.0,0.0,0.0,0.0,200.0,0.0,0.0,,,,,0.0,102.0,,,,,,,,1,0,0,47100.0,0,0,0,0,0,0,0,0,0,1,4600.0,0.103726484,0.10372648388147354,37.08166666666666,37.08166666666666,54.951843,54.95184326171875,20.73,20.73,0.0,0.0,4.109380952380951,4.109380952380951
0.089,0.42,2.22,0.022,0.025,0.0,0.0,0.02,0.01,0.06,0.0,0.0,0.0466,0.0,0.0082,0.0,0.0,0.0,0.0,0.0,0.0,200.0,0.0,0.0,517.0,672.0,24.0,56.0,,,181.8795673476747,,,,,,,1,0,0,47100.0,0,0,0,0,0,0,0,0,0,1,4600.0,-1.6123343,-1.6123342514038086,36.95166666666667,36.95166666666667,46.836872,46.83687210083008,25.12,25.12,0.0,0.0,4.169547619047617,4.169547619047617
0.089,0.42,2.22,0.022,0.025,0.0,0.0,0.02,0.01,0.06,0.0,0.0,0.0466,0.0,0.0082,0.0,0.0,0.0,0.0,0.0,0.0,200.0,0.0,0.0,,,,,-60.0,16.0,,,,,,,,1,0,0,47100.0,0,0,0,0,0,0,0,0,0,1,4600.0,-1.6123343,-1.6123342514038086,36.95166666666667,36.95166666666667,46.836872,46.83687210083008,25.12,25.12,0.0,0.0,4.169547619047617,4.169547619047617
0.089,0.42,2.22,0.022,0.025,0.0,0.0,0.02,0.01,0.06,0.0,0.0,0.0466,0.0,0.0082,0.0,0.0,0.0,0.0,0.0,0.0,200.0,0.0,0.0,,,,,-40.0,21.0,,,,,,,,1,0,0,47100.0,0,0,0,0,0,0,0,0,0,1,4600.0,-1.6123343,-1.6123342514038086,36.95166666666667,36.95166666666667,46.836872,46.83687210083008,25.12,25.12,0.0,0.0,4.169547619047617,4.169547619047617
0.089,0.42,2.22,0.022,0.025,0.0,0.0,0.02,0.01,0.06,0.0,0.0,0.0466,0.0,0.0082,0.0,0.0,0.0,0.0,0.0,0.0,200.0,0.0,0.0,,,,,-20.0,30.0,,,,,,,,1,0,0,47100.0,0,0,0,0,0,0,0,0,0,1,4600.0,-1.6123343,-1.6123342514038086,36.95166666666667,36.95166666666667,46.836872,46.83687210083008,25.12,25.12,0.0,0.0,4.169547619047617,4.169547619047617
0.089,0.42,2.22,0.022,0.025,0.0,0.0,0.02,0.01,0.06,0.0,0.0,0.0466,0.0,0.0082,0.0,0.0,0.0,0.0,0.0,0.0,200.0,0.0,0.0,,,,,0.0,43.0,,,,,,,,1,0,0,47100.0,0,0,0,0,0,0,0,0,0,1,4600.0,-1.6123343,-1.6123342514038086,36.95166666666667,36.95166666666667,46.836872,46.83687210083008,25.12,25.12,0.0,0.0,4.169547619047617,4.169547619047617
0.08,0.24,1.34,0.023,0.02,0.0,0.0,0.43,0.01,0.15,0.0,0.0,0.0575,0.0,0.0086,0.0,0.0,0.0,0.0,0.0,0.0,200.0,0.0,0.0,554.0,554.0,30.0,67.0,,,140.66547819499965,,,,,,,1,0,0,47100.0,0,0,0,0,0,0,0,0,0,1,4600.0,-30.738659,-30.738658905029297,31.59833333333333,31.59833333333333,57.61513,57.61513137817383,26.87,26.87,0.0,0.0,4.377380952380951,4.377380952380951
0.08,0.24,1.34,0.023,0.02,0.0,0.0,0.43,0.01,0.15,0.0,0.0,0.0575,0.0,0.0086,0.0,0.0,0.0,0.0,0.0,0.0,200.0,0.0,0.0,,,,,-60.0,16.0,,,,,,,,1,0,0,47100.0,0,0,0,0,0,0,0,0,0,1,4600.0,-30.738659,-30.738658905029297,31.59833333333333,31.59833333333333,57.61513,57.61513137817383,26.87,26.87,0.0,0.0,4.377380952380951,4.377380952380951
0.08,0.24,1.34,0.023,0.02,0.0,0.0,0.43,0.01,0.15,0.0,0.0,0.0575,0.0,0.0086,0.0,0.0,0.0,0.0,0.0,0.0,200.0,0.0,0.0,,,,,-40.0,37.0,,,,,,,,1,0,0,47100.0,0,0,0,0,0,0,0,0,0,1,4600.0,-30.738659,-30.738658905029297,31.59833333333333,31.59833333333333,57.61513,57.61513137817383,26.87,26.87,0.0,0.0,4.377380952380951,4.377380952380951
0.08,0.24,1.34,0.023,0.02,0.0,0.0,0.43,0.01,0.15,0.0,0.0,0.0575,0.0,0.0086,0.0,0.0,0.0,0.0,0.0,0.0,200.0,0.0,0.0,,,,,-20.0,67.0,,,,,,,,1,0,0,47100.0,0,0,0,0,0,0,0,0,0,1,4600.0,-30.738659,-30.738658905029297,31.59833333333333,31.59833333333333,57.61513,57.61513137817383,26.87,26.87,0.0,0.0,4.377380952380951,4.377380952380951
0.08,0.24,1.34,0.023,0.02,0.0,0.0,0.43,0.01,0.15,0.0,0.0,0.0575,0.0,0.0086,0.0,0.0,0.0,0.0,0.0,0.0,200.0,0.0,0.0,,,,,0.0,92.0,,,,,,,,1,0,0,47100.0,0,0,0,0,0,0,0,0,0,1,4600.0,-30.738659,-30.738658905029297,31.59833333333333,31.59833333333333,57.61513,57.61513137817383,26.87,26.87,0.0,0.0,4.377380952380951,4.377380952380951
0.095,0.45,1.88,0.02,0.022,0.0,0.0,0.44,0.01,0.26,0.0,0.0,0.0425,0.0,0.0084,0.0,0.0,0.0,0.0,0.0,0.0,200.0,0.0,0.0,747.0,747.0,25.0,62.0,,,155.89677201229262,,,,,,,1,0,0,47100.0,0,0,0,0,0,0,0,0,0,1,4600.0,-35.914104,-35.91410446166992,33.98166666666666,33.98166666666666,31.446514,31.446514129638672,40.71,40.71,0.0,0.0,2.588309523809524,2.588309523809524
0.095,0.45,1.88,0.02,0.022,0.0,0.0,0.44,0.01,0.26,0.0,0.0,0.0425,0.0,0.0084,0.0,0.0,0.0,0.0,0.0,0.0,200.0,0.0,0.0,,,,,-60.0,10.0,,,,,,,,1,0,0,47100.0,0,0,0,0,0,0,0,0,0,1,4600.0,-35.914104,-35.91410446166992,33.98166666666666,33.98166666666666,31.446514,31.446514129638672,40.71,40.71,0.0,0.0,2.588309523809524,2.588309523809524
0.095,0.45,1.88,0.02,0.022,0.0,0.0,0.44,0.01,0.26,0.0,0.0,0.0425,0.0,0.0084,0.0,0.0,0.0,0.0,0.0,0.0,200.0,0.0,0.0,,,,,-40.0,17.0,,,,,,,,1,0,0,47100.0,0,0,0,0,0,0,0,0,0,1,4600.0,-35.914104,-35.91410446166992,33.98166666666666,33.98166666666666,31.446514,31.446514129638672,40.71,40.71,0.0,0.0,2.588309523809524,2.588309523809524
0.095,0.45,1.88,0.02,0.022,0.0,0.0,0.44,0.01,0.26,0.0,0.0,0.0425,0.0,0.0084,0.0,0.0,0.0,0.0,0.0,0.0,200.0,0.0,0.0,,,,,-20.0,32.0,,,,,,,,1,0,0,47100.0,0,0,0,0,0,0,0,0,0,1,4600.0,-35.914104,-35.91410446166992,33.98166666666666,33.98166666666666,31.446514,31.446514129638672,40.71,40.71,0.0,0.0,2.588309523809524,2.588309523809524
0.095,0.45,1.88,0.02,0.022,0.0,0.0,0.44,0.01,0.26,0.0,0.0,0.0425,0.0,0.0084,0.0,0.0,0.0,0.0,0.0,0.0,200.0,0.0,0.0,,,,,0.0,41.0,,,,,,,,1,0,0,47100.0,0,0,0,0,0,0,0,0,0,1,4600.0,-35.914104,-35.91410446166992,33.98166666666666,33.98166666666666,31.446514,31.446514129638672,40.71,40.71,0.0,0.0,2.588309523809524,2.588309523809524
0.074,0.16,0.84,0.015,0.026,0.0,0.0,0.02,0.004,0.28,0.0,0.0,0.0415,0.0,0.0084,0.0,0.0,0.0,0.0,0.0,0.0,200.0,0.0,0.0,352.0,459.0,36.0,72.0,,,129.01801821706977,,,,,,,1,0,0,45150.0,0,0,0,0,0,0,0,0,0,1,4400.0,17.137678,17.137678146362305,23.408333333333335,23.408333333333335,51.225315,51.22531509399414,23.2,23.2,0.0,0.0,2.5103095238095245,2.5103095238095245
0.074,0.16,0.84,0.015,0.026,0.0,0.0,0.02,0.004,0.28,0.0,0.0,0.0415,0.0,0.0084,0.0,0.0,0.0,0.0,0.0,0.0,200.0,0.0,0.0,,,,,-60.0,95.0,,,,,,,,1,0,0,45150.0,0,0,0,0,0,0,0,0,0,1,4400.0,17.137678,17.137678146362305,23.408333333333335,23.408333333333335,51.225315,51.22531509399414,23.2,23.2,0.0,0.0,2.5103095238095245,2.5103095238095245
0.074,0.16,0.84,0.015,0.026,0.0,0.0,0.02,0.004,0.28,0.0,0.0,0.0415,0.0,0.0084,0.0,0.0,0.0,0.0,0.0,0.0,200.0,0.0,0.0,,,,,-40.0,139.0,,,,,,,,1,0,0,45150.0,0,0,0,0,0,0,0,0,0,1,4400.0,17.137678,17.137678146362305,23.408333333333335,23.408333333333335,51.225315,51.22531509399414,23.2,23.2,0.0,0.0,2.5103095238095245,2.5103095238095245
0.074,0.16,0.84,0.015,0.026,0.0,0.0,0.02,0.004,0.28,0.0,0.0,0.0415,0.0,0.0084,0.0,0.0,0.0,0.0,0.0,0.0,200.0,0.0,0.0,,,,,-20.0,148.0,,,,,,,,1,0,0,45150.0,0,0,0,0,0,0,0,0,0,1,4400.0,17.137678,17.137678146362305,23.408333333333335,23.408333333333335,51.225315,51.22531509399414,23.2,23.2,0.0,0.0,2.5103095238095245,2.5103095238095245
0.074,0.16,0.84,0.015,0.026,0.0,0.0,0.02,0.004,0.28,0.0,0.0,0.0415,0.0,0.0084,0.0,0.0,0.0,0.0,0.0,0.0,200.0,0.0,0.0,,,,,0.0,150.0,,,,,,,,1,0,0,45150.0,0,0,0,0,0,0,0,0,0,1,4400.0,17.137678,17.137678146362305,23.408333333333335,23.408333333333335,51.225315,51.22531509399414,23.2,23.2,0.0,0.0,2.5103095238095245,2.5103095238095245
0.082,0.18,0.75,0.014,0.02,0.0,0.0,0.02,0.005,0.22,0.0,0.0,0.0381,0.0,0.0109,0.0,0.0,0.0,0.0,0.0,0.0,200.0,0.0,0.0,349.0,456.0,36.0,72.0,,,129.01801821706977,,,,,,,1,0,0,45150.0,0,0,0,0,0,0,0,0,0,1,4400.0,11.876448,11.876447677612305,27.90666666666667,27.90666666666667,53.067837,53.06783676147461,24.58,24.58,0.0,0.0,3.6411349206349195,3.6411349206349195
0.082,0.18,0.75,0.014,0.02,0.0,0.0,0.02,0.005,0.22,0.0,0.0,0.0381,0.0,0.0109,0.0,0.0,0.0,0.0,0.0,0.0,200.0,0.0,0.0,,,,,-60.0,67.0,,,,,,,,1,0,0,45150.0,0,0,0,0,0,0,0,0,0,1,4400.0,11.876448,11.876447677612305,27.90666666666667,27.90666666666667,53.067837,53.06783676147461,24.58,24.58,0.0,0.0,3.6411349206349195,3.6411349206349195
0.082,0.18,0.75,0.014,0.02,0.0,0.0,0.02,0.005,0.22,0.0,0.0,0.0381,0.0,0.0109,0.0,0.0,0.0,0.0,0.0,0.0,200.0,0.0,0.0,,,,,-50.0,117.0,,,,,,,,1,0,0,45150.0,0,0,0,0,0,0,0,0,0,1,4400.0,11.876448,11.876447677612305,27.90666666666667,27.90666666666667,53.067837,53.06783676147461,24.58,24.58,0.0,0.0,3.6411349206349195,3.6411349206349195
0.082,0.18,0.75,0.014,0.02,0.0,0.0,0.02,0.005,0.22,0.0,0.0,0.0381,0.0,0.0109,0.0,0.0,0.0,0.0,0.0,0.0,200.0,0.0,0.0,,,,,-20.0,134.0,,,,,,,,1,0,0,45150.0,0,0,0,0,0,0,0,0,0,1,4400.0,11.876448,11.876447677612305,27.90666666666667,27.90666666666667,53.067837,53.06783676147461,24.58,24.58,0.0,0.0,3.6411349206349195,3.6411349206349195
0.082,0.18,0.75,0.014,0.02,0.0,0.0,0.02,0.005,0.22,0.0,0.0,0.0381,0.0,0.0109,0.0,0.0,0.0,0.0,0.0,0.0,200.0,0.0,0.0,,,,,0.0,155.0,,,,,,,,1,0,0,45150.0,0,0,0,0,0,0,0,0,0,1,4400.0,11.876448,11.876447677612305,27.90666666666667,27.90666666666667,53.067837,53.06783676147461,24.58,24.58,0.0,0.0,3.6411349206349195,3.6411349206349195
0.07,0.16,1.17,0.013,0.02,0.0,0.0,0.02,0.01,0.26,0.0,0.0,0.0368,0.0,0.0108,0.0,0.0,0.0,0.0,0.0,0.0,200.0,0.0,0.0,350.0,462.0,24.0,76.0,,,128.12205975722898,,,,,,,1,0,0,45150.0,0,0,0,0,0,0,0,0,0,1,4400.0,9.090614,9.090614318847656,23.193333333333335,23.193333333333335,50.98372,50.98371887207031,28.89,28.89,0.0,0.0,2.160420634920635,2.160420634920635
0.07,0.16,1.17,0.013,0.02,0.0,0.0,0.02,0.01,0.26,0.0,0.0,0.0368,0.0,0.0108,0.0,0.0,0.0,0.0,0.0,0.0,200.0,0.0,0.0,,,,,-60.0,110.0,,,,,,,,1,0,0,45150.0,0,0,0,0,0,0,0,0,0,1,4400.0,9.090614,9.090614318847656,23.193333333333335,23.193333333333335,50.98372,50.98371887207031,28.89,28.89,0.0,0.0,2.160420634920635,2.160420634920635
0.07,0.16,1.17,0.013,0.02,0.0,0.0,0.02,0.01,0.26,0.0,0.0,0.0368,0.0,0.0108,0.0,0.0,0.0,0.0,0.0,0.0,200.0,0.0,0.0,,,,,-40.0,145.0,,,,,,,,1,0,0,45150.0,0,0,0,0,0,0,0,0,0,1,4400.0,9.090614,9.090614318847656,23.193333333333335,23.193333333333335,50.98372,50.98371887207031,28.89,28.89,0.0,0.0,2.160420634920635,2.160420634920635
0.07,0.16,1.17,0.013,0.02,0.0,0.0,0.02,0.01,0.26,0.0,0.0,0.0368,0.0,0.0108,0.0,0.0,0.0,0.0,0.0,0.0,200.0,0.0,0.0,,,,,-20.0,168.0,,,,,,,,1,0,0,45150.0,0,0,0,0,0,0,0,0,0,1,4400.0,9.090614,9.090614318847656,23.193333333333335,23.193333333333335,50.98372,50.98371887207031,28.89,28.89,0.0,0.0,2.160420634920635,2.160420634920635
0.07,0.16,1.17,0.013,0.02,0.0,0.0,0.02,0.01,0.26,0.0,0.0,0.0368,0.0,0.0108,0.0,0.0,0.0,0.0,0.0,0.0,200.0,0.0,0.0,,,,,0.0,180.0,,,,,,,,1,0,0,45150.0,0,0,0,0,0,0,0,0,0,1,4400.0,9.090614,9.090614318847656,23.193333333333335,23.193333333333335,50.98372,50.98371887207031,28.89,28.89,0.0,0.0,2.160420634920635,2.160420634920635
0.11,0.16,1.09,0.012,0.018,0.0,0.0,0.03,0.01,0.24,0.0,0.0,0.0353,0.0,0.0078,0.0,0.0,0.0,0.0,0.0,0.0,200.0,0.0,0.0,376.0,484.0,32.0,74.0,,,137.97760281547738,,,,,,,1,0,0,45150.0,0,0,0,0,0,0,0,0,0,1,4400.0,8.340626,8.340625762939453,29.486666666666665,29.486666666666665,53.090836,53.09083557128906,25.41,25.41,0.0,0.0,2.378166666666667,2.378166666666667
0.11,0.16,1.09,0.012,0.018,0.0,0.0,0.03,0.01,0.24,0.0,0.0,0.0353,0.0,0.0078,0.0,0.0,0.0,0.0,0.0,0.0,200.0,0.0,0.0,,,,,-60.0,15.0,,,,,,,,1,0,0,45150.0,0,0,0,0,0,0,0,0,0,1,4400.0,8.340626,8.340625762939453,29.486666666666665,29.486666666666665,53.090836,53.09083557128906,25.41,25.41,0.0,0.0,2.378166666666667,2.378166666666667
0.11,0.16,1.09,0.012,0.018,0.0,0.0,0.03,0.01,0.24,0.0,0.0,0.0353,0.0,0.0078,0.0,0.0,0.0,0.0,0.0,0.0,200.0,0.0,0.0,,,,,-60.0,22.0,,,,,,,,1,0,0,45150.0,0,0,0,0,0,0,0,0,0,1,4400.0,8.340626,8.340625762939453,29.486666666666665,29.486666666666665,53.090836,53.09083557128906,25.41,25.41,0.0,0.0,2.378166666666667,2.378166666666667
0.11,0.16,1.09,0.012,0.018,0.0,0.0,0.03,0.01,0.24,0.0,0.0,0.0353,0.0,0.0078,0.0,0.0,0.0,0.0,0.0,0.0,200.0,0.0,0.0,,,,,-20.0,134.0,,,,,,,,1,0,0,45150.0,0,0,0,0,0,0,0,0,0,1,4400.0,8.340626,8.340625762939453,29.486666666666665,29.486666666666665,53.090836,53.09083557128906,25.41,25.41,0.0,0.0,2.378166666666667,2.378166666666667
0.11,0.16,1.09,0.012,0.018,0.0,0.0,0.03,0.01,0.24,0.0,0.0,0.0353,0.0,0.0078,0.0,0.0,0.0,0.0,0.0,0.0,200.0,0.0,0.0,,,,,0.0,138.0,,,,,,,,1,0,0,45150.0,0,0,0,0,0,0,0,0,0,1,4400.0,8.340626,8.340625762939453,29.486666666666665,29.486666666666665,53.090836,53.09083557128906,25.41,25.41,0.0,0.0,2.378166666666667,2.378166666666667
0.098,0.18,1.29,0.017,0.017,0.0,0.0,0.01,0.01,0.21,0.0,0.0,0.0337,0.0,0.0061,0.0,0.0,0.0,0.0,0.0,0.0,200.0,0.0,0.0,359.0,503.0,28.0,72.0,,,137.97760281547738,,,,,,,1,0,0,45150.0,0,0,0,0,0,0,0,0,0,1,4400.0,2.4167192,2.4167191982269287,29.736666666666665,29.736666666666665,52.898605,52.89860534667969,23.57,23.57,0.0,0.0,2.2747142857142864,2.2747142857142864
0.098,0.18,1.29,0.017,0.017,0.0,0.0,0.01,0.01,0.21,0.0,0.0,0.0337,0.0,0.0061,0.0,0.0,0.0,0.0,0.0,0.0,200.0,0.0,0.0,,,,,-60.0,59.0,,,,,,,,1,0,0,45150.0,0,0,0,0,0,0,0,0,0,1,4400.0,2.4167192,2.4167191982269287,29.736666666666665,29.736666666666665,52.898605,52.89860534667969,23.57,23.57,0.0,0.0,2.2747142857142864,2.2747142857142864
0.098,0.18,1.29,0.017,0.017,0.0,0.0,0.01,0.01,0.21,0.0,0.0,0.0337,0.0,0.0061,0.0,0.0,0.0,0.0,0.0,0.0,200.0,0.0,0.0,,,,,-40.0,95.0,,,,,,,,1,0,0,45150.0,0,0,0,0,0,0,0,0,0,1,4400.0,2.4167192,2.4167191982269287,29.736666666666665,29.736666666666665,52.898605,52.89860534667969,23.57,23.57,0.0,0.0,2.2747142857142864,2.2747142857142864
0.098,0.18,1.29,0.017,0.017,0.0,0.0,0.01,0.01,0.21,0.0,0.0,0.0337,0.0,0.0061,0.0,0.0,0.0,0.0,0.0,0.0,200.0,0.0,0.0,,,,,-20.0,128.0,,,,,,,,1,0,0,45150.0,0,0,0,0,0,0,0,0,0,1,4400.0,2.4167192,2.4167191982269287,29.736666666666665,29.736666666666665,52.898605,52.89860534667969,23.57,23.57,0.0,0.0,2.2747142857142864,2.2747142857142864
0.098,0.18,1.29,0.017,0.017,0.0,0.0,0.01,0.01,0.21,0.0,0.0,0.0337,0.0,0.0061,0.0,0.0,0.0,0.0,0.0,0.0,200.0,0.0,0.0,,,,,0.0,144.0,,,,,,,,1,0,0,45150.0,0,0,0,0,0,0,0,0,0,1,4400.0,2.4167192,2.4167191982269287,29.736666666666665,29.736666666666665,52.898605,52.89860534667969,23.57,23.57,0.0,0.0,2.2747142857142864,2.2747142857142864
0.1,0.24,1.91,0.016,0.016,0.0,0.0,0.02,0.01,0.05,0.0,0.0,0.0228,0.0,0.0074,0.0,0.0,0.0,0.0,0.0,0.0,200.0,0.0,0.0,376.0,553.0,33.0,70.0,,,152.31293817292956,,,,,,,1,0,0,45150.0,0,0,0,0,0,0,0,0,0,1,4400.0,1.9707649,1.9707648754119873,30.616666666666664,30.616666666666664,31.47226,31.472259521484375,39.4,39.4,0.0,0.0,2.4347142857142865,2.4347142857142865
0.1,0.24,1.91,0.016,0.016,0.0,0.0,0.02,0.01,0.05,0.0,0.0,0.0228,0.0,0.0074,0.0,0.0,0.0,0.0,0.0,0.0,200.0,0.0,0.0,,,,,-60.0,30.0,,,,,,,,1,0,0,45150.0,0,0,0,0,0,0,0,0,0,1,4400.0,1.9707649,1.9707648754119873,30.616666666666664,30.616666666666664,31.47226,31.472259521484375,39.4,39.4,0.0,0.0,2.4347142857142865,2.4347142857142865
0.1,0.24,1.91,0.016,0.016,0.0,0.0,0.02,0.01,0.05,0.0,0.0,0.0228,0.0,0.0074,0.0,0.0,0.0,0.0,0.0,0.0,200.0,0.0,0.0,,,,,-40.0,78.0,,,,,,,,1,0,0,45150.0,0,0,0,0,0,0,0,0,0,1,4400.0,1.9707649,1.9707648754119873,30.616666666666664,30.616666666666664,31.47226,31.472259521484375,39.4,39.4,0.0,0.0,2.4347142857142865,2.4347142857142865
0.1,0.24,1.91,0.016,0.016,0.0,0.0,0.02,0.01,0.05,0.0,0.0,0.0228,0.0,0.0074,0.0,0.0,0.0,0.0,0.0,0.0,200.0,0.0,0.0,,,,,-20.0,91.0,,,,,,,,1,0,0,45150.0,0,0,0,0,0,0,0,0,0,1,4400.0,1.9707649,1.9707648754119873,30.616666666666664,30.616666666666664,31.47226,31.472259521484375,39.4,39.4,0.0,0.0,2.4347142857142865,2.4347142857142865
0.1,0.24,1.91,0.016,0.016,0.0,0.0,0.02,0.01,0.05,0.0,0.0,0.0228,0.0,0.0074,0.0,0.0,0.0,0.0,0.0,0.0,200.0,0.0,0.0,,,,,0.0,122.0,,,,,,,,1,0,0,45150.0,0,0,0,0,0,0,0,0,0,1,4400.0,1.9707649,1.9707648754119873,30.616666666666664,30.616666666666664,31.47226,31.472259521484375,39.4,39.4,0.0,0.0,2.4347142857142865,2.4347142857142865
0.096,0.13,0.73,0.018,0.022,0.0,0.0,0.43,0.01,0.14,0.0,0.0,0.0373,0.0,0.0081,0.0,0.0,0.0,0.0,0.0,0.0,200.0,0.0,0.0,353.0,491.0,32.0,67.0,,,140.66547819499965,,,,,,,1,0,0,45150.0,0,0,0,0,0,0,0,0,0,1,4400.0,-14.550427,-14.550427436828613,28.076666666666664,28.076666666666664,52.994415,52.994415283203125,25.95,25.95,0.0,0.0,2.6698333333333335,2.6698333333333335
0.096,0.13,0.73,0.018,0.022,0.0,0.0,0.43,0.01,0.14,0.0,0.0,0.0373,0.0,0.0081,0.0,0.0,0.0,0.0,0.0,0.0,200.0,0.0,0.0,,,,,-60.0,14.0,,,,,,,,1,0,0,45150.0,0,0,0,0,0,0,0,0,0,1,4400.0,-14.550427,-14.550427436828613,28.076666666666664,28.076666666666664,52.994415,52.994415283203125,25.95,25.95,0.0,0.0,2.6698333333333335,2.6698333333333335
0.096,0.13,0.73,0.018,0.022,0.0,0.0,0.43,0.01,0.14,0.0,0.0,0.0373,0.0,0.0081,0.0,0.0,0.0,0.0,0.0,0.0,200.0,0.0,0.0,,,,,-40.0,72.0,,,,,,,,1,0,0,45150.0,0,0,0,0,0,0,0,0,0,1,4400.0,-14.550427,-14.550427436828613,28.076666666666664,28.076666666666664,52.994415,52.994415283203125,25.95,25.95,0.0,0.0,2.6698333333333335,2.6698333333333335
0.096,0.13,0.73,0.018,0.022,0.0,0.0,0.43,0.01,0.14,0.0,0.0,0.0373,0.0,0.0081,0.0,0.0,0.0,0.0,0.0,0.0,200.0,0.0,0.0,,,,,-20.0,111.0,,,,,,,,1,0,0,45150.0,0,0,0,0,0,0,0,0,0,1,4400.0,-14.550427,-14.550427436828613,28.076666666666664,28.076666666666664,52.994415,52.994415283203125,25.95,25.95,0.0,0.0,2.6698333333333335,2.6698333333333335
0.096,0.13,0.73,0.018,0.022,0.0,0.0,0.43,0.01,0.14,0.0,0.0,0.0373,0.0,0.0081,0.0,0.0,0.0,0.0,0.0,0.0,200.0,0.0,0.0,,,,,0.0,135.0,,,,,,,,1,0,0,45150.0,0,0,0,0,0,0,0,0,0,1,4400.0,-14.550427,-14.550427436828613,28.076666666666664,28.076666666666664,52.994415,52.994415283203125,25.95,25.95,0.0,0.0,2.6698333333333335,2.6698333333333335
0.12,0.27,1.46,0.014,0.026,0.0,0.0,0.48,0.01,0.3,0.0,0.0,0.0365,0.0,0.0077,0.0,0.0,0.0,0.0,0.0,0.0,200.0,0.0,0.0,689.0,689.0,34.0,69.0,,,181.8795673476747,,,,,,,1,0,0,45150.0,0,0,0,0,0,0,0,0,0,1,4400.0,-29.947168,-29.947168350219727,30.506666666666664,30.506666666666664,39.59527,39.59526824951172,36.53,36.53,0.0,0.0,2.478880952380953,2.478880952380953
0.12,0.27,1.46,0.014,0.026,0.0,0.0,0.48,0.01,0.3,0.0,0.0,0.0365,0.0,0.0077,0.0,0.0,0.0,0.0,0.0,0.0,200.0,0.0,0.0,,,,,-60.0,41.0,,,,,,,,1,0,0,45150.0,0,0,0,0,0,0,0,0,0,1,4400.0,-29.947168,-29.947168350219727,30.506666666666664,30.506666666666664,39.59527,39.59526824951172,36.53,36.53,0.0,0.0,2.478880952380953,2.478880952380953
0.12,0.27,1.46,0.014,0.026,0.0,0.0,0.48,0.01,0.3,0.0,0.0,0.0365,0.0,0.0077,0.0,0.0,0.0,0.0,0.0,0.0,200.0,0.0,0.0,,,,,-20.0,78.0,,,,,,,,1,0,0,45150.0,0,0,0,0,0,0,0,0,0,1,4400.0,-29.947168,-29.947168350219727,30.506666666666664,30.506666666666664,39.59527,39.59526824951172,36.53,36.53,0.0,0.0,2.478880952380953,2.478880952380953
0.12,0.27,1.46,0.014,0.026,0.0,0.0,0.48,0.01,0.3,0.0,0.0,0.0365,0.0,0.0077,0.0,0.0,0.0,0.0,0.0,0.0,200.0,0.0,0.0,,,,,0.0,113.0,,,,,,,,1,0,0,45150.0,0,0,0,0,0,0,0,0,0,1,4400.0,-29.947168,-29.947168350219727,30.506666666666664,30.506666666666664,39.59527,39.59526824951172,36.53,36.53,0.0,0.0,2.478880952380953,2.478880952380953
0.094,0.31,1.32,0.009,0.017,0.05,0.04,0.01,0.01,0.11,0.0,0.0,0.0233,0.01,0.0095,0.014,0.001,0.01,0.01,0.01,0.01,100.0,0.0,0.0,429.0,537.0,22.0,75.0,-15.0,70.0,,-10.0,,,,,,1,0,0,15400.0,0,0,0,0,0,0,1,0,0,0,3600.0,-10.013973,-10.0,11.75,11.75,19.502104,19.502103805541992,41.47875,41.47875,15.6,15.6,1.3221825396825395,1.3221825396825395
0.11,0.36,1.61,0.017,0.03,0.06,0.052,0.02,0.01,0.12,0.0,0.0,0.0305,0.01,0.0095,0.014,0.001,0.02,0.01,0.01,0.01,100.0,0.0,0.0,542.0,625.0,19.0,64.0,-7.0,70.0,,-10.0,,,,,,1,0,0,15400.0,0,0,0,0,0,0,1,0,0,0,3600.0,-4.13028,-10.0,12.09,12.09,20.482359,20.482358932495117,42.9,42.9,15.6,15.6,1.3021825396825395,1.3021825396825395
0.1,0.28,1.42,0.011,0.024,0.09,0.08,0.04,0.01,0.15,0.0,0.0,0.043,0.01,0.015,0.015,0.001,0.03,0.02,0.02,0.02,100.0,0.0,0.0,493.0,618.0,18.0,75.0,-6.0,70.0,,-10.0,,,,,,1,0,0,15400.0,0,0,0,0,0,0,1,0,0,0,3600.0,-10.002646,-10.0,12.065,12.065,21.773815,21.773815155029297,43.64,43.64,15.6,15.6,1.190015873015873,1.190015873015873
0.08,0.25,1.35,0.009,0.017,0.09,0.07,0.01,0.01,0.14,0.0,0.0,0.0392,0.01,0.0122,0.012,0.001,0.02,0.01,0.01,0.01,100.0,0.0,0.0,547.0,635.0,15.0,66.0,-18.0,70.0,,-15.0,,,,,,1,0,0,15400.0,0,0,0,0,0,0,1,0,0,0,3600.0,-14.9862385,-15.0,10.19,10.19,22.716228,22.716228485107422,54.4,54.4,15.6,15.6,1.3321825396825395,1.3321825396825395
0.1,0.31,1.37,0.02,0.028,0.08,0.06,0.02,0.01,0.15,0.0,0.0,0.0336,0.01,0.0099,0.013,0.001,0.03,0.02,0.01,0.01,100.0,0.0,0.0,498.0,621.0,16.0,70.0,16.0,70.0,,5.0,,,,,,1,0,0,15400.0,0,0,0,0,0,0,1,0,0,0,3600.0,5.001936,5.0,10.76,10.76,20.936047,20.936046600341797,42.64,42.64,15.6,15.6,1.3221825396825395,1.3221825396825395
0.076,0.28,1.27,0.012,0.02,0.1,0.06,0.01,0.01,0.15,0.0,0.0,0.0435,0.01,0.0121,0.016,0.001,0.03,0.02,0.01,0.01,100.0,0.0,0.0,503.0,625.0,17.0,72.0,-5.0,70.0,,-10.0,,,,,,1,0,0,15400.0,0,0,0,0,0,0,1,0,0,0,3600.0,-9.998441,-10.0,10.496666666666668,10.496666666666668,57.66783,57.66783142089844,35.6,35.6,15.6,15.6,1.190015873015873,1.190015873015873
0.094,0.18,1.05,0.013,0.017,0.1,0.05,0.01,0.01,0.11,0.0,0.0,0.0511,0.01,0.01,0.005,0.001,0.01,0.01,0.01,0.01,100.0,0.0,0.0,380.0,486.0,22.0,75.0,1.0,70.0,,5.0,,,,,,1,0,0,15400.0,0,0,0,0,0,0,1,0,0,0,3600.0,5.005362,5.0,11.69,11.69,66.31599,66.31598663330078,29.12,29.12,15.6,15.6,3.0833650793650786,3.0833650793650786
0.094,0.16,1.01,0.018,0.026,0.13,0.05,0.01,0.01,0.11,0.0,0.0,0.0569,0.01,0.0102,0.005,0.001,0.01,0.01,0.01,0.01,100.0,0.0,0.0,402.0,498.0,18.0,70.0,7.0,70.0,,0.0,,,,,,1,0,0,15400.0,0,0,0,0,0,0,1,0,0,0,3600.0,11.089447,0.0,11.69,11.69,66.93126,66.93125915527344,27.69,27.69,15.6,15.6,3.095365079365079,3.095365079365079
0.09,0.15,1.18,0.012,0.018,0.13,0.08,0.03,0.01,0.14,0.0,0.0,0.0621,0.01,0.0131,0.005,0.001,0.02,0.01,0.01,0.01,100.0,0.0,0.0,427.0,518.0,18.0,75.0,30.0,70.0,,15.0,,,,,,1,0,0,15400.0,0,0,0,0,0,0,1,0,0,0,3600.0,14.997307,15.0,11.83,11.83,67.88867,67.888671875,28.44,28.44,15.6,15.6,3.009555555555555,3.009555555555555
0.072,0.11,0.85,0.015,0.017,0.14,0.07,0.01,0.01,0.14,0.0,0.0,0.0543,0.01,0.0119,0.005,0.001,0.01,0.01,0.01,0.01,100.0,0.0,0.0,436.0,525.0,15.0,77.0,38.0,70.0,,30.0,,,,,,1,0,0,15400.0,0,0,0,0,0,0,1,0,0,0,3600.0,29.992601,30.0,9.34,9.34,70.11221,70.11221313476562,29.08,29.08,15.6,15.6,2.9498888888888883,2.9498888888888883
0.081,0.16,0.97,0.021,0.024,0.15,0.07,0.02,0.01,0.19,0.0,0.0,0.0584,0.01,0.0095,0.005,0.001,0.02,0.02,0.01,0.01,100.0,0.0,0.0,451.0,545.0,,74.0,12.0,70.0,,10.0,,,,,,1,0,0,15400.0,0,0,0,0,0,0,1,0,0,0,3600.0,9.99754,10.0,11.55,11.55,71.42192,71.42192077636719,27.38,27.38,15.6,15.6,3.1170317460317456,3.1170317460317456
0.076,0.19,1.16,0.02,0.02,0.17,0.07,0.02,0.02,0.17,0.0,0.0,0.0609,0.01,0.0131,0.005,0.001,0.02,0.02,0.02,0.01,100.0,0.0,0.0,441.0,557.0,16.0,69.0,34.0,70.0,,25.0,,,,,,1,0,0,15400.0,0,0,0,0,0,0,1,0,0,0,3600.0,11.355669,25.0,10.66,10.66,67.71384,67.71383666992188,31.13,31.13,15.6,15.6,3.0833650793650786,3.0833650793650786
0.044,0.32,0.62,0.007,0.007,0.0,0.0,0.0,0.0,0.0,0.0,0.0,0.0,0.0,0.0,0.0,0.0,0.0,0.0,0.0,0.0,200.0,250.0,14.0,445.0,496.0,31.0,79.7,,,,,,,,,,1,0,0,,0,0,0,1,0,0,0,0,0,0,600.0,0.8201963,0.820196270942688,26.365,26.365,40.18695,40.18695068359375,41.87,41.87,0.0,0.0,0.095,0.095
0.044,0.32,0.62,0.007,0.007,0.0,0.0,0.0,0.0,0.0,0.0,0.0,0.0,0.0,0.0,0.0,0.0,0.0,0.0,0.0,0.0,200.0,0.0,0.0,,,,,-36.0,100.0,,,,,,,,1,0,0,,0,0,0,1,0,0,0,0,0,0,600.0,0.8201963,0.820196270942688,26.365,26.365,40.18695,40.18695068359375,41.87,41.87,0.0,0.0,0.095,0.095
0.046,0.31,0.96,0.008,0.012,0.0,0.0,0.0,0.0,0.0,0.0,0.0,0.0,0.0,0.0,0.0,0.0,0.0,0.0,0.0,0.0,200.0,250.0,14.0,479.0,527.0,27.8,77.0,,,,,,,,,,1,0,0,,0,0,0,1,0,0,0,0,0,0,600.0,-5.0822206,-5.082220554351807,19.853333333333335,19.853333333333335,50.47736,50.477359771728516,32.96,32.96,0.0,0.0,0.12828571428571428,0.12828571428571428
0.046,0.31,0.96,0.008,0.012,0.0,0.0,0.0,0.0,0.0,0.0,0.0,0.0,0.0,0.0,0.0,0.0,0.0,0.0,0.0,0.0,200.0,0.0,0.0,,,,,-50.0,100.0,,,,,,,,1,0,0,,0,0,0,1,0,0,0,0,0,0,600.0,-5.0822206,-5.082220554351807,18.97,18.97,46.999,46.999000549316406,33.76,33.76,0.0,0.0,0.12828571428571428,0.12828571428571428
0.05,0.38,1.42,0.007,0.009,0.0,0.0,0.0,0.0,0.0,0.0,0.0,0.0,0.0,0.0,0.0,0.0,0.0,0.0,0.0,0.0,200.0,250.0,14.0,511.0,575.0,26.8,78.7,,,,,,,,,,1,0,0,,0,0,0,1,0,0,0,0,0,0,600.0,-17.194448,-17.194448471069336,12.49,12.49,29.099623,29.09962272644043,68.66011528822055,68.66011528822055,0.0,0.0,0.0,0.0
0.05,0.38,1.42,0.007,0.009,0.0,0.0,0.0,0.0,0.0,0.0,0.0,0.0,0.0,0.0,0.0,0.0,0.0,0.0,0.0,0.0,200.0,0.0,0.0,,,,,-47.0,100.0,,,,,,,,1,0,0,,0,0,0,1,0,0,0,0,0,0,600.0,-17.194448,-17.194448471069336,18.363333333333333,18.363333333333333,29.099623,29.09962272644043,68.29011528822055,68.29011528822055,0.0,0.0,0.0,0.0
0.055,0.35,1.93,0.007,0.011,0.0,0.0,0.0,0.0,0.0,0.0,0.0,0.0,0.0,0.0,0.0,0.0,0.0,0.0,0.0,0.0,200.0,250.0,14.0,587.0,633.0,24.2,76.9,,,,,,,,,,1,0,0,,0,0,0,1,0,0,0,0,0,0,600.0,-11.342719,-11.342719078063965,10.15,10.15,19.24626,19.246259689331055,69.83754385964912,69.83754385964912,0.0,0.0,0.0,0.0
0.055,0.35,1.93,0.007,0.011,0.0,0.0,0.0,0.0,0.0,0.0,0.0,0.0,0.0,0.0,0.0,0.0,0.0,0.0,0.0,0.0,200.0,0.0,0.0,,,,,-28.0,100.0,,,,,,,,1,0,0,,0,0,0,1,0,0,0,0,0,0,600.0,-11.342719,-11.342719078063965,10.15,10.15,19.24626,19.246259689331055,69.83754385964912,69.83754385964912,0.0,0.0,0.0,0.0
0.037,0.29,0.6,0.006,0.009,0.0,0.0,0.0,0.0,0.0,0.0,0.0,0.0,0.0,0.0,0.0,0.0,0.0,0.0,0.0,0.0,200.0,250.0,14.0,401.0,466.0,32.0,81.5,,,,,,,,,,1,0,0,,0,0,0,1,0,0,0,0,0,0,1000.0,-14.956226,-14.956226348876953,27.125,27.125,37.793755,37.79375457763672,41.48,41.48,0.0,0.0,0.095,0.095
0.037,0.29,0.6,0.006,0.009,0.0,0.0,0.0,0.0,0.0,0.0,0.0,0.0,0.0,0.0,0.0,0.0,0.0,0.0,0.0,0.0,200.0,0.0,0.0,,,,,-31.0,100.0,,,,,,,,1,0,0,,0,0,0,1,0,0,0,0,0,0,1000.0,-14.956226,-14.956226348876953,27.125,27.125,37.793755,37.79375457763672,41.48,41.48,0.0,0.0,0.095,0.095
0.039,0.29,0.94,0.007,0.011,0.0,0.0,0.0,0.0,0.0,0.0,0.0,0.0,0.0,0.0,0.0,0.0,0.0,0.0,0.0,0.0,200.0,250.0,14.0,438.0,501.0,32.6,80.6,,,,,,,,,,1,0,0,,0,0,0,1,0,0,0,0,0,0,1000.0,-5.059638,-5.059638023376465,22.053333333333335,22.053333333333335,37.688156,37.68815612792969,41.28,41.28,0.0,0.0,0.0,0.0
0.039,0.29,0.94,0.007,0.011,0.0,0.0,0.0,0.0,0.0,0.0,0.0,0.0,0.0,0.0,0.0,0.0,0.0,0.0,0.0,0.0,200.0,0.0,0.0,,,,,-46.0,100.0,,,,,,,,1,0,0,,0,0,0,1,0,0,0,0,0,0,1000.0,-5.059638,-5.059638023376465,21.42,21.42,32.567142,32.567142486572266,42.50666666666666,42.50666666666666,0.0,0.0,0.0,0.0
0.048,0.35,1.41,0.006,0.012,0.0,0.0,0.0,0.0,0.0,0.0,0.0,0.0,0.0,0.0,0.0,0.0,0.0,0.0,0.0,0.0,200.0,250.0,14.0,479.0,551.0,29.8,78.8,,,,,,,,,,1,0,0,,0,0,0,1,0,0,0,0,0,0,1000.0,-37.491024,-37.491024017333984,13.21,13.21,27.93154,27.93153953552246,67.48495655806181,67.48495655806181,0.0,0.0,0.0,0.0
0.048,0.35,1.41,0.006,0.012,0.0,0.0,0.0,0.0,0.0,0.0,0.0,0.0,0.0,0.0,0.0,0.0,0.0,0.0,0.0,0.0,200.0,0.0,0.0,,,,,-54.0,100.0,,,,,,,,1,0,0,,0,0,0,1,0,0,0,0,0,0,1000.0,-37.491024,-37.491024017333984,21.19333333333333,21.19333333333333,27.93154,27.93153953552246,67.09495655806181,67.09495655806181,0.0,0.0,0.0,0.0
0.051,0.32,1.8,0.006,0.012,0.0,0.0,0.0,0.0,0.0,0.0,0.0,0.0,0.0,0.0,0.0,0.0,0.0,0.0,0.0,0.0,200.0,250.0,14.0,507.0,587.0,29.2,76.9,,,,,,,,,,1,0,0,,0,0,0,1,0,0,0,0,0,0,1000.0,-37.491024,-37.491024017333984,8.07,8.07,29.144226,29.14422607421875,67.48128989139515,67.48128989139515,0.0,0.0,0.0,0.0
0.051,0.32,1.8,0.006,0.012,0.0,0.0,0.0,0.0,0.0,0.0,0.0,0.0,0.0,0.0,0.0,0.0,0.0,0.0,0.0,0.0,200.0,0.0,0.0,,,,,-44.0,100.0,,,,,,,,1,0,0,,0,0,0,1,0,0,0,0,0,0,1000.0,-37.491024,-37.491024017333984,7.82,7.82,29.144226,29.14422607421875,67.66328989139515,67.66328989139515,0.0,0.0,0.0,0.0
0.038,0.24,0.55,0.007,0.005,0.0,0.0,0.0,0.0,0.0,0.0,0.0,0.0,0.0,0.0,0.0,0.0,0.0,0.0,0.0,0.0,200.0,250.0,14.0,389.0,457.0,30.0,80.6,,,,,,,,,,1,0,0,,0,0,0,1,0,0,0,0,0,0,2200.0,0.63167316,0.6316731572151184,27.655,27.655,36.76526,36.7652587890625,41.05,41.05,0.0,0.0,0.172,0.172
0.038,0.24,0.55,0.007,0.005,0.0,0.0,0.0,0.0,0.0,0.0,0.0,0.0,0.0,0.0,0.0,0.0,0.0,0.0,0.0,0.0,200.0,0.0,0.0,,,,,-39.0,100.0,,,,,,,,1,0,0,,0,0,0,1,0,0,0,0,0,0,2200.0,0.63167316,0.6316731572151184,27.655,27.655,36.76526,36.7652587890625,41.05,41.05,0.0,0.0,0.172,0.172
0.036,0.24,0.89,0.008,0.01,0.0,0.0,0.0,0.0,0.0,0.0,0.0,0.0,0.0,0.0,0.0,0.0,0.0,0.0,0.0,0.0,200.0,250.0,14.0,400.0,478.0,32.6,80.6,,,,,,,,,,1,0,0,,0,0,0,1,0,0,0,0,0,0,2200.0,-5.725287,-5.725286960601807,22.163333333333334,22.163333333333334,37.31959,37.3195915222168,42.34,42.34,0.0,0.0,0.12828571428571428,0.12828571428571428
0.036,0.24,0.89,0.008,0.01,0.0,0.0,0.0,0.0,0.0,0.0,0.0,0.0,0.0,0.0,0.0,0.0,0.0,0.0,0.0,0.0,200.0,0.0,0.0,,,,,-46.0,100.0,,,,,,,,1,0,0,,0,0,0,1,0,0,0,0,0,0,2200.0,-5.725287,-5.725286960601807,21.39,21.39,32.36338,32.363380432128906,43.52,43.52,0.0,0.0,0.12828571428571428,0.12828571428571428
0.042,0.28,1.37,0.007,0.012,0.0,0.0,0.0,0.0,0.0,0.0,0.0,0.0,0.0,0.0,0.0,0.0,0.0,0.0,0.0,0.0,200.0,250.0,14.0,438.0,518.0,29.8,82.3,,,,,,,,,,1,0,0,,0,0,0,1,0,0,0,0,0,0,2200.0,-11.355382,-11.355381965637207,22.816666666666666,22.816666666666666,24.367107,24.367107391357422,62.78084523809523,62.78084523809523,0.0,0.0,0.08,0.08
0.042,0.28,1.37,0.007,0.012,0.0,0.0,0.0,0.0,0.0,0.0,0.0,0.0,0.0,0.0,0.0,0.0,0.0,0.0,0.0,0.0,200.0,0.0,0.0,,,,,-57.0,100.0,,,,,,,,1,0,0,,0,0,0,1,0,0,0,0,0,0,2200.0,-11.355382,-11.355381965637207,22.05333333333333,22.05333333333333,24.367107,24.367107391357422,62.82084523809524,62.82084523809524,0.0,0.0,0.08,0.08
0.045,0.26,1.69,0.007,0.012,0.0,0.0,0.0,0.0,0.0,0.0,0.0,0.0,0.0,0.0,0.0,0.0,0.0,0.0,0.0,0.0,200.0,250.0,14.0,456.0,548.0,32.0,78.8,,,,,,,,,,1,0,0,,0,0,0,1,0,0,0,0,0,0,2200.0,-11.9801855,-11.980185508728027,21.18333333333333,21.18333333333333,26.6167,26.61669921875,68.21840476190476,68.21840476190476,0.0,0.0,0.0,0.0
0.045,0.26,1.69,0.007,0.012,0.0,0.0,0.0,0.0,0.0,0.0,0.0,0.0,0.0,0.0,0.0,0.0,0.0,0.0,0.0,0.0,200.0,0.0,0.0,,,,,-37.0,100.0,,,,,,,,1,0,0,,0,0,0,1,0,0,0,0,0,0,2200.0,-11.9801855,-11.980185508728027,21.04333333333333,21.04333333333333,26.6167,26.61669921875,67.47340476190476,67.47340476190476,0.0,0.0,0.0,0.0
0.043,0.2,0.52,0.009,0.01,0.0,0.0,0.0,0.0,0.0,0.0,0.0,0.0,0.0,0.0,0.0,0.0,0.0,0.0,0.0,0.0,200.0,250.0,14.0,341.0,453.0,32.6,78.8,,,,,,,,,,1,0,0,,0,0,0,1,0,0,0,0,0,0,4300.0,1.864406,1.8644059896469116,26.965,26.965,37.31959,37.3195915222168,41.06,41.06,0.0,0.0,0.8186190476190477,0.8186190476190477
0.043,0.2,0.52,0.009,0.01,0.0,0.0,0.0,0.0,0.0,0.0,0.0,0.0,0.0,0.0,0.0,0.0,0.0,0.0,0.0,0.0,200.0,0.0,0.0,,,,,-15.0,100.0,,,,,,,,1,0,0,,0,0,0,1,0,0,0,0,0,0,4300.0,1.864406,1.8644059896469116,26.965,26.965,37.31959,37.3195915222168,41.06,41.06,0.0,0.0,0.8186190476190477,0.8186190476190477
0.042,0.2,0.93,0.008,0.011,0.0,0.0,0.0,0.0,0.0,0.0,0.0,0.0,0.0,0.0,0.0,0.0,0.0,0.0,0.0,0.0,200.0,250.0,14.0,376.0,484.0,32.6,78.8,,,,,,,,,,1,0,0,,0,0,0,1,0,0,0,0,0,0,4300.0,-4.014813,-4.01481294631958,20.373333333333335,20.373333333333335,38.33031,38.3303108215332,41.57,41.57,0.0,0.0,0.12828571428571428,0.12828571428571428
0.042,0.2,0.93,0.008,0.011,0.0,0.0,0.0,0.0,0.0,0.0,0.0,0.0,0.0,0.0,0.0,0.0,0.0,0.0,0.0,0.0,200.0,0.0,0.0,,,,,-27.0,100.0,,,,,,,,1,0,0,,0,0,0,1,0,0,0,0,0,0,4300.0,-4.014813,-4.01481294631958,20.373333333333335,20.373333333333335,38.33031,38.3303108215332,41.57,41.57,0.0,0.0,0.12828571428571428,0.12828571428571428
0.043,0.24,1.37,0.008,0.013,0.0,0.0,0.0,0.0,0.0,0.0,0.0,0.0,0.0,0.0,0.0,0.0,0.0,0.0,0.0,0.0,200.0,250.0,14.0,405.0,500.0,31.8,80.6,,,,,,,,,,1,0,0,,0,0,0,1,0,0,0,0,0,0,4300.0,-12.712588,-12.7125883102417,23.01,23.01,25.174063,25.174062728881836,62.10084523809523,62.10084523809523,0.0,0.0,0.12828571428571428,0.12828571428571428
0.043,0.24,1.37,0.008,0.013,0.0,0.0,0.0,0.0,0.0,0.0,0.0,0.0,0.0,0.0,0.0,0.0,0.0,0.0,0.0,0.0,200.0,0.0,0.0,,,,,-27.0,100.0,,,,,,,,1,0,0,,0,0,0,1,0,0,0,0,0,0,4300.0,-12.712588,-12.7125883102417,23.59333333333333,23.59333333333333,25.174063,25.174062728881836,62.22084523809524,62.22084523809524,0.0,0.0,0.20828571428571427,0.20828571428571427
0.047,0.25,1.73,0.007,0.014,0.0,0.0,0.0,0.0,0.0,0.0,0.0,0.0,0.0,0.0,0.0,0.0,0.0,0.0,0.0,0.0,200.0,250.0,14.0,437.0,541.0,30.0,78.8,,,,,,,,,,1,0,0,,0,0,0,1,0,0,0,0,0,0,4300.0,-12.571179,-12.571179389953613,23.38333333333333,23.38333333333333,27.060682,27.06068229675293,65.4397581453634,65.4397581453634,0.0,0.0,0.0,0.0
0.047,0.25,1.73,0.007,0.014,0.0,0.0,0.0,0.0,0.0,0.0,0.0,0.0,0.0,0.0,0.0,0.0,0.0,0.0,0.0,0.0,200.0,0.0,0.0,,,,,-5.0,100.0,,,,,,,,1,0,0,,0,0,0,1,0,0,0,0,0,0,4300.0,-12.571179,-12.571179389953613,21.40333333333333,21.40333333333333,27.471323,27.471323013305664,68.17975814536341,68.17975814536341,0.0,0.0,0.0,0.0
0.125,0.26,1.34,0.012,0.013,0.07,0.05,0.003,0.005,0.0,0.0,0.0,0.0253,0.0005,0.0089,0.0,0.0,0.018,0.0,0.0,0.0,300.0,0.0,0.0,505.0,589.0,,71.0,,,,,,,,,,1,0,0,29750.0,0,0,0,0,0,0,1,0,0,0,7900.0,-2.9942343,-2.994234323501587,9.59,9.59,48.54234,48.54233932495117,34.95,34.95,15.6,15.6,1.6206428571428568,1.6206428571428568
0.13,0.3,1.4,0.01,0.012,0.07,0.06,0.005,0.002,0.0,0.0,0.0,0.043,5e-05,0.0095,0.0,0.0,0.018,0.0,0.0,0.0,300.0,0.0,0.0,530.0,620.0,,63.0,,,,,,,,,,1,0,0,29750.0,0,0,0,0,0,0,1,0,0,0,7900.0,-10.297259,-10.297259330749512,11.94,11.94,47.76122,47.7612190246582,34.88,34.88,15.6,15.6,1.6467539682539682,1.6467539682539682
0.11,0.26,1.3,0.013,0.017,0.06,0.04,0.003,0.005,0.0,0.0,0.0,0.0236,0.001,0.0083,0.0,0.0,0.018,0.0,0.0,0.0,300.0,0.0,0.0,460.0,584.0,,65.0,,,,,,,,,,1,0,0,29750.0,0,0,0,0,0,0,1,0,0,0,7900.0,-2.8584228,-2.8584227561950684,12.13,12.13,44.51344,44.5134391784668,34.27,34.27,15.6,15.6,1.5281190476190474,1.5281190476190474
0.105,0.28,1.46,0.013,0.015,0.08,0.02,0.005,0.002,0.0,0.0,0.0,0.0357,0.0005,0.0092,0.0,0.0,0.016,0.0,0.0,0.0,300.0,0.0,0.0,471.0,575.0,,66.0,,,,,,,,,,1,0,0,29750.0,0,0,0,0,0,0,1,0,0,0,7900.0,-1.4443091,-1.444309115409851,10.91,10.91,47.054268,47.05426788330078,35.38,35.38,15.6,15.6,1.8214206349206348,1.8214206349206348
0.115,0.22,1.3,0.012,0.016,0.13,0.05,0.005,0.0,0.0,0.0,0.0,0.0255,0.0,0.0099,0.0,0.0,0.016,0.0,0.0,0.0,300.0,0.0,0.0,473.0,609.0,,60.0,,,,,,,,,,1,0,0,29750.0,0,0,0,0,0,0,1,0,0,0,7900.0,0.13407728,0.1340772807598114,11.08,11.08,49.63029,49.63029098510742,34.51,34.51,15.6,15.6,1.6307539682539687,1.6307539682539687
0.115,0.26,1.5,0.01,0.014,0.06,0.05,0.009,0.005,0.0,0.0,0.0,0.0455,0.0005,0.01,0.0,0.0,0.017,0.0,0.0,0.0,300.0,0.0,0.0,465.0,571.0,,70.0,,,,,,,,,,1,0,0,29750.0,0,0,0,0,0,0,1,0,0,0,7900.0,-12.132618,-12.132617950439453,14.22,14.22,46.903847,46.903846740722656,23.35,23.35,15.6,15.6,1.7267539682539683,1.7267539682539683
0.115,0.25,1.35,0.012,0.01,0.08,0.02,0.009,0.003,0.0,0.0,0.0,0.026,0.0,0.0094,0.0,0.0,0.017,0.0,0.0,0.0,300.0,0.0,0.0,465.0,587.0,,69.0,,,,,,,,,,1,0,0,29750.0,0,0,0,0,0,0,1,0,0,0,7900.0,-3.8098636,-3.809863567352295,9.71,9.71,48.487347,48.48734664916992,37.62,37.62,15.6,15.6,1.781420634920635,1.781420634920635
0.105,0.3,1.5,0.018,0.011,0.08,0.03,0.011,0.0005,0.0,0.0,0.0,0.037,0.0,0.0095,0.0,0.0,0.015,0.0,0.0,0.0,300.0,0.0,0.0,423.0,564.0,,71.0,,,,,,,,,,1,0,0,29750.0,0,0,0,0,0,0,1,0,0,0,7900.0,2.8214636,2.8214635848999023,9.76,9.76,48.531048,48.53104782104492,34.83,34.83,15.6,15.6,1.8114206349206348,1.8114206349206348
0.1055,0.23,1.21,0.012,0.012,0.07,0.03,0.17,0.002,0.0,0.0,0.0,0.0218,0.012,0.0101,0.0,0.0016,0.0,0.0,0.0,0.0,300.0,0.0,0.0,504.0,589.0,,69.0,,,,,,,,,,1,0,0,29750.0,0,0,0,0,0,0,1,0,0,0,7900.0,6.977952,6.977952003479004,9.4,9.4,51.67294,51.67293930053711,38.13,38.13,15.6,15.6,1.3768253968253967,1.3768253968253967
0.105,0.24,1.39,0.012,0.012,0.07,0.03,0.15,0.003,0.0,0.0,0.0,0.0411,0.01,0.0103,0.0,0.002,0.019,0.0,0.0,0.0,300.0,0.0,0.0,496.0,604.0,,65.0,,,,,,,,,,1,0,0,29750.0,0,0,0,0,0,0,1,0,0,0,7900.0,-2.4151855,-2.4151854515075684,10.57,10.57,22.826424,22.82642364501953,42.95,42.95,15.6,15.6,1.2700158730158728,1.2700158730158728
0.12,0.26,1.33,0.012,0.017,0.06,0.03,0.12,0.002,0.0,0.0,0.0,0.0255,0.012,0.0096,0.0,0.0013,0.0,0.0,0.0,0.0,300.0,0.0,0.0,508.0,604.0,,67.0,,,,,,,,,,1,0,0,29750.0,0,0,0,0,0,0,1,0,0,0,7900.0,-1.4594033,-1.4594032764434814,11.68,11.68,16.856375,16.856374740600586,42.31875,42.31875,15.6,15.6,1.3768253968253967,1.3768253968253967
0.105,0.26,1.32,0.021,0.014,0.06,0.03,0.125,0.002,0.0,0.0,0.0,0.0362,0.01,0.0101,0.0,0.0022,0.018,0.0,0.0,0.0,300.0,0.0,0.0,549.0,629.0,,60.0,,,,,,,,,,1,0,0,29750.0,0,0,0,0,0,0,1,0,0,0,7900.0,-0.60370517,-0.6037051677703857,11.69,11.69,28.966621,28.96662139892578,41.3,41.3,15.6,15.6,1.3846825396825395,1.3846825396825395
0.12,0.25,1.26,0.01,0.013,0.06,0.03,0.145,0.002,0.0,0.0,0.0,0.0262,0.011,0.0119,0.0,0.002,0.016,0.0,0.0,0.0,300.0,0.0,0.0,529.0,612.0,,61.0,,,,,,,,,,1,0,0,29750.0,0,0,0,0,0,0,1,0,0,0,7900.0,-12.528073,-12.52807331085205,10.82,10.82,59.286854,59.2868537902832,36.36,36.36,15.6,15.6,1.3846825396825395,1.3846825396825395
0.1,0.26,1.38,0.01,0.011,0.07,0.03,0.14,0.002,0.0,0.0,0.0,0.0416,0.012,0.0116,0.0,0.0022,0.01,0.0,0.0,0.0,300.0,0.0,0.0,460.0,583.0,,63.0,,,,,,,,,,1,0,0,29750.0,0,0,0,0,0,0,1,0,0,0,7900.0,-11.085499,-11.085498809814453,10.63,10.63,12.393896,12.393896102905273,43.24,43.24,15.6,15.6,1.29715873015873,1.29715873015873
0.11,0.25,1.28,0.01,0.012,0.07,0.03,0.15,0.003,0.0,0.0,0.0,0.0253,0.0115,0.0107,0.0,0.0021,0.018,0.0,0.0,0.0,300.0,0.0,0.0,533.0,615.0,,62.0,,,,,,,,,,1,0,0,29750.0,0,0,0,0,0,0,1,0,0,0,7900.0,-11.8858385,-11.885838508605957,9.63,9.63,60.36989,60.36988830566406,35.96,35.96,15.6,15.6,1.3846825396825395,1.3846825396825395
0.09,0.21,1.39,0.013,0.01,0.06,0.03,0.185,0.001,0.0,0.0,0.0,0.034,0.012,0.0108,0.0,0.0022,0.019,0.0,0.0,0.0,300.0,0.0,0.0,479.0,587.0,,68.0,,,,,,,,,,1,0,0,29750.0,0,0,0,0,0,0,1,0,0,0,7900.0,0.08726,0.08726000040769577,10.75,10.75,22.604889,22.604888916015625,46.32,46.32,15.6,15.6,1.4118253968253967,1.4118253968253967
0.036,0.31,0.6,0.008,0.012,0.0,0.0,0.0,0.0,0.0,0.0,0.0,0.0,0.0,0.0,0.0,0.0,0.0,0.0,0.0,0.0,20.0,0.0,0.0,450.0,506.0,28.8,77.8,-14.0,100.0,,,,,,,,1,0,0,3570.0,0,0,0,1,0,0,0,0,0,0,1000.0,0.8201963,0.820196270942688,24.503333333333334,24.503333333333334,31.267849,31.26784896850586,45.4,45.4,0.0,0.0,0.2802698412698412,0.2802698412698412
0.043,0.3,1.03,0.007,0.013,0.0,0.0,0.0,0.0,0.0,0.0,0.0,0.0,0.0,0.0,0.0,0.0,0.0,0.0,0.0,0.0,20.0,0.0,0.0,495.0,554.0,30.6,77.8,-32.0,100.0,,,,,,,,1,0,0,3570.0,0,0,0,1,0,0,0,0,0,0,1000.0,-5.059638,-5.059638023376465,18.96,18.96,31.241611,31.24161148071289,43.94,43.94,0.0,0.0,0.08015079365079365,0.08015079365079365
0.046,0.31,1.39,0.008,0.015,0.0,0.0,0.0,0.0,0.0,0.0,0.0,0.0,0.0,0.0,0.0,0.0,0.0,0.0,0.0,0.0,20.0,0.0,0.0,542.0,597.0,26.6,75.0,-39.0,100.0,,,,,,,,1,0,0,3570.0,0,0,0,1,0,0,0,0,0,0,1000.0,-11.201312,-11.201312065124512,10.74,10.74,25.424778,25.42477798461914,67.044,67.044,0.0,0.0,0.1366190476190476,0.1366190476190476
0.05,0.31,1.79,0.007,0.015,0.0,0.0,0.0,0.0,0.0,0.0,0.0,0.0,0.0,0.0,0.0,0.0,0.0,0.0,0.0,0.0,20.0,0.0,0.0,604.0,657.0,22.0,71.9,-29.0,100.0,,,,,,,,1,0,0,3570.0,0,0,0,1,0,0,0,0,0,0,1000.0,-11.201312,-11.201312065124512,8.87,8.87,27.504084,27.50408363342285,68.75587719298245,68.75587719298245,0.0,0.0,0.0,0.0
0.039,0.28,0.58,0.008,0.012,0.0,0.0,0.0,0.0,0.0,0.0,0.0,0.0,0.0,0.0,0.0,0.0,0.0,0.0,0.0,0.0,150.0,0.0,0.0,411.0,475.0,30.6,79.7,-24.0,100.0,,,,,,,,1,0,0,3570.0,0,0,0,1,0,0,0,0,0,0,1000.0,0.9178216,0.9178215861320496,27.775,27.775,36.114956,36.11495590209961,41.6,41.6,0.0,0.0,0.20578571428571427,0.20578571428571427
0.047,0.31,1.0,0.008,0.015,0.0,0.0,0.0,0.0,0.0,0.0,0.0,0.0,0.0,0.0,0.0,0.0,0.0,0.0,0.0,0.0,150.0,0.0,0.0,454.0,519.0,29.0,78.8,-35.0,100.0,,,,,,,,1,0,0,3570.0,0,0,0,1,0,0,0,0,0,0,1000.0,-4.9408126,-4.940812587738037,18.25,18.25,45.70649,45.70648956298828,35.72,35.72,0.0,0.0,0.20176984126984127,0.20176984126984127
0.046,0.31,1.4,0.007,0.012,0.0,0.0,0.0,0.0,0.0,0.0,0.0,0.0,0.0,0.0,0.0,0.0,0.0,0.0,0.0,0.0,150.0,0.0,0.0,486.0,556.0,28.6,77.0,-41.0,100.0,,,,,,,,1,0,0,3570.0,0,0,0,1,0,0,0,0,0,0,1000.0,-11.342719,-11.342719078063965,21.38333333333333,21.38333333333333,25.424778,25.42477798461914,67.32178195488721,67.32178195488721,0.0,0.0,0.0,0.0
0.049,0.31,1.77,0.007,0.014,0.0,0.0,0.0,0.0,0.0,0.0,0.0,0.0,0.0,0.0,0.0,0.0,0.0,0.0,0.0,0.0,150.0,0.0,0.0,525.0,600.0,29.6,77.0,-37.0,100.0,,,,,,,,1,0,0,3570.0,0,0,0,1,0,0,0,0,0,0,1000.0,-11.201312,-11.201312065124512,8.52,8.52,27.504084,27.50408363342285,69.9422581453634,69.9422581453634,0.0,0.0,0.0,0.0
0.037,0.28,0.6,0.008,0.01,0.0,0.0,0.0,0.0,0.0,0.0,0.0,0.0,0.0,0.0,0.0,0.0,0.0,0.0,0.0,0.0,240.0,0.0,0.0,390.0,465.0,34.8,80.6,-31.0,100.0,,,,,,,,1,0,0,3570.0,0,0,0,1,0,0,0,0,0,0,1000.0,0.9178216,0.9178215861320496,27.815,27.815,36.677437,36.67743682861328,42.16,42.16,0.0,0.0,0.20578571428571427,0.20578571428571427
0.042,0.32,1.02,0.007,0.012,0.0,0.0,0.0,0.0,0.0,0.0,0.0,0.0,0.0,0.0,0.0,0.0,0.0,0.0,0.0,0.0,240.0,0.0,0.0,427.0,499.0,34.6,80.5,-42.0,100.0,,,,,,,,1,0,0,3570.0,0,0,0,1,0,0,0,0,0,0,1000.0,-5.0822206,-5.082220554351807,21.083333333333336,21.083333333333336,30.858807,30.858806610107422,42.0,42.0,0.0,0.0,0.005,0.005
0.047,0.31,1.37,0.008,0.013,0.0,0.0,0.0,0.0,0.0,0.0,0.0,0.0,0.0,0.0,0.0,0.0,0.0,0.0,0.0,0.0,240.0,0.0,0.0,448.0,525.0,32.0,78.8,-50.0,100.0,,,,,,,,1,0,0,3570.0,0,0,0,1,0,0,0,0,0,0,1000.0,-11.342719,-11.342719078063965,21.91,21.91,26.079865,26.079864501953125,63.073345238095236,63.073345238095236,0.0,0.0,0.20828571428571427,0.20828571428571427
0.047,0.32,1.75,0.007,0.015,0.0,0.0,0.0,0.0,0.0,0.0,0.0,0.0,0.0,0.0,0.0,0.0,0.0,0.0,0.0,0.0,240.0,0.0,0.0,501.0,566.0,31.4,77.8,-48.0,100.0,,,,,,,,1,0,0,3570.0,0,0,0,1,0,0,0,0,0,0,1000.0,-11.201312,-11.201312065124512,20.923333333333332,20.923333333333332,25.424778,25.42477798461914,68.94737719298246,68.94737719298246,0.0,0.0,0.0,0.0
0.042,0.25,0.55,0.008,0.01,0.0,0.0,0.0,0.0,0.0,0.0,0.0,0.0,0.0,0.0,0.0,0.0,0.0,0.0,0.0,0.0,300.0,0.0,0.0,371.0,452.0,34.2,79.7,-36.0,100.0,,,,,,,,1,0,0,3570.0,0,0,0,1,0,0,0,0,0,0,1000.0,0.63167316,0.6316731572151184,25.223333333333336,25.223333333333336,33.367565,33.3675651550293,43.17,43.17,0.0,0.0,0.22078571428571425,0.22078571428571425
0.045,0.3,0.99,0.008,0.01,0.0,0.0,0.0,0.0,0.0,0.0,0.0,0.0,0.0,0.0,0.0,0.0,0.0,0.0,0.0,0.0,300.0,0.0,0.0,410.0,486.0,34.8,80.6,-47.0,100.0,,,,,,,,1,0,0,3570.0,0,0,0,1,0,0,0,0,0,0,1000.0,-5.059638,-5.059638023376465,17.89,17.89,48.31609,48.31608963012695,38.93,38.93,0.0,0.0,0.13228571428571428,0.13228571428571428
0.047,0.27,1.32,0.007,0.012,0.0,0.0,0.0,0.0,0.0,0.0,0.0,0.0,0.0,0.0,0.0,0.0,0.0,0.0,0.0,0.0,300.0,0.0,0.0,431.0,513.0,33.4,78.8,-53.0,100.0,,,,,,,,1,0,0,3570.0,0,0,0,1,0,0,0,0,0,0,1000.0,-11.322841,-11.322840690612793,22.246666666666666,22.246666666666666,29.462414,29.462413787841797,59.89079761904762,59.89079761904762,0.0,0.0,0.0,0.0
0.047,0.28,1.66,0.007,0.012,0.0,0.0,0.0,0.0,0.0,0.0,0.0,0.0,0.0,0.0,0.0,0.0,0.0,0.0,0.0,0.0,300.0,0.0,0.0,446.0,533.0,32.2,80.6,-57.0,100.0,,,,,,,,1,0,0,3570.0,0,0,0,1,0,0,0,0,0,0,1000.0,-11.355382,-11.355381965637207,22.14333333333333,22.14333333333333,26.253727,26.253726959228516,66.52642481203006,66.52642481203006,0.0,0.0,0.16,0.16
0.12,0.29,1.46,0.025,0.028,0.056,0.056,0.005,0.12,0.09,0.0,0.0,0.0,0.005,0.0,0.018,0.0,0.004,0.005,0.0,0.0,300.0,0.0,0.0,570.0,,29.0,68.0,,,,,,,,,,1,0,0,21450.0,0,0,0,0,0,0,1,0,0,0,3300.0,-7.673169,-7.673169136047363,12.0,12.0,10.532762,10.532761573791504,42.54875,42.54875,15.6,15.6,1.0834523809523808,1.0834523809523808
0.12,0.29,1.46,0.025,0.028,0.056,0.056,0.005,0.12,0.09,0.0,0.0,0.0,0.005,0.0,0.018,0.0,0.004,0.005,0.0,0.0,300.0,,,605.0,,16.0,48.0,,,,,,,,,,1,0,0,21450.0,0,0,0,0,0,0,1,0,0,0,3300.0,-7.673169,-7.673169136047363,12.0,12.0,10.532762,10.532761573791504,42.54875,42.54875,15.6,15.6,1.0834523809523808,1.0834523809523808
0.11,0.45,1.67,0.014,0.02,0.042,0.04,0.005,0.096,0.11,0.0,0.0,0.0,0.007,0.0,0.024,0.0,0.005,0.009,0.0,0.0,300.0,0.0,0.0,600.0,,30.0,68.0,,,,,,,,,,1,0,0,21450.0,0,0,0,0,0,0,1,0,0,0,3300.0,-13.075122,-13.075121879577637,12.97,12.97,9.0059185,9.005918502807617,42.19,42.19,15.6,15.6,1.248095238095238,1.248095238095238
0.11,0.45,1.67,0.014,0.02,0.042,0.04,0.005,0.096,0.11,0.0,0.0,0.0,0.007,0.0,0.024,0.0,0.005,0.009,0.0,0.0,300.0,,,665.0,,29.0,66.0,,,,,,,,,,1,0,0,21450.0,0,0,0,0,0,0,1,0,0,0,3300.0,-13.075122,-13.075121879577637,12.97,12.97,9.0059185,9.005918502807617,42.19,42.19,15.6,15.6,1.248095238095238,1.248095238095238
0.15,0.3,1.57,0.026,0.028,0.07,0.059,0.11,0.122,0.093,0.0,0.0,0.0,0.006,0.0,0.017,0.0,0.006,0.006,0.0,0.0,300.0,0.0,0.0,661.0,,20.0,68.0,,,,,,,,,,1,0,0,21450.0,0,0,0,0,0,0,1,0,0,0,3300.0,-6.0195293,-6.019529342651367,10.93,10.93,10.532762,10.532761573791504,41.9,41.9,15.6,15.6,1.0834523809523808,1.0834523809523808
0.15,0.3,1.57,0.026,0.028,0.07,0.059,0.11,0.122,0.093,0.0,0.0,0.0,0.006,0.0,0.017,0.0,0.006,0.006,0.0,0.0,300.0,,,715.0,,16.0,62.0,,,,,,,,,,1,0,0,21450.0,0,0,0,0,0,0,1,0,0,0,3300.0,-6.0195293,-6.019529342651367,10.93,10.93,10.532762,10.532761573791504,41.9,41.9,15.6,15.6,1.0834523809523808,1.0834523809523808
0.14,0.33,1.67,0.02,0.026,0.07,0.066,0.188,0.098,0.01,0.0,0.0,0.0,0.008,0.0,0.016,0.0,0.008,0.007,0.0,0.0,300.0,0.0,0.0,690.0,,15.0,62.0,,,,,,,,,,1,0,0,21450.0,0,0,0,0,0,0,1,0,0,0,3300.0,-3.1695807,-3.1695806980133057,10.94,10.94,9.0059185,9.005918502807617,42.08,42.08,15.6,15.6,1.268095238095238,1.268095238095238
0.14,0.33,1.67,0.02,0.026,0.07,0.066,0.188,0.098,0.01,0.0,0.0,0.0,0.008,0.0,0.016,0.0,0.008,0.007,0.0,0.0,300.0,,,784.0,,17.0,64.0,,,,,,,,,,1,0,0,21450.0,0,0,0,0,0,0,1,0,0,0,3300.0,-3.1695807,-3.1695806980133057,10.94,10.94,9.0059185,9.005918502807617,42.08,42.08,15.6,15.6,1.268095238095238,1.268095238095238
0.13,0.3,1.38,0.014,0.028,0.058,0.06,0.005,0.095,0.08,0.0,0.0,0.0,0.006,0.0,0.015,0.0,0.005,0.005,0.0,0.0,300.0,0.0,0.0,530.0,,14.0,60.0,,,,,,,,,,1,0,0,32300.0,0,0,0,0,0,0,1,0,0,0,7600.0,-8.479353,-8.479352951049805,12.22,12.22,10.7360735,10.73607349395752,42.188,42.188,15.6,15.6,1.0434523809523808,1.0434523809523808
0.13,0.3,1.38,0.014,0.028,0.058,0.06,0.005,0.095,0.08,0.0,0.0,0.0,0.006,0.0,0.015,0.0,0.005,0.005,0.0,0.0,300.0,,,588.0,,25.0,50.0,,,,,,,,,,1,0,0,32300.0,0,0,0,0,0,0,1,0,0,0,7600.0,-8.479353,-8.479352951049805,12.22,12.22,10.7360735,10.73607349395752,42.188,42.188,15.6,15.6,1.0434523809523808,1.0434523809523808
0.12,0.34,1.67,0.024,0.03,0.053,0.06,0.005,0.115,0.06,0.0,0.0,0.0,0.006,0.0,0.016,0.0,0.005,0.005,0.0,0.0,300.0,0.0,0.0,521.0,,30.0,60.0,,,,,,,,,,1,0,0,32300.0,0,0,0,0,0,0,1,0,0,0,7600.0,-7.7505937,-7.750593662261963,12.05,12.05,9.0059185,9.005918502807617,42.34875,42.34875,15.6,15.6,1.0334523809523808,1.0334523809523808
0.12,0.34,1.67,0.024,0.03,0.053,0.06,0.005,0.115,0.06,0.0,0.0,0.0,0.006,0.0,0.016,0.0,0.005,0.005,0.0,0.0,300.0,,,604.0,,30.0,48.0,,,,,,,,,,1,0,0,32300.0,0,0,0,0,0,0,1,0,0,0,7600.0,-7.7505937,-7.750593662261963,12.05,12.05,9.0059185,9.005918502807617,42.34875,42.34875,15.6,15.6,1.0334523809523808,1.0334523809523808
0.13,0.27,1.46,0.011,0.026,0.068,0.062,0.26,0.103,0.105,0.0,0.0,0.0,0.006,0.0,0.015,0.0,0.005,0.005,0.0,0.0,300.0,0.0,0.0,641.0,,32.0,50.0,,,,,,,,,,1,0,0,32300.0,0,0,0,0,0,0,1,0,0,0,7600.0,-32.94217,-32.942169189453125,10.91,10.91,10.532762,10.532761573791504,42.62875,42.62875,15.6,15.6,1.0834523809523808,1.0834523809523808
0.13,0.27,1.46,0.011,0.026,0.068,0.062,0.26,0.103,0.105,0.0,0.0,0.0,0.006,0.0,0.015,0.0,0.005,0.005,0.0,0.0,300.0,,,720.0,,15.0,55.0,,,,,,,,,,1,0,0,32300.0,0,0,0,0,0,0,1,0,0,0,7600.0,-36.79377,-36.79376983642578,10.91,10.91,10.532762,10.532761573791504,42.62875,42.62875,15.6,15.6,1.0834523809523808,1.0834523809523808
0.1,0.28,1.45,0.023,0.037,0.065,0.058,0.24,0.11,0.09,0.0,0.0,0.0,0.005,0.0,0.017,0.0,0.005,0.004,0.0,0.0,300.0,0.0,0.0,620.0,,15.0,55.0,,,,,,,,,,1,0,0,32300.0,0,0,0,0,0,0,1,0,0,0,7600.0,-34.60974,-34.6097412109375,10.95,10.95,10.532762,10.532761573791504,42.62875,42.62875,15.6,15.6,1.0834523809523808,1.0834523809523808
0.1,0.28,1.45,0.023,0.037,0.065,0.058,0.24,0.11,0.09,0.0,0.0,0.0,0.005,0.0,0.017,0.0,0.005,0.004,0.0,0.0,300.0,,,740.0,,21.0,60.0,,,,,,,,,,1,0,0,32300.0,0,0,0,0,0,0,1,0,0,0,7600.0,-34.607395,-34.60739517211914,10.95,10.95,10.532762,10.532761573791504,42.62875,42.62875,15.6,15.6,1.0834523809523808,1.0834523809523808
0.11,0.28,1.39,0.009,0.017,0.065,0.069,0.008,0.032,0.12,0.0,0.0,0.0,0.005,0.0,0.018,0.0,0.005,0.001,0.0,0.0,300.0,0.0,0.0,525.0,,31.0,62.0,,,,,,,,,,1,0,0,21450.0,0,0,0,0,0,0,1,0,0,0,3300.0,-10.693451,-10.693450927734375,10.95,10.95,13.127969,13.127968788146973,42.428000000000004,42.428000000000004,15.6,15.6,1.0434523809523808,1.0434523809523808
0.11,0.28,1.39,0.009,0.017,0.065,0.069,0.008,0.032,0.12,0.0,0.0,0.0,0.005,0.0,0.018,0.0,0.005,0.001,0.0,0.0,300.0,,,540.0,,26.0,70.0,,,,,,,,,,1,0,0,21450.0,0,0,0,0,0,0,1,0,0,0,3300.0,-10.693451,-10.693450927734375,10.95,10.95,13.127969,13.127968788146973,42.428000000000004,42.428000000000004,15.6,15.6,1.0434523809523808,1.0434523809523808
0.1,0.38,1.58,0.013,0.016,0.046,0.053,0.006,0.032,0.12,0.0,0.0,0.0,0.006,0.0,0.018,0.0,0.005,0.001,0.0,0.0,300.0,0.0,0.0,540.0,,30.0,60.0,,,,,,,,,,1,0,0,21450.0,0,0,0,0,0,0,1,0,0,0,3300.0,-12.333793,-12.333792686462402,12.05,12.05,11.936048,11.936047554016113,42.40875,42.40875,15.6,15.6,1.0334523809523808,1.0334523809523808
0.1,0.38,1.58,0.013,0.016,0.046,0.053,0.006,0.032,0.12,0.0,0.0,0.0,0.006,0.0,0.018,0.0,0.005,0.001,0.0,0.0,300.0,,,580.0,,30.0,66.0,,,,,,,,,,1,0,0,21450.0,0,0,0,0,0,0,1,0,0,0,3300.0,-12.333793,-12.333792686462402,12.05,12.05,11.936048,11.936047554016113,42.40875,42.40875,15.6,15.6,1.0334523809523808,1.0334523809523808
0.12,0.3,1.51,0.006,0.013,0.09,0.07,0.27,0.036,0.15,0.0,0.0,0.0,0.005,0.0,0.016,0.0,0.005,0.001,0.0,0.0,300.0,0.0,0.0,592.0,,27.0,68.0,,,,,,,,,,1,0,0,21450.0,0,0,0,0,0,0,1,0,0,0,3300.0,-58.22783,-58.22782897949219,9.32,9.32,13.959545,13.959545135498047,42.60375,42.60375,15.6,15.6,0.4265,0.4265
0.12,0.3,1.51,0.006,0.013,0.09,0.07,0.27,0.036,0.15,0.0,0.0,0.0,0.005,0.0,0.016,0.0,0.005,0.001,0.0,0.0,300.0,,,630.0,,32.0,76.0,,,,,,,,,,1,0,0,21450.0,0,0,0,0,0,0,1,0,0,0,3300.0,-58.22783,-58.22782897949219,9.32,9.32,13.959545,13.959545135498047,42.60375,42.60375,15.6,15.6,0.4265,0.4265
0.1,0.41,1.83,0.009,0.014,0.095,0.078,0.3,0.041,0.16,0.0,0.0,0.0,0.007,0.0,0.019,0.0,0.005,0.0011,0.0,0.0,300.0,0.0,0.0,610.0,,35.0,68.0,,,,,,,,,,1,0,0,21450.0,0,0,0,0,0,0,1,0,0,0,3300.0,-46.40025,-46.40024948120117,10.77,10.77,11.601126,11.601125717163086,44.47571428571428,44.47571428571428,15.6,15.6,1.248095238095238,1.248095238095238
0.1,0.41,1.83,0.009,0.014,0.095,0.078,0.3,0.041,0.16,0.0,0.0,0.0,0.007,0.0,0.019,0.0,0.005,0.0011,0.0,0.0,300.0,,,692.0,,30.0,60.0,,,,,,,,,,1,0,0,21450.0,0,0,0,0,0,0,1,0,0,0,3300.0,-50.251842,-50.2518424987793,10.77,10.77,11.601126,11.601125717163086,44.47571428571428,44.47571428571428,15.6,15.6,1.248095238095238,1.248095238095238
0.12,0.3,1.4,0.016,0.075,0.14,0.11,0.025,0.005,0.25,0.0,0.0,0.0,0.0,0.0,0.015,0.0,0.005,0.0,0.0,0.0,300.0,0.0,0.0,426.0,,21.0,54.0,,,,,,,,,,1,0,0,21450.0,0,0,0,0,0,0,1,0,0,0,3300.0,-1.3484805,-1.348480463027954,10.83,10.83,38.176033,38.17603302001953,34.08,34.08,15.6,15.6,1.2426190476190475,1.2426190476190475
0.12,0.3,1.4,0.016,0.075,0.14,0.11,0.025,0.005,0.25,0.0,0.0,0.0,0.0,0.0,0.015,0.0,0.005,0.0,0.0,0.0,300.0,,,431.0,,27.0,62.0,,,,,,,,,,1,0,0,21450.0,0,0,0,0,0,0,1,0,0,0,3300.0,-1.3484805,-1.348480463027954,10.83,10.83,38.176033,38.17603302001953,34.08,34.08,15.6,15.6,1.2426190476190475,1.2426190476190475
0.08,0.3,1.35,0.013,0.014,0.03,0.03,0.005,0.046,0.043,0.0,0.0,0.042,0.005,0.009,0.023,0.0,0.015,0.0,0.0,0.0,300.0,0.0,0.0,500.0,707.0,23.0,55.0,,,,,,,,,,1,0,0,21450.0,0,0,0,0,0,0,1,0,0,0,3300.0,-8.96372,-8.963720321655273,12.416666666666664,12.416666666666664,21.120611,21.1206111907959,55.26,55.26,15.6,15.6,1.1850873015873016,1.1850873015873016
0.08,0.3,1.35,0.013,0.014,0.03,0.03,0.005,0.046,0.043,0.0,0.0,0.042,0.005,0.009,0.023,0.0,0.015,0.0,0.0,0.0,300.0,600.0,0.75,522.0,670.0,26.0,63.0,,,,,,,,,,1,0,0,21450.0,0,0,0,0,0,0,1,0,0,0,3300.0,-8.962393,-8.962392807006836,12.416666666666664,12.416666666666664,21.120611,21.1206111907959,55.26,55.26,15.6,15.6,1.1850873015873016,1.1850873015873016
0.08,0.28,1.39,0.011,0.015,0.028,0.03,0.17,0.049,0.044,0.0,0.0,0.034,0.005,0.0054,0.012,0.0,0.015,0.0,0.0,0.0,300.0,0.0,0.0,562.0,694.0,22.0,55.0,,,,,,,,,,1,0,0,21450.0,0,0,0,0,0,0,1,0,0,0,3300.0,-8.672869,-8.672868728637695,11.69,11.69,19.256023,19.256023406982422,55.4,55.4,15.6,15.6,1.0434523809523808,1.0434523809523808
0.08,0.28,1.39,0.011,0.015,0.028,0.03,0.17,0.049,0.044,0.0,0.0,0.034,0.005,0.0054,0.012,0.0,0.015,0.0,0.0,0.0,300.0,600.0,0.75,642.0,732.0,22.0,58.0,,,,,,,,,,1,0,0,21450.0,0,0,0,0,0,0,1,0,0,0,3300.0,-8.672869,-8.672868728637695,11.69,11.69,19.256023,19.256023406982422,55.4,55.4,15.6,15.6,1.0434523809523808,1.0434523809523808
0.08,0.29,1.33,0.01,0.017,0.032,0.03,0.43,0.05,0.053,0.0,0.0,0.045,0.005,0.0095,0.01,0.0,0.015,0.0,0.0,0.0,300.0,0.0,0.0,562.0,692.0,21.0,59.0,,,,,,,,,,1,0,0,21450.0,0,0,0,0,0,0,1,0,0,0,3300.0,-37.574673,-37.57467269897461,12.65,12.65,23.343252,23.343252182006836,43.37,43.37,15.6,15.6,0.9450873015873015,0.9450873015873015
0.08,0.29,1.33,0.01,0.017,0.032,0.03,0.43,0.05,0.053,0.0,0.0,0.045,0.005,0.0095,0.01,0.0,0.015,0.0,0.0,0.0,300.0,600.0,0.75,701.0,766.0,22.0,52.0,,,,,,,,,,1,0,0,21450.0,0,0,0,0,0,0,1,0,0,0,3300.0,-37.574673,-37.57467269897461,12.65,12.65,23.343252,23.343252182006836,43.37,43.37,15.6,15.6,0.9450873015873015,0.9450873015873015
0.16,0.13,1.06,0.028,0.013,0.03,0.02,0.005,0.005,0.048,0.0,0.0,0.041,0.005,0.0067,0.012,0.0,0.005,0.0,0.0,0.0,300.0,0.0,0.0,355.0,524.0,27.0,50.0,,,,,,,,,,1,0,0,21450.0,0,0,0,0,0,0,1,0,0,0,3300.0,17.849072,17.849071502685547,11.4,11.4,50.333782,50.33378219604492,32.29,32.29,15.6,15.6,1.1328650793650796,1.1328650793650796
0.16,0.13,1.06,0.028,0.013,0.03,0.02,0.005,0.005,0.048,0.0,0.0,0.041,0.005,0.0067,0.012,0.0,0.005,0.0,0.0,0.0,300.0,600.0,0.75,330.0,494.0,27.0,51.0,,,,,,,,,,1,0,0,21450.0,0,0,0,0,0,0,1,0,0,0,3300.0,17.849072,17.849071502685547,11.4,11.4,50.333782,50.33378219604492,32.29,32.29,15.6,15.6,1.1328650793650796,1.1328650793650796
0.12,0.26,1.4,0.012,0.014,0.057,0.05,0.009,0.056,0.106,0.0,0.0,0.042,0.005,0.0138,0.014,0.0,0.005,0.0,0.0,0.0,300.0,0.0,0.0,522.0,689.0,28.0,60.0,,,,,,,,,,1,0,0,21450.0,0,0,0,0,0,0,1,0,0,0,3300.0,-11.894009,-11.89400863647461,13.26,13.26,9.595377,9.595376968383789,44.8,44.8,15.6,15.6,0.9450873015873015,0.9450873015873015
0.12,0.26,1.4,0.012,0.014,0.057,0.05,0.009,0.056,0.106,0.0,0.0,0.042,0.005,0.0138,0.014,0.0,0.005,0.0,0.0,0.0,300.0,600.0,0.75,581.0,704.0,23.0,60.0,,,,,,,,,,1,0,0,21450.0,0,0,0,0,0,0,1,0,0,0,3300.0,-11.894009,-11.89400863647461,13.26,13.26,9.595377,9.595376968383789,44.8,44.8,15.6,15.6,0.9450873015873015,0.9450873015873015
0.11,0.26,1.44,0.008,0.012,0.069,0.056,0.01,0.105,0.076,0.0,0.0,0.041,0.005,0.0145,0.017,0.0,0.005,0.0,0.0,0.0,300.0,0.0,0.0,577.0,716.0,26.0,61.0,,,,,,,,,,1,0,0,21450.0,0,0,0,0,0,0,1,0,0,0,3300.0,-13.412035,-13.41203498840332,10.51,10.51,9.595377,9.595376968383789,44.86,44.86,15.6,15.6,0.6064206349206349,0.6064206349206349
0.11,0.26,1.44,0.008,0.012,0.069,0.056,0.01,0.105,0.076,0.0,0.0,0.041,0.005,0.0145,0.017,0.0,0.005,0.0,0.0,0.0,300.0,600.0,0.75,599.0,701.0,26.0,64.0,,,,,,,,,,1,0,0,21450.0,0,0,0,0,0,0,1,0,0,0,3300.0,-13.412035,-13.41203498840332,10.51,10.51,9.595377,9.595376968383789,44.86,44.86,15.6,15.6,0.6064206349206349,0.6064206349206349
0.16,0.12,1.04,0.027,0.012,0.027,0.02,0.15,0.005,0.041,0.0,0.0,0.042,0.005,0.0067,0.009,0.0,0.005,0.0,0.0,0.0,300.0,0.0,0.0,405.0,577.0,20.0,32.0,,,,,,,,,,1,0,0,21450.0,0,0,0,0,0,0,1,0,0,0,3300.0,18.053967,18.053966522216797,11.67,11.67,52.032093,52.0320930480957,28.14,28.14,15.6,15.6,1.1328650793650796,1.1328650793650796
0.16,0.12,1.04,0.027,0.012,0.027,0.02,0.15,0.005,0.041,0.0,0.0,0.042,0.005,0.0067,0.009,0.0,0.005,0.0,0.0,0.0,300.0,600.0,0.75,405.0,562.0,26.0,60.0,,,,,,,,,,1,0,0,21450.0,0,0,0,0,0,0,1,0,0,0,3300.0,18.053967,18.053966522216797,11.67,11.67,52.032093,52.0320930480957,28.14,28.14,15.6,15.6,1.1328650793650796,1.1328650793650796
0.1,0.35,1.54,0.009,0.016,0.06,0.049,0.18,0.057,0.11,0.0,0.0,0.042,0.005,0.0138,0.016,0.0,0.005,0.0,0.0,0.0,300.0,0.0,0.0,556.0,704.0,25.0,58.0,,,,,,,,,,1,0,0,21450.0,0,0,0,0,0,0,1,0,0,0,3300.0,-9.879836,-9.879836082458496,13.65,13.65,8.403456,8.40345573425293,43.85,43.85,15.6,15.6,0.9650873015873016,0.9650873015873016
0.1,0.35,1.54,0.009,0.016,0.06,0.049,0.18,0.057,0.11,0.0,0.0,0.042,0.005,0.0138,0.016,0.0,0.005,0.0,0.0,0.0,300.0,600.0,0.75,593.0,692.0,26.0,65.0,,,,,,,,,,1,0,0,21450.0,0,0,0,0,0,0,1,0,0,0,3300.0,-9.879836,-9.879836082458496,13.65,13.65,8.403456,8.40345573425293,43.85,43.85,15.6,15.6,0.9650873015873016,0.9650873015873016
0.11,0.27,1.47,0.008,0.012,0.07,0.054,0.22,0.095,0.072,0.0,0.0,0.048,0.005,0.0139,0.022,0.0,0.005,0.0,0.0,0.0,300.0,0.0,0.0,556.0,716.0,25.0,63.0,,,,,,,,,,1,0,0,21450.0,0,0,0,0,0,0,1,0,0,0,3300.0,-10.57406,-10.574060440063477,11.2,11.2,26.931938,26.93193817138672,32.03,32.03,15.6,15.6,2.539666666666667,2.539666666666667
0.11,0.27,1.47,0.008,0.012,0.07,0.054,0.22,0.095,0.072,0.0,0.0,0.048,0.005,0.0139,0.022,0.0,0.005,0.0,0.0,0.0,300.0,600.0,0.75,648.0,735.0,25.0,65.0,,,,,,,,,,1,0,0,21450.0,0,0,0,0,0,0,1,0,0,0,3300.0,-10.57406,-10.574060440063477,11.2,11.2,26.931938,26.93193817138672,32.03,32.03,15.6,15.6,2.539666666666667,2.539666666666667
0.16,0.12,1.0,0.032,0.014,0.028,0.02,0.39,0.005,0.043,0.0,0.0,0.045,0.005,0.0062,0.012,0.0,0.005,0.0,0.0,0.0,300.0,0.0,0.0,599.0,670.0,25.0,55.0,,,,,,,,,,1,0,0,21450.0,0,0,0,0,0,0,1,0,0,0,3300.0,-23.226578,-23.226577758789062,12.51,12.51,51.259373,51.25937271118164,24.75,24.75,15.6,15.6,1.213698412698413,1.213698412698413
0.16,0.12,1.0,0.032,0.014,0.028,0.02,0.39,0.005,0.043,0.0,0.0,0.045,0.005,0.0062,0.012,0.0,0.005,0.0,0.0,0.0,300.0,600.0,0.75,569.0,624.0,22.0,54.0,,,,,,,,,,1,0,0,21450.0,0,0,0,0,0,0,1,0,0,0,3300.0,-23.226578,-23.226577758789062,12.51,12.51,51.259373,51.25937271118164,24.75,24.75,15.6,15.6,1.213698412698413,1.213698412698413
0.12,0.33,1.47,0.014,0.014,0.06,0.05,0.39,0.055,0.11,0.0,0.0,0.04,0.005,0.0136,0.015,0.0,0.005,0.0,0.0,0.0,300.0,0.0,0.0,574.0,744.0,24.0,55.0,,,,,,,,,,1,0,0,21450.0,0,0,0,0,0,0,1,0,0,0,3300.0,-35.93057,-35.93056869506836,12.09,12.09,8.973897,8.973896980285645,44.38,44.38,15.6,15.6,1.0692539682539681,1.0692539682539681
0.12,0.33,1.47,0.014,0.014,0.06,0.05,0.39,0.055,0.11,0.0,0.0,0.04,0.005,0.0136,0.015,0.0,0.005,0.0,0.0,0.0,300.0,600.0,0.75,613.0,747.0,24.0,64.0,,,,,,,,,,1,0,0,21450.0,0,0,0,0,0,0,1,0,0,0,3300.0,-35.93057,-35.93056869506836,12.09,12.09,8.973897,8.973896980285645,44.38,44.38,15.6,15.6,1.0692539682539681,1.0692539682539681
0.11,0.25,1.33,0.008,0.011,0.067,0.053,0.44,0.097,0.072,0.0,0.0,0.044,0.005,0.0145,0.018,0.0,0.005,0.0,0.0,0.0,300.0,0.0,0.0,559.0,735.0,25.0,62.0,,,,,,,,,,1,0,0,21450.0,0,0,0,0,0,0,1,0,0,0,3300.0,-39.770493,-39.77049255371094,11.44,11.44,13.666194,13.666193962097168,35.07,35.07,15.6,15.6,0.526420634920635,0.526420634920635
0.11,0.25,1.33,0.008,0.011,0.067,0.053,0.44,0.097,0.072,0.0,0.0,0.044,0.005,0.0145,0.018,0.0,0.005,0.0,0.0,0.0,300.0,600.0,0.75,662.0,740.0,24.0,60.0,,,,,,,,,,1,0,0,21450.0,0,0,0,0,0,0,1,0,0,0,3300.0,-39.770493,-39.77049255371094,11.44,11.44,13.666194,13.666193962097168,35.07,35.07,15.6,15.6,0.526420634920635,0.526420634920635
0.11,0.38,1.5,0.029,0.012952496954933,0.0,0.0,0.0,0.005,0.0,0.0,0.0,0.0,0.0,0.0,0.0,0.0,0.0,0.0,0.0,0.0,300.0,600.0,0.75,524.0,596.0,29.0,64.0,,,,,,,,,,1,0,0,21450.0,0,0,0,0,0,0,1,0,0,0,3300.0,-2.948352,-2.948352098464966,10.91,10.91,37.710194,37.7101936340332,35.96071428571428,35.96071428571428,15.6,15.6,1.2901190476190476,1.2901190476190476
0.11,0.37,1.52,0.03,0.012952496954933,0.0,0.0,0.0,0.05,0.0,0.0,0.0,0.0,0.0,0.0,0.0,0.0,0.0,0.0,0.0,0.0,300.0,600.0,0.75,571.0,644.0,,,,,,,,,,,,1,0,0,21450.0,0,0,0,0,0,0,1,0,0,0,3300.0,-1.116426,-1.1164259910583496,11.37,11.37,35.114986,35.114986419677734,36.020714285714284,36.020714285714284,15.6,15.6,1.2901190476190476,1.2901190476190476
0.11,0.38,1.55,0.029,0.012952496954933,0.0,0.0,0.0,0.09,0.0,0.0,0.0,0.0,0.0,0.0,0.0,0.0,0.0,0.0,0.0,0.0,300.0,600.0,0.75,631.0,689.0,,,,,,,,,,,,1,0,0,21450.0,0,0,0,0,0,0,1,0,0,0,3300.0,-2.948352,-2.948352098464966,11.43,11.43,35.114986,35.114986419677734,36.45,36.45,15.6,15.6,1.2901190476190476,1.2901190476190476
0.14,0.38,1.65,0.028,0.012952496954933,0.0,0.0,0.5,0.005,0.0,0.0,0.0,0.0,0.0,0.0,0.0,0.0,0.0,0.0,0.0,0.0,300.0,600.0,0.75,644.0,714.0,34.0,63.0,,,,,,,,,,1,0,0,21450.0,0,0,0,0,0,0,1,0,0,0,3300.0,-36.69856,-36.69855880737305,11.02,11.02,37.710194,37.7101936340332,36.300714285714285,36.300714285714285,15.6,15.6,1.2901190476190476,1.2901190476190476
0.1,0.38,1.58,0.028,0.012952496954933,0.0,0.0,0.5,0.06,0.0,0.0,0.0,0.0,0.0,0.0,0.0,0.0,0.0,0.0,0.0,0.0,300.0,600.0,0.75,663.0,718.0,,,,,,,,,,,,1,0,0,21450.0,0,0,0,0,0,0,1,0,0,0,3300.0,-36.69856,-36.69855880737305,11.46,11.46,35.114986,35.114986419677734,36.020714285714284,36.020714285714284,15.6,15.6,1.2901190476190476,1.2901190476190476
0.1,0.39,1.68,0.027,0.012952496954933,0.0,0.0,0.5,0.08,0.0,0.0,0.0,0.0,0.0,0.0,0.0,0.0,0.0,0.0,0.0,0.0,300.0,600.0,0.75,669.0,735.0,,,,,,,,,,,,1,0,0,21450.0,0,0,0,0,0,0,1,0,0,0,3300.0,-38.822166,-38.822166442871094,11.46,11.46,35.114986,35.114986419677734,36.79,36.79,15.6,15.6,1.2901190476190476,1.2901190476190476
0.12,0.3,1.4,0.016,0.025,0.14,0.11,0.025,0.0,0.25,0.0,0.0,0.021,0.0,0.005,0.015,0.0,0.005,0.0,0.0,0.0,300.0,0.0,0.0,426.0,652.0,21.0,54.0,,,,,,,,,,1,0,0,21450.0,0,0,0,0,0,0,1,0,0,0,3300.0,-1.3328059,-1.332805871963501,10.9,10.9,38.176033,38.17603302001953,34.73,34.73,15.6,15.6,1.091952380952381,1.091952380952381
0.11,0.35,1.42,0.01,0.016,0.067,0.075,0.022,0.0,0.17,0.0,0.0,0.026,0.0,0.008,0.018,0.0,0.023,0.0,0.0,0.0,300.0,0.0,0.0,493.0,649.0,25.0,60.0,,,,,,,,,,1,0,0,21450.0,0,0,0,0,0,0,1,0,0,0,3300.0,-9.172475,-9.17247486114502,10.97,10.97,44.529526,44.52952575683594,35.19,35.19,15.6,15.6,1.1237705627705628,1.1237705627705628
0.11,0.33,1.41,0.019,0.023,0.065,0.082,0.016,0.0,0.19,0.0,0.0,0.0,0.0,0.0,0.024,0.0,0.018,0.0,0.0,0.0,300.0,0.0,0.0,420.0,560.0,25.0,,,,,,,,,,,1,0,0,13500.0,0,0,0,0,0,0,1,0,0,0,1900.0,-6.2979236,-6.297923564910889,11.9,11.9,44.529526,44.52952575683594,34.32,34.32,15.6,15.6,1.0619523809523812,1.0619523809523812
0.11,0.31,1.37,0.013,0.019,0.09,0.06,0.018,0.0,0.18,0.0,0.0,0.0,0.0,0.0,0.022,0.0,0.012,0.0,0.0,0.0,300.0,0.0,0.0,488.0,618.0,26.0,60.0,,,,,,,,,,1,0,0,21450.0,0,0,0,0,0,0,1,0,0,0,3300.0,-8.531419,-8.531418800354004,11.56,11.56,44.836502,44.83650207519531,33.77,33.77,15.6,15.6,1.091952380952381,1.091952380952381
0.15,0.31,1.23,0.015,0.02,0.06,0.065,0.02,0.0,0.15,0.0,0.0,0.0,0.0,0.0,0.025,0.0,0.02,0.0,0.0,0.0,300.0,0.0,0.0,432.0,598.0,16.0,40.0,,,,,,,,,,1,0,0,32300.0,0,0,0,0,0,0,1,0,0,0,7600.0,2.415719,2.4157190322875977,12.76,12.76,57.400448,57.400447845458984,23.91,23.91,15.6,15.6,1.091952380952381,1.091952380952381
0.08,0.36,1.6,0.017,0.021,0.065,0.075,0.017,0.0,0.18,0.0,0.0,0.0,0.0,0.0,0.03,0.0,0.017,0.0,0.0,0.0,300.0,0.0,0.0,457.0,556.0,25.0,60.0,,,,,,,,,,1,0,0,13500.0,0,0,0,0,0,0,1,0,0,0,1900.0,-7.471875,-7.471875190734863,10.79,10.79,45.562584,45.562583923339844,44.7,44.7,15.6,15.6,1.111952380952381,1.111952380952381
0.09,0.4,1.6,0.016,0.016,0.04,0.055,0.015,0.0,0.11,0.0,0.0,0.04,0.0,0.008,0.027,0.0,0.015,0.0,0.0,0.0,300.0,0.0,0.0,507.0,647.0,22.0,60.0,,,,,,,,,,1,0,0,21450.0,0,0,0,0,0,0,1,0,0,0,3300.0,-9.033607,-9.03360652923584,13.15,13.15,45.6729,45.67290115356445,35.845,35.845,15.6,15.6,1.201952380952381,1.201952380952381
0.1,0.38,1.5,0.02,0.021,0.055,0.065,0.017,0.0,0.14,0.0,0.0,0.0,0.0,0.0,0.031,0.0,0.02,0.0,0.0,0.0,300.0,0.0,0.0,452.0,581.0,18.0,50.0,,,,,,,,,,1,0,0,32300.0,0,0,0,0,0,0,1,0,0,0,7600.0,-7.865219,-7.8652191162109375,12.88,12.88,45.562584,45.562583923339844,35.06,35.06,15.6,15.6,1.111952380952381,1.111952380952381
0.12,0.29,1.5,0.008,0.017,0.085,0.075,0.3,0.0,0.19,0.0,0.0,0.0,0.0,0.0,0.019,0.0,0.01,0.0,0.0,0.0,300.0,0.0,0.0,544.0,717.0,21.0,60.0,,,,,,,,,,1,0,0,21450.0,0,0,0,0,0,0,1,0,0,0,3300.0,-32.912518,-32.91251754760742,10.72,10.72,37.869057,37.869056701660156,34.65,34.65,15.6,15.6,0.5591190476190477,0.5591190476190477
0.09,0.46,1.81,0.017,0.024,0.1,0.08,0.28,0.0,0.21,0.0,0.0,0.034,0.0,0.01,0.026,0.0,0.014,0.0,0.0,0.0,300.0,0.0,0.0,620.0,712.0,22.0,58.0,,,,,,,,,,1,0,0,21450.0,0,0,0,0,0,0,1,0,0,0,3300.0,-37.301598,-37.301597595214844,11.96,11.96,36.585808,36.58580780029297,38.6,38.6,15.6,15.6,1.5882539682539685,1.5882539682539685
0.08,0.45,0.96,0.007,0.015,0.21,9.1,0.96,0.19,0.03,0.02,0.0,0.054,0.01,0.054,0.01,0.0,0.09,0.0,0.0,0.0,175.0,0.0,0.0,,,,,,,459.0,,2.0,,,,,1,0,0,4163.0,0,0,0,1,0,0,0,0,0,0,1300.0,-86.13669,-86.13668823242188,6.25,2.0,53.970837,53.9708366394043,36.07,36.07,15.6,15.6,2.855198412698412,2.855198412698412
0.1,0.54,0.66,0.006,0.014,0.31,9.0,0.82,0.23,0.02,0.01,0.0,0.051,0.01,0.018,0.01,0.0,0.017,0.0,0.0,0.0,175.0,0.0,0.0,,,,,,,405.0,,11.0,,,,,1,0,0,3982.0,0,0,0,1,0,0,0,0,0,0,1000.0,-88.60435,-88.6043472290039,9.34,11.0,53.541504,53.54150390625,36.07,36.07,15.6,15.6,2.9068650793650788,2.9068650793650788
0.09,0.46,0.99,0.012,0.021,0.22,9.5,0.96,0.19,0.03,0.01,0.0,0.053,0.01,0.045,0.01,0.0,0.01,0.0,0.0,0.0,175.0,0.0,0.0,,,,,,,451.0,,4.0,,,,,1,0,0,4422.0,0,0,0,1,0,0,0,0,0,0,1400.0,-77.82641,-77.82640838623047,5.87,4.0,49.352283,49.3522834777832,36.74,36.74,15.6,15.6,3.1420317460317455,3.1420317460317455
0.09,0.37,1.03,0.004,0.01,0.05,8.8,1.03,0.25,0.01,0.01,0.0,0.047,0.01,0.037,0.01,0.0,0.08,0.0,0.0,0.0,175.0,0.0,0.0,,,,,,,432.0,,12.0,,,,,1,0,0,4140.0,0,0,0,1,0,0,0,0,0,0,1300.0,-108.11279,-108.11279296875,8.4,12.0,54.29907,54.299068450927734,35.6,35.6,15.6,15.6,2.853531746031746,2.853531746031746
0.09,0.37,1.03,0.004,0.01,0.05,8.8,1.03,0.25,0.01,0.01,0.0,0.047,0.01,0.037,0.01,0.0,0.08,0.0,0.0,0.0,175.0,720.0,2.0,,,,,,,264.0,,,,,,,1,0,0,4140.0,0,0,0,1,0,0,0,0,0,0,1300.0,-108.11279,-108.11279296875,8.38,8.38,54.29907,54.299068450927734,35.6,35.6,15.6,15.6,2.853531746031746,2.853531746031746
0.09,0.37,1.03,0.004,0.01,0.05,8.8,1.03,0.25,0.01,0.01,0.0,0.047,0.01,0.037,0.01,0.0,0.08,0.0,0.0,0.0,175.0,720.0,8.0,,,,,,,241.0,,,,,,,1,0,0,4140.0,0,0,0,1,0,0,0,0,0,0,1300.0,-108.11279,-108.11279296875,8.38,8.38,54.29907,54.299068450927734,35.6,35.6,15.6,15.6,2.853531746031746,2.853531746031746
0.09,0.37,1.03,0.004,0.01,0.05,8.8,1.03,0.25,0.01,0.01,0.0,0.047,0.01,0.037,0.01,0.0,0.08,0.0,0.0,0.0,175.0,740.0,2.0,,,,,,,251.0,,,,,,,1,0,0,4140.0,0,0,0,1,0,0,0,0,0,0,1300.0,-108.11279,-108.11279296875,8.38,8.38,54.29907,54.299068450927734,35.6,35.6,15.6,15.6,2.853531746031746,2.853531746031746
0.09,0.37,1.03,0.004,0.01,0.05,8.8,1.03,0.25,0.01,0.01,0.0,0.047,0.01,0.037,0.01,0.0,0.08,0.0,0.0,0.0,175.0,740.0,8.0,,,,,,,225.0,,,,,,,1,0,0,4140.0,0,0,0,1,0,0,0,0,0,0,1300.0,-108.111664,-108.11166381835938,8.38,8.38,54.29907,54.299068450927734,35.6,35.6,15.6,15.6,2.853531746031746,2.853531746031746
0.09,0.37,1.03,0.004,0.01,0.05,8.8,1.03,0.25,0.01,0.01,0.0,0.047,0.01,0.037,0.01,0.0,0.08,0.0,0.0,0.0,175.0,760.0,2.0,,,,,,,233.0,,,,,,,1,0,0,4140.0,0,0,0,1,0,0,0,0,0,0,1300.0,-108.11279,-108.11279296875,8.38,8.38,54.29907,54.299068450927734,35.6,35.6,15.6,15.6,2.853531746031746,2.853531746031746
0.09,0.37,1.03,0.004,0.01,0.05,8.8,1.03,0.25,0.01,0.01,0.0,0.047,0.01,0.037,0.01,0.0,0.08,0.0,0.0,0.0,175.0,760.0,8.0,,,,,,,208.0,,,,,,,1,0,0,4140.0,0,0,0,1,0,0,0,0,0,0,1300.0,-108.111664,-108.11166381835938,8.38,8.38,54.29907,54.299068450927734,35.6,35.6,15.6,15.6,2.853531746031746,2.853531746031746
0.06,0.34,1.08,0.007,0.014,0.69,9.0,1.03,0.29,0.02,0.01,0.0,0.048,0.01,0.011,0.01,0.0,0.01,0.0,0.0,0.0,175.0,0.0,0.0,,,,,,,373.0,,1.0,,,,,1,0,0,2668.0,0,0,0,1,0,0,0,0,0,0,1300.0,-79.725464,-79.7254638671875,5.09,1.0,62.637512,62.63751220703125,35.72,35.72,15.6,15.6,2.6383888888888887,2.6383888888888887
0.06,0.34,1.08,0.007,0.014,0.69,9.0,1.03,0.29,0.02,0.01,0.0,0.048,0.01,0.011,0.01,0.0,0.01,0.0,0.0,0.0,175.0,720.0,2.0,,,,,,,224.0,,,,,,,1,0,0,2668.0,0,0,0,1,0,0,0,0,0,0,1300.0,-79.73126,-79.73126220703125,5.08,5.08,62.637512,62.63751220703125,35.72,35.72,15.6,15.6,2.6383888888888887,2.6383888888888887
0.06,0.34,1.08,0.007,0.014,0.69,9.0,1.03,0.29,0.02,0.01,0.0,0.048,0.01,0.011,0.01,0.0,0.01,0.0,0.0,0.0,175.0,720.0,8.0,,,,,,,210.0,,,,,,,1,0,0,2668.0,0,0,0,1,0,0,0,0,0,0,1300.0,-79.73126,-79.73126220703125,5.08,5.08,62.637512,62.63751220703125,35.72,35.72,15.6,15.6,2.6383888888888887,2.6383888888888887
0.06,0.34,1.08,0.007,0.014,0.69,9.0,1.03,0.29,0.02,0.01,0.0,0.048,0.01,0.011,0.01,0.0,0.01,0.0,0.0,0.0,175.0,740.0,2.0,,,,,,,212.0,,,,,,,1,0,0,2668.0,0,0,0,1,0,0,0,0,0,0,1300.0,-79.73126,-79.73126220703125,5.08,5.08,62.637512,62.63751220703125,35.72,35.72,15.6,15.6,2.6383888888888887,2.6383888888888887
0.06,0.34,1.08,0.007,0.014,0.69,9.0,1.03,0.29,0.02,0.01,0.0,0.048,0.01,0.011,0.01,0.0,0.01,0.0,0.0,0.0,175.0,740.0,8.0,,,,,,,202.0,,,,,,,1,0,0,2668.0,0,0,0,1,0,0,0,0,0,0,1300.0,-79.62307,-79.6230697631836,5.08,5.08,62.637512,62.63751220703125,35.72,35.72,15.6,15.6,2.6383888888888887,2.6383888888888887
0.06,0.34,1.08,0.007,0.014,0.69,9.0,1.03,0.29,0.02,0.01,0.0,0.048,0.01,0.011,0.01,0.0,0.01,0.0,0.0,0.0,175.0,760.0,2.0,,,,,,,204.0,,,,,,,1,0,0,2668.0,0,0,0,1,0,0,0,0,0,0,1300.0,-79.73126,-79.73126220703125,5.08,5.08,62.637512,62.63751220703125,35.72,35.72,15.6,15.6,2.6383888888888887,2.6383888888888887
0.06,0.34,1.08,0.007,0.014,0.69,9.0,1.03,0.29,0.02,0.01,0.0,0.048,0.01,0.011,0.01,0.0,0.01,0.0,0.0,0.0,175.0,760.0,8.0,,,,,,,201.0,,,,,,,1,0,0,2668.0,0,0,0,1,0,0,0,0,0,0,1300.0,-79.62307,-79.6230697631836,5.08,5.08,62.637512,62.63751220703125,35.72,35.72,15.6,15.6,2.6383888888888887,2.6383888888888887
0.07,0.23,1.0,0.002,0.006,0.58,8.3,0.93,0.24,0.01,0.01,0.0,0.046,0.01,0.025,0.01,0.0,0.034,0.0,0.0,0.0,175.0,0.0,0.0,,,,,,,398.0,,0.0,,,,,1,0,0,2668.0,0,0,0,1,0,0,0,0,0,0,1300.0,-116.40084,-116.40084075927734,2.86,0.0,65.93826,65.93826293945312,34.07,34.07,15.6,15.6,1.1246666666666667,1.1246666666666667
0.07,0.23,1.0,0.002,0.006,0.58,8.3,0.93,0.24,0.01,0.01,0.0,0.046,0.01,0.025,0.01,0.0,0.034,0.0,0.0,0.0,175.0,720.0,2.0,,,,,,,249.0,,,,,,,1,0,0,2668.0,0,0,0,1,0,0,0,0,0,0,1300.0,-116.40084,-116.40084075927734,2.86,2.86,65.93826,65.93826293945312,34.07,34.07,15.6,15.6,1.1246666666666667,1.1246666666666667
0.07,0.23,1.0,0.002,0.006,0.58,8.3,0.93,0.24,0.01,0.01,0.0,0.046,0.01,0.025,0.01,0.0,0.034,0.0,0.0,0.0,175.0,720.0,8.0,,,,,,,226.0,,,,,,,1,0,0,2668.0,0,0,0,1,0,0,0,0,0,0,1300.0,-116.4076,-116.40760040283203,2.86,2.86,65.93826,65.93826293945312,34.07,34.07,15.6,15.6,1.1246666666666667,1.1246666666666667
0.07,0.23,1.0,0.002,0.006,0.58,8.3,0.93,0.24,0.01,0.01,0.0,0.046,0.01,0.025,0.01,0.0,0.034,0.0,0.0,0.0,175.0,740.0,2.0,,,,,,,234.0,,,,,,,1,0,0,2668.0,0,0,0,1,0,0,0,0,0,0,1300.0,-116.40084,-116.40084075927734,2.86,2.86,65.93826,65.93826293945312,34.07,34.07,15.6,15.6,1.1246666666666667,1.1246666666666667
0.07,0.23,1.0,0.002,0.006,0.58,8.3,0.93,0.24,0.01,0.01,0.0,0.046,0.01,0.025,0.01,0.0,0.034,0.0,0.0,0.0,175.0,740.0,8.0,,,,,,,219.0,,,,,,,1,0,0,2668.0,0,0,0,1,0,0,0,0,0,0,1300.0,-116.4076,-116.40760040283203,2.86,2.86,65.93826,65.93826293945312,34.07,34.07,15.6,15.6,1.1246666666666667,1.1246666666666667
0.07,0.23,1.0,0.002,0.006,0.58,8.3,0.93,0.24,0.01,0.01,0.0,0.046,0.01,0.025,0.01,0.0,0.034,0.0,0.0,0.0,175.0,760.0,2.0,,,,,,,224.0,,,,,,,1,0,0,2668.0,0,0,0,1,0,0,0,0,0,0,1300.0,-116.4076,-116.40760040283203,2.86,2.86,65.93826,65.93826293945312,34.07,34.07,15.6,15.6,1.1246666666666667,1.1246666666666667
0.07,0.23,1.0,0.002,0.006,0.58,8.3,0.93,0.24,0.01,0.01,0.0,0.046,0.01,0.025,0.01,0.0,0.034,0.0,0.0,0.0,175.0,760.0,8.0,,,,,,,212.0,,,,,,,1,0,0,2668.0,0,0,0,1,0,0,0,0,0,0,1300.0,-116.4076,-116.40760040283203,2.86,2.86,65.93826,65.93826293945312,34.07,34.07,15.6,15.6,1.1246666666666667,1.1246666666666667
0.11,0.51,1.1,0.007,0.013,0.08,8.9,1.0,0.18,0.03,0.01,0.0,0.05,0.01,0.04,0.01,0.0,0.09,0.0,0.0,0.0,175.0,0.0,0.0,,,,,,,467.0,,1.0,,,,,1,0,0,2645.0,0,0,0,1,0,0,0,0,0,0,1000.0,-86.14238,-86.14237976074219,3.71,1.0,53.66451,53.66450881958008,36.05,36.05,15.6,15.6,2.7715317460317452,2.7715317460317452
0.11,0.51,1.1,0.007,0.013,0.08,8.9,1.0,0.18,0.03,0.01,0.0,0.05,0.01,0.04,0.01,0.0,0.09,0.0,0.0,0.0,175.0,720.0,2.0,,,,,,,277.0,,,,,,,1,0,0,2645.0,0,0,0,1,0,0,0,0,0,0,1000.0,-86.14238,-86.14237976074219,3.71,3.71,53.66451,53.66450881958008,36.05,36.05,15.6,15.6,2.7715317460317452,2.7715317460317452
0.11,0.51,1.1,0.007,0.013,0.08,8.9,1.0,0.18,0.03,0.01,0.0,0.05,0.01,0.04,0.01,0.0,0.09,0.0,0.0,0.0,175.0,720.0,8.0,,,,,,,254.0,,,,,,,1,0,0,2645.0,0,0,0,1,0,0,0,0,0,0,1000.0,-86.14238,-86.14237976074219,3.71,3.71,53.66451,53.66450881958008,36.05,36.05,15.6,15.6,2.7715317460317452,2.7715317460317452
0.11,0.51,1.1,0.007,0.013,0.08,8.9,1.0,0.18,0.03,0.01,0.0,0.05,0.01,0.04,0.01,0.0,0.09,0.0,0.0,0.0,175.0,740.0,2.0,,,,,,,263.0,,,,,,,1,0,0,2645.0,0,0,0,1,0,0,0,0,0,0,1000.0,-86.14238,-86.14237976074219,3.71,3.71,53.66451,53.66450881958008,36.05,36.05,15.6,15.6,2.7715317460317452,2.7715317460317452
0.11,0.51,1.1,0.007,0.013,0.08,8.9,1.0,0.18,0.03,0.01,0.0,0.05,0.01,0.04,0.01,0.0,0.09,0.0,0.0,0.0,175.0,740.0,8.0,,,,,,,237.0,,,,,,,1,0,0,2645.0,0,0,0,1,0,0,0,0,0,0,1000.0,-86.14238,-86.14237976074219,3.71,3.71,53.66451,53.66450881958008,36.05,36.05,15.6,15.6,2.7715317460317452,2.7715317460317452
0.11,0.51,1.1,0.007,0.013,0.08,8.9,1.0,0.18,0.03,0.01,0.0,0.05,0.01,0.04,0.01,0.0,0.09,0.0,0.0,0.0,175.0,760.0,2.0,,,,,,,249.0,,,,,,,1,0,0,2645.0,0,0,0,1,0,0,0,0,0,0,1000.0,-86.14238,-86.14237976074219,3.71,3.71,53.66451,53.66450881958008,36.05,36.05,15.6,15.6,2.7715317460317452,2.7715317460317452
0.11,0.51,1.1,0.007,0.013,0.08,8.9,1.0,0.18,0.03,0.01,0.0,0.05,0.01,0.04,0.01,0.0,0.09,0.0,0.0,0.0,175.0,760.0,8.0,,,,,,,226.0,,,,,,,1,0,0,2645.0,0,0,0,1,0,0,0,0,0,0,1000.0,-86.14125,-86.14125061035156,3.71,3.71,53.66451,53.66450881958008,36.05,36.05,15.6,15.6,2.7715317460317452,2.7715317460317452
0.06,0.32,1.23,0.002,0.002,1.01,8.4,0.89,0.22,0.01,0.01,0.0,0.038,0.01,0.008,0.01,0.0,0.03,0.0,0.0,0.0,175.0,0.0,0.0,,,,,,,362.0,,0.0,,,,,1,0,0,4075.0,0,0,0,1,0,0,0,0,0,0,1200.0,-108.66388,-108.66387939453125,1.48,0.0,63.19996,63.19995880126953,36.53,36.53,15.6,15.6,0.4545952380952381,0.4545952380952381
0.06,0.32,1.23,0.002,0.002,1.01,8.4,0.89,0.22,0.01,0.01,0.0,0.038,0.01,0.008,0.01,0.0,0.03,0.0,0.0,0.0,175.0,720.0,2.0,,,,,,,291.0,,,,,,,1,0,0,4075.0,0,0,0,1,0,0,0,0,0,0,1200.0,-108.66388,-108.66387939453125,1.48,1.48,63.19996,63.19995880126953,36.53,36.53,15.6,15.6,0.4545952380952381,0.4545952380952381
0.06,0.32,1.23,0.002,0.002,1.01,8.4,0.89,0.22,0.01,0.01,0.0,0.038,0.01,0.008,0.01,0.0,0.03,0.0,0.0,0.0,175.0,720.0,8.0,,,,,,,262.0,,,,,,,1,0,0,4075.0,0,0,0,1,0,0,0,0,0,0,1200.0,-108.66388,-108.66387939453125,1.48,1.48,63.19996,63.19995880126953,36.53,36.53,15.6,15.6,0.4545952380952381,0.4545952380952381
0.06,0.32,1.23,0.002,0.002,1.01,8.4,0.89,0.22,0.01,0.01,0.0,0.038,0.01,0.008,0.01,0.0,0.03,0.0,0.0,0.0,175.0,740.0,2.0,,,,,,,266.0,,,,,,,1,0,0,4075.0,0,0,0,1,0,0,0,0,0,0,1200.0,-108.66388,-108.66387939453125,1.48,1.48,63.19996,63.19995880126953,36.53,36.53,15.6,15.6,0.4545952380952381,0.4545952380952381
0.06,0.32,1.23,0.002,0.002,1.01,8.4,0.89,0.22,0.01,0.01,0.0,0.038,0.01,0.008,0.01,0.0,0.03,0.0,0.0,0.0,175.0,740.0,8.0,,,,,,,253.0,,,,,,,1,0,0,4075.0,0,0,0,1,0,0,0,0,0,0,1200.0,-108.66388,-108.66387939453125,1.48,1.48,63.19996,63.19995880126953,36.53,36.53,15.6,15.6,0.4545952380952381,0.4545952380952381
0.06,0.32,1.23,0.002,0.002,1.01,8.4,0.89,0.22,0.01,0.01,0.0,0.038,0.01,0.008,0.01,0.0,0.03,0.0,0.0,0.0,175.0,760.0,2.0,,,,,,,257.0,,,,,,,1,0,0,4075.0,0,0,0,1,0,0,0,0,0,0,1200.0,-108.66388,-108.66387939453125,1.48,1.48,63.19996,63.19995880126953,36.53,36.53,15.6,15.6,0.4545952380952381,0.4545952380952381
0.06,0.32,1.23,0.002,0.002,1.01,8.4,0.89,0.22,0.01,0.01,0.0,0.038,0.01,0.008,0.01,0.0,0.03,0.0,0.0,0.0,175.0,760.0,8.0,,,,,,,246.0,,,,,,,1,0,0,4075.0,0,0,0,1,0,0,0,0,0,0,1200.0,-108.66388,-108.66387939453125,1.48,1.48,63.19996,63.19995880126953,36.53,36.53,15.6,15.6,0.4545952380952381,0.4545952380952381
0.1,0.43,0.96,0.003,0.006,0.17,8.6,0.97,0.22,0.02,0.005,0.0,0.036,1e-06,0.043,1e-06,0.0,0.02,0.0,0.0,0.0,200.0,750.0,2.0,,,,,,,282.9481941095814,,,,,,,1,0,0,2900.0,0,0,0,1,0,0,0,0,0,0,1000.0,-67.84813,-67.84812927246094,4.87,4.87,54.577892,54.5778923034668,33.51,33.51,15.6,15.6,1.2868181818181819,1.2868181818181819
0.1,0.43,0.96,0.003,0.006,0.17,8.6,0.97,0.22,0.02,0.005,0.0,0.036,1e-06,0.043,1e-06,0.0,0.02,0.0,0.0,0.0,200.0,750.0,2.0,,,,,-20.0,8.0,,,,,,,,1,0,0,2900.0,0,0,0,1,0,0,0,0,0,0,1000.0,-67.84813,-67.84812927246094,4.87,4.87,54.577892,54.5778923034668,33.51,33.51,15.6,15.6,1.2868181818181819,1.2868181818181819
0.1,0.43,0.96,0.003,0.006,0.17,8.6,0.97,0.22,0.02,0.005,0.0,0.036,1e-06,0.043,1e-06,0.0,0.02,0.0,0.0,0.0,200.0,750.0,2.0,,,,,20.0,23.0,,,,,,,,1,0,0,2900.0,0,0,0,1,0,0,0,0,0,0,1000.0,-67.84813,-67.84812927246094,4.87,4.87,54.577892,54.5778923034668,33.51,33.51,15.6,15.6,1.2868181818181819,1.2868181818181819
0.1,0.43,0.96,0.003,0.006,0.17,8.6,0.97,0.22,0.02,0.005,0.0,0.036,1e-06,0.043,1e-06,0.0,0.02,0.0,0.0,0.0,200.0,750.0,2.0,,,,,40.0,44.0,,,,,,,,1,0,0,2900.0,0,0,0,1,0,0,0,0,0,0,1000.0,-67.84813,-67.84812927246094,4.87,4.87,54.577892,54.5778923034668,33.51,33.51,15.6,15.6,1.2868181818181819,1.2868181818181819
0.1,0.4,0.98,0.004,0.008,0.17,8.7,0.98,0.22,0.03,0.01,0.0,0.041,1e-06,0.042,1e-06,0.0,0.03,0.0,0.0,0.0,200.0,750.0,2.0,,,,,,,288.30706142226285,,,,,,,1,0,0,3045.0,0,0,0,1,0,0,0,0,0,0,1200.0,-67.80756,-67.80756378173828,4.74,4.74,55.00031,55.000308990478516,33.04,33.04,15.6,15.6,1.0236666666666667,1.0236666666666667
0.1,0.4,0.98,0.004,0.008,0.17,8.7,0.98,0.22,0.03,0.01,0.0,0.041,1e-06,0.042,1e-06,0.0,0.03,0.0,0.0,0.0,200.0,750.0,2.0,,,,,-20.0,8.0,,,,,,,,1,0,0,3045.0,0,0,0,1,0,0,0,0,0,0,1200.0,-67.80756,-67.80756378173828,4.74,4.74,55.00031,55.000308990478516,33.04,33.04,15.6,15.6,1.0236666666666667,1.0236666666666667
0.1,0.4,0.98,0.004,0.008,0.17,8.7,0.98,0.22,0.03,0.01,0.0,0.041,1e-06,0.042,1e-06,0.0,0.03,0.0,0.0,0.0,200.0,750.0,2.0,,,,,20.0,27.0,,,,,,,,1,0,0,3045.0,0,0,0,1,0,0,0,0,0,0,1200.0,-67.80756,-67.80756378173828,4.74,4.74,55.00031,55.000308990478516,33.04,33.04,15.6,15.6,1.0236666666666667,1.0236666666666667
0.1,0.4,0.98,0.004,0.008,0.17,8.7,0.98,0.22,0.03,0.01,0.0,0.041,1e-06,0.042,1e-06,0.0,0.03,0.0,0.0,0.0,200.0,750.0,2.0,,,,,40.0,52.0,,,,,,,,1,0,0,3045.0,0,0,0,1,0,0,0,0,0,0,1200.0,-67.80756,-67.80756378173828,4.74,4.74,55.00031,55.000308990478516,33.04,33.04,15.6,15.6,1.0236666666666667,1.0236666666666667
0.1,0.42,0.96,0.003,0.006,0.17,8.8,1.01,0.21,0.02,0.005,0.0,0.04,1e-06,0.043,1e-06,0.0,0.09,0.0,0.0,0.0,200.0,760.0,8.0,,,,,,,249.7232167709563,,,,,,,1,0,0,3003.0,0,0,0,1,0,0,0,0,0,0,1100.0,-63.276733,-63.2767333984375,4.48,4.48,55.2405,55.240501403808594,33.09,33.09,15.6,15.6,1.1671515151515153,1.1671515151515153
0.1,0.42,0.96,0.003,0.006,0.17,8.8,1.01,0.21,0.02,0.005,0.0,0.04,1e-06,0.043,1e-06,0.0,0.09,0.0,0.0,0.0,200.0,760.0,8.0,,,,,-20.0,10.0,,,,,,,,1,0,0,3003.0,0,0,0,1,0,0,0,0,0,0,1100.0,-63.276733,-63.2767333984375,4.48,4.48,55.2405,55.240501403808594,33.09,33.09,15.6,15.6,1.1671515151515153,1.1671515151515153
0.1,0.42,0.96,0.003,0.006,0.17,8.8,1.01,0.21,0.02,0.005,0.0,0.04,1e-06,0.043,1e-06,0.0,0.09,0.0,0.0,0.0,200.0,760.0,8.0,,,,,20.0,44.0,,,,,,,,1,0,0,3003.0,0,0,0,1,0,0,0,0,0,0,1100.0,-63.276733,-63.2767333984375,4.48,4.48,55.2405,55.240501403808594,33.09,33.09,15.6,15.6,1.1671515151515153,1.1671515151515153
0.1,0.42,0.96,0.003,0.006,0.17,8.8,1.01,0.21,0.02,0.005,0.0,0.04,1e-06,0.043,1e-06,0.0,0.09,0.0,0.0,0.0,200.0,760.0,8.0,,,,,40.0,83.0,,,,,,,,1,0,0,3003.0,0,0,0,1,0,0,0,0,0,0,1100.0,-63.276733,-63.2767333984375,4.48,4.48,55.2405,55.240501403808594,33.09,33.09,15.6,15.6,1.1671515151515153,1.1671515151515153
0.1,0.42,0.91,0.004,0.008,0.17,8.9,0.98,0.21,0.03,0.01,0.0,0.039,1e-06,0.041,1e-06,0.0,0.09,0.0,0.0,0.0,200.0,760.0,8.0,,,,,,,242.22080253320223,,,,,,,1,0,0,3212.0,0,0,0,1,0,0,0,0,0,0,1100.0,-63.274643,-63.27464294433594,4.82,4.82,55.2405,55.240501403808594,33.87,33.87,15.6,15.6,1.2168181818181818,1.2168181818181818
0.1,0.42,0.91,0.004,0.008,0.17,8.9,0.98,0.21,0.03,0.01,0.0,0.039,1e-06,0.041,1e-06,0.0,0.09,0.0,0.0,0.0,200.0,760.0,8.0,,,,,-20.0,10.0,,,,,,,,1,0,0,3212.0,0,0,0,1,0,0,0,0,0,0,1100.0,-63.274643,-63.27464294433594,4.82,4.82,55.2405,55.240501403808594,33.87,33.87,15.6,15.6,1.2168181818181818,1.2168181818181818
0.1,0.42,0.91,0.004,0.008,0.17,8.9,0.98,0.21,0.03,0.01,0.0,0.039,1e-06,0.041,1e-06,0.0,0.09,0.0,0.0,0.0,200.0,760.0,8.0,,,,,20.0,44.0,,,,,,,,1,0,0,3212.0,0,0,0,1,0,0,0,0,0,0,1100.0,-63.274643,-63.27464294433594,4.82,4.82,55.2405,55.240501403808594,33.87,33.87,15.6,15.6,1.2168181818181818,1.2168181818181818
0.1,0.42,0.91,0.004,0.008,0.17,8.9,0.98,0.21,0.03,0.01,0.0,0.039,1e-06,0.041,1e-06,0.0,0.09,0.0,0.0,0.0,200.0,760.0,8.0,,,,,40.0,83.0,,,,,,,,1,0,0,3212.0,0,0,0,1,0,0,0,0,0,0,1100.0,-63.274643,-63.27464294433594,4.82,4.82,55.2405,55.240501403808594,33.87,33.87,15.6,15.6,1.2168181818181818,1.2168181818181818
0.1,0.27,0.6,0.002,0.011,0.13,8.75,1.02,0.2,0.09,0.017,0.1,0.0,0.002,0.039,0.016,0.001,0.0,0.003,0.004,0.0,177.0,746.0,4.0,650.0,747.0,19.0,63.0,,,,,,,,,,1,0,0,12600.0,0,0,0,0,0,0,0,1,0,0,1400.0,-39.958183,-39.95818328857422,9.776666666666666,9.776666666666666,65.05493,65.054931640625,34.4,34.4,15.6,15.6,0.968,0.968
0.1,0.27,0.6,0.002,0.011,0.13,8.75,1.02,0.2,0.09,0.017,0.1,0.0,0.002,0.039,0.016,0.001,0.0,0.003,0.004,0.0,177.0,746.0,4.0,625.0,734.0,22.0,63.0,,,,,,,,,,1,0,0,12600.0,0,0,0,0,0,0,0,1,0,0,1400.0,-39.958183,-39.95818328857422,9.776666666666666,9.776666666666666,65.05493,65.054931640625,34.4,34.4,15.6,15.6,0.968,0.968
0.11,0.27,0.6,0.002,0.01,0.14,8.77,1.01,0.2,0.1,0.017,0.1,0.0,0.002,0.037,1.4e-06,0.001,0.0,0.004,0.005,0.0,177.0,746.0,4.0,626.0,727.0,23.0,69.0,,,,,,,,,,1,0,0,12600.0,0,0,0,0,0,0,0,1,0,0,1400.0,-39.80108,-39.80107879638672,9.786666666666667,9.786666666666667,64.982124,64.98212432861328,34.5,34.5,15.6,15.6,1.0305,1.0305
0.11,0.27,0.6,0.002,0.01,0.14,8.77,1.01,0.2,0.1,0.017,0.1,0.0,0.002,0.037,1.4e-06,0.001,0.0,0.004,0.005,0.0,177.0,746.0,4.0,629.0,735.0,21.0,68.0,,,,,,,,,,1,0,0,12600.0,0,0,0,0,0,0,0,1,0,0,1400.0,-39.80108,-39.80107879638672,9.786666666666667,9.786666666666667,64.982124,64.98212432861328,34.5,34.5,15.6,15.6,1.0305,1.0305
0.09,0.34,0.48,0.004,0.011,0.08,8.6,0.98,0.22,0.05,0.02,0.1,0.0,0.002,0.026,5e-07,0.001,0.0,0.003,0.005,0.0,177.0,746.0,4.0,647.0,747.0,20.0,68.0,,,,,,,,,,1,0,0,4485.0,0,0,1,0,0,0,0,0,0,0,1900.0,-39.97319,-39.97319030761719,10.31,10.31,63.863003,63.86300277709961,35.13,35.13,15.6,15.6,0.9303181818181818,0.9303181818181818
0.09,0.34,0.48,0.004,0.011,0.08,8.6,0.98,0.22,0.05,0.02,0.1,0.0,0.002,0.026,5e-07,0.001,0.0,0.003,0.005,0.0,177.0,746.0,4.0,661.0,756.0,24.0,73.0,,,,,,,,,,1,0,0,4485.0,0,0,1,0,0,0,0,0,0,0,1900.0,-39.97319,-39.97319030761719,10.31,10.31,63.863003,63.86300277709961,35.13,35.13,15.6,15.6,0.9303181818181818,0.9303181818181818
0.081,0.34,0.49,0.004,0.012,0.08,8.57,0.98,0.22,0.05,0.021,0.1,0.0,0.002,0.024,4e-07,0.001,0.0,0.003,0.006,0.0,177.0,746.0,1.0,682.0,783.0,26.0,74.0,,,,,,,,,,1,0,0,3750.0,0,0,1,0,0,0,0,0,0,0,1400.0,-39.980297,-39.98029708862305,10.07,10.07,63.863003,63.86300277709961,35.23,35.23,15.6,15.6,0.9303181818181818,0.9303181818181818
0.081,0.34,0.49,0.004,0.012,0.08,8.57,0.98,0.22,0.05,0.021,0.1,0.0,0.002,0.024,4e-07,0.001,0.0,0.003,0.006,0.0,177.0,746.0,1.0,728.0,817.0,21.0,73.0,,,,,,,,,,1,0,0,3750.0,0,0,1,0,0,0,0,0,0,0,1400.0,-39.980297,-39.98029708862305,10.07,10.07,63.863003,63.86300277709961,35.23,35.23,15.6,15.6,0.9303181818181818,0.9303181818181818
0.11,0.3,0.44,0.004,0.011,0.08,8.58,1.0,0.22,0.05,0.02,0.1,0.0,0.002,0.034,4e-07,0.001,0.0,0.002,0.005,0.0,177.0,746.0,4.0,605.0,726.0,20.0,68.0,,,,,,,,,,1,0,0,7837.5,0,1,0,0,0,0,0,0,0,0,1200.0,-39.95199,-39.951988220214844,9.856666666666666,9.856666666666666,65.05493,65.054931640625,34.4,34.4,15.6,15.6,1.0305,1.0305
0.11,0.3,0.44,0.004,0.011,0.08,8.58,1.0,0.22,0.05,0.02,0.1,0.0,0.002,0.034,4e-07,0.001,0.0,0.002,0.005,0.0,177.0,746.0,4.0,603.0,726.0,20.0,66.0,,,,,,,,,,1,0,0,7837.5,0,1,0,0,0,0,0,0,0,0,1200.0,-39.95199,-39.951988220214844,9.856666666666666,9.856666666666666,65.05493,65.054931640625,34.4,34.4,15.6,15.6,1.0305,1.0305
0.12,0.24,0.53,0.001,0.01,0.13,8.61,1.03,0.2,0.09,0.016,0.1,0.0,0.002,0.043,1.2999999999999998e-06,0.001,0.0,0.003,0.005,0.0,177.0,746.0,4.0,654.0,767.0,20.0,62.0,,,,,,,,,,1,0,0,8122.5,0,1,0,0,0,0,0,0,0,0,1300.0,-44.314663,-44.31466293334961,10.126666666666667,10.126666666666667,65.61151,65.61151123046875,34.5,34.5,15.6,15.6,1.0305,1.0305
0.12,0.24,0.53,0.001,0.01,0.13,8.61,1.03,0.2,0.09,0.016,0.1,0.0,0.002,0.043,1.2999999999999998e-06,0.001,0.0,0.003,0.005,0.0,177.0,746.0,4.0,661.0,772.0,19.0,62.0,,,,,,,,,,1,0,0,8122.5,0,1,0,0,0,0,0,0,0,0,1300.0,-44.314663,-44.31466293334961,10.126666666666667,10.126666666666667,65.61151,65.61151123046875,34.5,34.5,15.6,15.6,1.0305,1.0305
0.1,0.22,0.55,0.009,0.013,0.21,2.68,1.05,0.0,0.0,0.0,0.0,0.026,0.0,0.0,0.02,0.0,0.0,0.0,0.0,0.0,250.0,690.0,10.0,492.0,610.0,27.0,,,,,,,,,,,1,0,0,16000.0,0,0,0,0,0,1,0,0,0,0,2000.0,-28.303003,-28.303003311157227,9.193333333333333,9.193333333333333,95.04435,95.04434967041016,17.87,17.87,15.6,15.6,1.3728650793650794,1.3728650793650794
0.1,0.22,0.55,0.009,0.013,0.21,2.68,1.05,0.0,0.0,0.0,0.0,0.026,0.0,0.0,0.02,0.0,0.0,0.0,0.0,0.0,250.0,690.0,10.0,,,,,24.0,193.0,,,,,,,,1,0,0,16000.0,0,0,0,0,0,1,0,0,0,0,2000.0,-28.303003,-28.303003311157227,9.193333333333333,9.193333333333333,95.04435,95.04434967041016,17.87,17.87,15.6,15.6,1.3728650793650794,1.3728650793650794
0.1,0.22,0.55,0.009,0.013,0.21,2.68,1.05,0.0,0.0,0.0,0.0,0.026,0.0,0.0,0.02,0.0,0.0,0.0,0.0,0.0,250.0,690.0,10.0,,,,,0.0,164.0,,,,,,,,1,0,0,16000.0,0,0,0,0,0,1,0,0,0,0,2000.0,-28.303003,-28.303003311157227,9.193333333333333,9.193333333333333,95.04435,95.04434967041016,17.87,17.87,15.6,15.6,1.3728650793650794,1.3728650793650794
0.1,0.22,0.55,0.009,0.013,0.21,2.68,1.05,0.0,0.0,0.0,0.0,0.026,0.0,0.0,0.02,0.0,0.0,0.0,0.0,0.0,250.0,690.0,10.0,,,,,-20.0,147.0,,,,,,,,1,0,0,16000.0,0,0,0,0,0,1,0,0,0,0,2000.0,-28.303003,-28.303003311157227,9.193333333333333,9.193333333333333,95.04435,95.04434967041016,17.87,17.87,15.6,15.6,1.3728650793650794,1.3728650793650794
0.1,0.22,0.55,0.009,0.013,0.21,2.68,1.05,0.0,0.0,0.0,0.0,0.026,0.0,0.0,0.02,0.0,0.0,0.0,0.0,0.0,250.0,690.0,10.0,,,,,-40.0,72.0,,,,,,,,1,0,0,16000.0,0,0,0,0,0,1,0,0,0,0,2000.0,-28.303003,-28.303003311157227,9.193333333333333,9.193333333333333,95.04435,95.04434967041016,17.87,17.87,15.6,15.6,1.3728650793650794,1.3728650793650794
0.1,0.22,0.55,0.009,0.013,0.21,2.68,1.05,0.0,0.0,0.0,0.0,0.026,0.0,0.0,0.02,0.0,0.0,0.0,0.0,0.0,250.0,690.0,10.0,,,,,-60.0,15.0,,,,,,,,1,0,0,16000.0,0,0,0,0,0,1,0,0,0,0,2000.0,-28.303003,-28.303003311157227,9.193333333333333,9.193333333333333,95.04435,95.04434967041016,17.87,17.87,15.6,15.6,1.3728650793650794,1.3728650793650794
0.06,0.49,0.67,0.011,0.009,0.21,2.63,1.06,0.0,0.0,0.0,0.0,0.085,0.0,0.0,0.015,0.0,0.0,0.0,0.0,0.0,250.0,690.0,10.0,469.0,592.0,27.0,,,,,,,,,,,1,0,0,16000.0,0,0,0,0,0,1,0,0,0,0,2000.0,-39.14973,-39.14973068237305,7.94,7.94,89.49567,89.49566650390625,20.66,20.66,15.6,15.6,3.1614365079365068,3.1614365079365068
0.06,0.49,0.67,0.011,0.009,0.21,2.63,1.06,0.0,0.0,0.0,0.0,0.085,0.0,0.0,0.015,0.0,0.0,0.0,0.0,0.0,250.0,690.0,10.0,,,,,22.0,96.0,,,,,,,,1,0,0,16000.0,0,0,0,0,0,1,0,0,0,0,2000.0,-39.14973,-39.14973068237305,7.94,7.94,89.49567,89.49566650390625,20.66,20.66,15.6,15.6,3.1614365079365068,3.1614365079365068
0.06,0.49,0.67,0.011,0.009,0.21,2.63,1.06,0.0,0.0,0.0,0.0,0.085,0.0,0.0,0.015,0.0,0.0,0.0,0.0,0.0,250.0,690.0,10.0,,,,,0.0,68.0,,,,,,,,1,0,0,16000.0,0,0,0,0,0,1,0,0,0,0,2000.0,-39.14973,-39.14973068237305,7.94,7.94,89.49567,89.49566650390625,20.66,20.66,15.6,15.6,3.1614365079365068,3.1614365079365068
0.06,0.49,0.67,0.011,0.009,0.21,2.63,1.06,0.0,0.0,0.0,0.0,0.085,0.0,0.0,0.015,0.0,0.0,0.0,0.0,0.0,250.0,690.0,10.0,,,,,-20.0,38.0,,,,,,,,1,0,0,16000.0,0,0,0,0,0,1,0,0,0,0,2000.0,-39.14973,-39.14973068237305,7.94,7.94,89.49567,89.49566650390625,20.66,20.66,15.6,15.6,3.1614365079365068,3.1614365079365068
0.06,0.49,0.67,0.011,0.009,0.21,2.63,1.06,0.0,0.0,0.0,0.0,0.085,0.0,0.0,0.015,0.0,0.0,0.0,0.0,0.0,250.0,690.0,10.0,,,,,-40.0,15.0,,,,,,,,1,0,0,16000.0,0,0,0,0,0,1,0,0,0,0,2000.0,-39.14973,-39.14973068237305,7.94,7.94,89.49567,89.49566650390625,20.66,20.66,15.6,15.6,3.1614365079365068,3.1614365079365068
0.1,0.19,0.53,0.007,0.007,0.2,2.7,1.03,0.0,0.0,0.0,0.0,0.022,0.0,0.0,0.015,0.0,0.0,0.0,0.0,0.0,250.0,690.0,10.0,456.0,592.0,29.0,,,,,,,,,,,1,0,0,16000.0,0,0,0,0,0,1,0,0,0,0,2000.0,-28.198095,-28.198095321655273,9.833333333333334,9.833333333333334,96.68987,96.68987274169922,17.14,17.14,15.6,15.6,0.6769126984126984,0.6769126984126984
0.1,0.19,0.53,0.007,0.007,0.2,2.7,1.03,0.0,0.0,0.0,0.0,0.022,0.0,0.0,0.015,0.0,0.0,0.0,0.0,0.0,250.0,690.0,10.0,,,,,24.0,270.0,,,,,,,,1,0,0,16000.0,0,0,0,0,0,1,0,0,0,0,2000.0,-28.198095,-28.198095321655273,9.833333333333334,9.833333333333334,96.68987,96.68987274169922,17.14,17.14,15.6,15.6,0.6769126984126984,0.6769126984126984
0.1,0.19,0.53,0.007,0.007,0.2,2.7,1.03,0.0,0.0,0.0,0.0,0.022,0.0,0.0,0.015,0.0,0.0,0.0,0.0,0.0,250.0,690.0,10.0,,,,,0.0,238.0,,,,,,,,1,0,0,16000.0,0,0,0,0,0,1,0,0,0,0,2000.0,-28.198095,-28.198095321655273,9.833333333333334,9.833333333333334,96.68987,96.68987274169922,17.14,17.14,15.6,15.6,0.6769126984126984,0.6769126984126984
0.1,0.19,0.53,0.007,0.007,0.2,2.7,1.03,0.0,0.0,0.0,0.0,0.022,0.0,0.0,0.015,0.0,0.0,0.0,0.0,0.0,250.0,690.0,10.0,,,,,-20.0,176.0,,,,,,,,1,0,0,16000.0,0,0,0,0,0,1,0,0,0,0,2000.0,-28.198095,-28.198095321655273,9.833333333333334,9.833333333333334,96.68987,96.68987274169922,17.14,17.14,15.6,15.6,0.6769126984126984,0.6769126984126984
0.1,0.19,0.53,0.007,0.007,0.2,2.7,1.03,0.0,0.0,0.0,0.0,0.022,0.0,0.0,0.015,0.0,0.0,0.0,0.0,0.0,250.0,690.0,10.0,,,,,-40.0,157.0,,,,,,,,1,0,0,16000.0,0,0,0,0,0,1,0,0,0,0,2000.0,-28.198095,-28.198095321655273,9.833333333333334,9.833333333333334,96.68987,96.68987274169922,17.14,17.14,15.6,15.6,0.6769126984126984,0.6769126984126984
0.1,0.19,0.53,0.007,0.007,0.2,2.7,1.03,0.0,0.0,0.0,0.0,0.022,0.0,0.0,0.015,0.0,0.0,0.0,0.0,0.0,250.0,690.0,10.0,,,,,-60.0,53.0,,,,,,,,1,0,0,16000.0,0,0,0,0,0,1,0,0,0,0,2000.0,-28.198095,-28.198095321655273,9.833333333333334,9.833333333333334,96.68987,96.68987274169922,17.14,17.14,15.6,15.6,0.6769126984126984,0.6769126984126984
0.09,0.24,0.68,0.013,0.006,0.2,2.22,1.03,0.0,0.0,0.0,0.0,0.052,0.0,0.0,0.01,0.0,0.0,0.0,0.0,0.0,200.0,690.0,10.0,535.0,627.0,23.0,,,,,,,,,,,1,0,0,15000.0,0,0,0,0,1,0,0,0,0,0,3600.0,-25.887106,-25.88710594177246,7.28,7.28,76.500534,76.50053405761719,13.99,13.99,15.6,15.6,3.288579365079364,3.288579365079364
0.09,0.24,0.68,0.013,0.006,0.2,2.22,1.03,0.0,0.0,0.0,0.0,0.052,0.0,0.0,0.01,0.0,0.0,0.0,0.0,0.0,200.0,690.0,10.0,,,,,27.0,144.0,,,,,,,,1,0,0,15000.0,0,0,0,0,1,0,0,0,0,0,3600.0,-25.887106,-25.88710594177246,7.28,7.28,76.500534,76.50053405761719,13.99,13.99,15.6,15.6,3.288579365079364,3.288579365079364
0.09,0.24,0.68,0.013,0.006,0.2,2.22,1.03,0.0,0.0,0.0,0.0,0.052,0.0,0.0,0.01,0.0,0.0,0.0,0.0,0.0,200.0,690.0,10.0,,,,,2.0,127.0,,,,,,,,1,0,0,15000.0,0,0,0,0,1,0,0,0,0,0,3600.0,-25.887106,-25.88710594177246,7.28,7.28,76.500534,76.50053405761719,13.99,13.99,15.6,15.6,3.288579365079364,3.288579365079364
0.09,0.24,0.68,0.013,0.006,0.2,2.22,1.03,0.0,0.0,0.0,0.0,0.052,0.0,0.0,0.01,0.0,0.0,0.0,0.0,0.0,200.0,690.0,10.0,,,,,-20.0,111.0,,,,,,,,1,0,0,15000.0,0,0,0,0,1,0,0,0,0,0,3600.0,-25.887106,-25.88710594177246,7.28,7.28,76.500534,76.50053405761719,13.99,13.99,15.6,15.6,3.288579365079364,3.288579365079364
0.09,0.24,0.68,0.013,0.006,0.2,2.22,1.03,0.0,0.0,0.0,0.0,0.052,0.0,0.0,0.01,0.0,0.0,0.0,0.0,0.0,200.0,690.0,10.0,,,,,-40.0,81.0,,,,,,,,1,0,0,15000.0,0,0,0,0,1,0,0,0,0,0,3600.0,-25.887106,-25.88710594177246,7.28,7.28,76.500534,76.50053405761719,13.99,13.99,15.6,15.6,3.288579365079364,3.288579365079364
0.09,0.24,0.68,0.013,0.006,0.2,2.22,1.03,0.0,0.0,0.0,0.0,0.052,0.0,0.0,0.01,0.0,0.0,0.0,0.0,0.0,200.0,690.0,10.0,,,,,-60.0,36.0,,,,,,,,1,0,0,15000.0,0,0,0,0,1,0,0,0,0,0,3600.0,-25.887106,-25.88710594177246,7.28,7.28,76.500534,76.50053405761719,13.99,13.99,15.6,15.6,3.288579365079364,3.288579365079364
0.11,0.14,0.73,0.002,0.005,0.0,2.3,1.03,0.27,0.0,0.0,0.0,0.0254,0.0,0.0026,0.0,0.0,0.02,0.0,0.0,0.0,200.0,690.0,8.0,,738.0,,,,,,,,,,,,0,0,1,14500.0,0,0,0,0,0,0,1,0,0,0,2900.0,-36.156803,-36.156803131103516,8.01,8.01,36.012974,36.01297378540039,29.9,29.9,15.6,15.6,1.1804126984126984,1.1804126984126984
0.11,0.14,0.73,0.002,0.005,0.0,2.3,1.03,0.27,0.0,0.0,0.0,0.0254,0.0,0.0026,0.0,0.0,0.02,0.0,0.0,0.0,200.0,690.0,8.0,,,,,-40.0,10.0,,,,,,,,0,0,1,14500.0,0,0,0,0,0,0,1,0,0,0,2900.0,-36.156803,-36.156803131103516,8.01,8.01,36.012974,36.01297378540039,29.9,29.9,15.6,15.6,1.1804126984126984,1.1804126984126984
0.11,0.14,0.73,0.002,0.005,0.0,2.3,1.03,0.27,0.0,0.0,0.0,0.0254,0.0,0.0026,0.0,0.0,0.02,0.0,0.0,0.0,200.0,690.0,8.0,,,,,-40.0,12.0,,,,,,,,0,0,1,14500.0,0,0,0,0,0,0,1,0,0,0,2900.0,-36.156803,-36.156803131103516,8.01,8.01,36.012974,36.01297378540039,29.9,29.9,15.6,15.6,1.1804126984126984,1.1804126984126984
0.11,0.14,0.73,0.002,0.005,0.0,2.3,1.03,0.27,0.0,0.0,0.0,0.0254,0.0,0.0026,0.0,0.0,0.02,0.0,0.0,0.0,200.0,690.0,8.0,,,,,-40.0,17.0,,,,,,,,0,0,1,14500.0,0,0,0,0,0,0,1,0,0,0,2900.0,-36.156803,-36.156803131103516,8.01,8.01,36.012974,36.01297378540039,29.9,29.9,15.6,15.6,1.1804126984126984,1.1804126984126984
0.11,0.14,0.73,0.002,0.005,0.0,2.3,1.03,0.27,0.0,0.0,0.0,0.0254,0.0,0.0026,0.0,0.0,0.02,0.0,0.0,0.0,200.0,690.0,8.0,,,,,-20.0,13.0,,,,,,,,0,0,1,14500.0,0,0,0,0,0,0,1,0,0,0,2900.0,-36.156803,-36.156803131103516,8.01,8.01,36.012974,36.01297378540039,29.9,29.9,15.6,15.6,1.1804126984126984,1.1804126984126984
0.11,0.14,0.73,0.002,0.005,0.0,2.3,1.03,0.27,0.0,0.0,0.0,0.0254,0.0,0.0026,0.0,0.0,0.02,0.0,0.0,0.0,200.0,690.0,8.0,,,,,-20.0,18.0,,,,,,,,0,0,1,14500.0,0,0,0,0,0,0,1,0,0,0,2900.0,-36.156803,-36.156803131103516,8.01,8.01,36.012974,36.01297378540039,29.9,29.9,15.6,15.6,1.1804126984126984,1.1804126984126984
0.11,0.14,0.73,0.002,0.005,0.0,2.3,1.03,0.27,0.0,0.0,0.0,0.0254,0.0,0.0026,0.0,0.0,0.02,0.0,0.0,0.0,200.0,690.0,8.0,,,,,-20.0,22.0,,,,,,,,0,0,1,14500.0,0,0,0,0,0,0,1,0,0,0,2900.0,-36.156803,-36.156803131103516,8.01,8.01,36.012974,36.01297378540039,29.9,29.9,15.6,15.6,1.1804126984126984,1.1804126984126984
0.11,0.14,0.73,0.002,0.005,0.0,2.3,1.03,0.27,0.0,0.0,0.0,0.0254,0.0,0.0026,0.0,0.0,0.02,0.0,0.0,0.0,200.0,690.0,24.0,,685.0,,,,,,,,,,,,0,0,1,14500.0,0,0,0,0,0,0,1,0,0,0,2900.0,-36.156803,-36.156803131103516,8.01,8.01,36.012974,36.01297378540039,29.9,29.9,15.6,15.6,1.1804126984126984,1.1804126984126984
0.12,0.14,1.03,0.002,0.006,0.0,2.3,1.03,0.27,0.0,0.0,0.0,0.0166,0.0,0.0022,0.0,0.0,0.02,0.0,0.0,0.0,200.0,690.0,8.0,,745.0,,,,,,,,,,,,0,0,1,14500.0,0,0,0,0,0,0,1,0,0,0,2900.0,-65.55359,-65.5535888671875,7.58,7.58,36.012974,36.01297378540039,29.51,29.51,15.6,15.6,0.9232460317460317,0.9232460317460317
0.12,0.14,1.03,0.002,0.006,0.0,2.3,1.03,0.27,0.0,0.0,0.0,0.0166,0.0,0.0022,0.0,0.0,0.02,0.0,0.0,0.0,200.0,690.0,8.0,,,,,-40.0,37.0,,,,,,,,0,0,1,14500.0,0,0,0,0,0,0,1,0,0,0,2900.0,-65.55359,-65.5535888671875,7.58,7.58,36.012974,36.01297378540039,29.51,29.51,15.6,15.6,0.9232460317460317,0.9232460317460317
0.12,0.14,1.03,0.002,0.006,0.0,2.3,1.03,0.27,0.0,0.0,0.0,0.0166,0.0,0.0022,0.0,0.0,0.02,0.0,0.0,0.0,200.0,690.0,8.0,,,,,-40.0,53.0,,,,,,,,0,0,1,14500.0,0,0,0,0,0,0,1,0,0,0,2900.0,-65.55359,-65.5535888671875,7.58,7.58,36.012974,36.01297378540039,29.51,29.51,15.6,15.6,0.9232460317460317,0.9232460317460317
0.12,0.14,1.03,0.002,0.006,0.0,2.3,1.03,0.27,0.0,0.0,0.0,0.0166,0.0,0.0022,0.0,0.0,0.02,0.0,0.0,0.0,200.0,690.0,8.0,,,,,-20.0,96.0,,,,,,,,0,0,1,14500.0,0,0,0,0,0,0,1,0,0,0,2900.0,-65.55359,-65.5535888671875,7.58,7.58,36.012974,36.01297378540039,29.51,29.51,15.6,15.6,0.9232460317460317,0.9232460317460317
0.12,0.14,1.03,0.002,0.006,0.0,2.3,1.03,0.27,0.0,0.0,0.0,0.0166,0.0,0.0022,0.0,0.0,0.02,0.0,0.0,0.0,200.0,690.0,8.0,,,,,-20.0,149.0,,,,,,,,0,0,1,14500.0,0,0,0,0,0,0,1,0,0,0,2900.0,-65.55359,-65.5535888671875,7.58,7.58,36.012974,36.01297378540039,29.51,29.51,15.6,15.6,0.9232460317460317,0.9232460317460317
0.12,0.14,1.03,0.002,0.006,0.0,2.3,1.03,0.27,0.0,0.0,0.0,0.0166,0.0,0.0022,0.0,0.0,0.02,0.0,0.0,0.0,200.0,690.0,8.0,,,,,-20.0,172.0,,,,,,,,0,0,1,14500.0,0,0,0,0,0,0,1,0,0,0,2900.0,-65.55359,-65.5535888671875,7.58,7.58,36.012974,36.01297378540039,29.51,29.51,15.6,15.6,0.9232460317460317,0.9232460317460317
0.12,0.14,1.03,0.002,0.006,0.0,2.3,1.03,0.27,0.0,0.0,0.0,0.0166,0.0,0.0022,0.0,0.0,0.02,0.0,0.0,0.0,200.0,690.0,24.0,,696.0,,,,,,,,,,,,0,0,1,14500.0,0,0,0,0,0,0,1,0,0,0,2900.0,-65.55359,-65.5535888671875,7.58,7.58,36.012974,36.01297378540039,29.51,29.51,15.6,15.6,0.9232460317460317,0.9232460317460317
0.14,0.18,0.75,0.002,0.005,0.0,2.3,1.01,0.27,0.0,0.0,0.0,0.0256,0.0,0.0021,0.0,0.0,0.02,0.0,0.0,0.0,200.0,690.0,8.0,,770.0,,,,,,,,,,,,0,0,1,14500.0,0,0,0,0,0,0,1,0,0,0,2900.0,-38.935913,-38.9359130859375,7.58,7.58,36.012974,36.01297378540039,29.69,29.69,15.6,15.6,1.1804126984126984,1.1804126984126984
0.14,0.18,0.75,0.002,0.005,0.0,2.3,1.01,0.27,0.0,0.0,0.0,0.0256,0.0,0.0021,0.0,0.0,0.02,0.0,0.0,0.0,200.0,690.0,8.0,,,,,-40.0,24.0,,,,,,,,0,0,1,14500.0,0,0,0,0,0,0,1,0,0,0,2900.0,-38.935913,-38.9359130859375,7.58,7.58,36.012974,36.01297378540039,29.69,29.69,15.6,15.6,1.1804126984126984,1.1804126984126984
0.14,0.18,0.75,0.002,0.005,0.0,2.3,1.01,0.27,0.0,0.0,0.0,0.0256,0.0,0.0021,0.0,0.0,0.02,0.0,0.0,0.0,200.0,690.0,8.0,,,,,-40.0,37.0,,,,,,,,0,0,1,14500.0,0,0,0,0,0,0,1,0,0,0,2900.0,-38.935913,-38.9359130859375,7.58,7.58,36.012974,36.01297378540039,29.69,29.69,15.6,15.6,1.1804126984126984,1.1804126984126984
0.14,0.18,0.75,0.002,0.005,0.0,2.3,1.01,0.27,0.0,0.0,0.0,0.0256,0.0,0.0021,0.0,0.0,0.02,0.0,0.0,0.0,200.0,690.0,8.0,,,,,-40.0,52.0,,,,,,,,0,0,1,14500.0,0,0,0,0,0,0,1,0,0,0,2900.0,-38.935913,-38.9359130859375,7.58,7.58,36.012974,36.01297378540039,29.69,29.69,15.6,15.6,1.1804126984126984,1.1804126984126984
0.14,0.18,0.75,0.002,0.005,0.0,2.3,1.01,0.27,0.0,0.0,0.0,0.0256,0.0,0.0021,0.0,0.0,0.02,0.0,0.0,0.0,200.0,690.0,8.0,,,,,-20.0,37.0,,,,,,,,0,0,1,14500.0,0,0,0,0,0,0,1,0,0,0,2900.0,-38.935913,-38.9359130859375,7.58,7.58,36.012974,36.01297378540039,29.69,29.69,15.6,15.6,1.1804126984126984,1.1804126984126984
0.14,0.18,0.75,0.002,0.005,0.0,2.3,1.01,0.27,0.0,0.0,0.0,0.0256,0.0,0.0021,0.0,0.0,0.02,0.0,0.0,0.0,200.0,690.0,8.0,,,,,-20.0,80.0,,,,,,,,0,0,1,14500.0,0,0,0,0,0,0,1,0,0,0,2900.0,-38.935913,-38.9359130859375,7.58,7.58,36.012974,36.01297378540039,29.69,29.69,15.6,15.6,1.1804126984126984,1.1804126984126984
0.14,0.18,0.75,0.002,0.005,0.0,2.3,1.01,0.27,0.0,0.0,0.0,0.0256,0.0,0.0021,0.0,0.0,0.02,0.0,0.0,0.0,200.0,690.0,24.0,,714.0,,,,,,,,,,,,0,0,1,14500.0,0,0,0,0,0,0,1,0,0,0,2900.0,-38.935913,-38.9359130859375,7.58,7.58,36.012974,36.01297378540039,29.69,29.69,15.6,15.6,1.1804126984126984,1.1804126984126984
0.12,0.14,1.34,0.002,0.008,0.0,2.23,1.0,0.31,0.0,0.0,0.0,0.0292,0.0,0.0037,0.0,0.0,0.02,0.0,0.0,0.0,200.0,690.0,8.0,,,25.3,73.2,,,,,,,,,,0,0,1,14500.0,0,0,0,0,0,0,1,0,0,0,2900.0,-64.57549,-64.57549285888672,6.25,6.25,44.53343,44.53342819213867,37.59,37.59,15.6,15.6,0.6456666666666666,0.6456666666666666
0.12,0.13,1.29,0.002,0.009,0.0,2.26,0.99,0.3,0.0,0.0,0.0,0.0344,0.0,0.0035,0.0,0.0,0.02,0.0,0.0,0.0,200.0,690.0,24.0,,,21.8,70.7,,,,,,,,,,0,0,1,14500.0,0,0,0,0,0,0,1,0,0,0,2900.0,-64.57781,-64.57781219482422,6.21,6.21,36.12037,36.12036895751953,26.06,26.06,15.6,15.6,0.6256666666666667,0.6256666666666667
0.12,0.15,1.36,0.002,0.008,0.0,2.26,0.99,0.32,0.0,0.0,0.0,0.0243,0.0,0.0101,0.0,0.0,0.02,0.0,0.0,0.0,200.0,690.0,8.0,,,24.3,72.4,,,,,,,,,,0,0,1,14500.0,0,0,0,0,0,0,1,0,0,0,2900.0,-66.495125,-66.49512481689453,6.25,6.25,43.601982,43.60198211669922,38.66,38.66,15.6,15.6,1.2635873015873014,1.2635873015873014
0.11,0.14,1.32,0.002,0.008,0.0,2.27,1.0,0.32,0.0,0.0,0.0,0.0334,0.0,0.0127,0.0,0.0,0.02,0.0,0.0,0.0,200.0,690.0,24.0,,,22.4,69.1,,,,,,,,,,0,0,1,14500.0,0,0,0,0,0,0,1,0,0,0,2900.0,-64.57549,-64.57549285888672,6.36,6.36,45.95885,45.9588508605957,38.14,38.14,15.6,15.6,1.2435873015873014,1.2435873015873014
0.12,0.13,1.23,0.002,0.008,0.0,2.29,1.01,0.32,0.0,0.0,0.0,0.0303,0.0,0.0166,0.0,0.0,0.02,0.0,0.0,0.0,200.0,690.0,8.0,,,24.7,69.9,,,,,,,,,,0,0,1,14500.0,0,0,0,0,0,0,1,0,0,0,2900.0,-64.57781,-64.57781219482422,6.36,6.36,36.086395,36.086395263671875,27.06,27.06,15.6,15.6,1.2635873015873014,1.2635873015873014
0.11,0.13,1.2,0.002,0.008,0.0,2.26,1.0,0.31,0.0,0.0,0.0,0.0283,0.0,0.0156,0.0,0.0,0.02,0.0,0.0,0.0,200.0,690.0,24.0,,,21.6,69.8,,,,,,,,,,0,0,1,14500.0,0,0,0,0,0,0,1,0,0,0,2900.0,-64.57781,-64.57781219482422,6.36,6.36,36.086395,36.086395263671875,26.4,26.4,15.6,15.6,1.3583095238095237,1.3583095238095237
0.12,0.15,1.28,0.002,0.008,0.0,2.27,1.0,0.31,0.0,0.0,0.0,0.0237,0.0,0.0245,0.0,0.0,0.02,0.0,0.0,0.0,200.0,690.0,8.0,,,20.8,68.8,,,,,,,,,,0,0,1,14500.0,0,0,0,0,0,0,1,0,0,0,2900.0,-66.49273,-66.49272918701172,6.37,6.37,36.086395,36.086395263671875,27.06,27.06,15.6,15.6,1.2635873015873014,1.2635873015873014
0.12,0.13,1.18,0.002,0.007,0.0,2.26,1.0,0.31,0.0,0.0,0.0,0.0286,0.0,0.0312,0.0,0.0,0.02,0.0,0.0,0.0,200.0,690.0,24.0,,,21.7,67.0,,,,,,,,,,0,0,1,14500.0,0,0,0,0,0,0,1,0,0,0,2900.0,-64.57781,-64.57781219482422,6.36,6.36,36.086395,36.086395263671875,28.09,28.09,15.6,15.6,1.3683095238095238,1.3683095238095238
0.084,0.415,1.24,0.011,0.015,0.05,0.037,0.385,0.0,0.105,0.0,0.0,0.048,0.0,0.0086,0.0,0.0,0.0,0.006,0.015,0.0005,100.0,550.0,1.83,529.0,635.0,25.6,70.0,,,,,,,,,,1,0,0,,0,0,0,0,0,0,1,0,0,0,2400.0,-50.990856,-50.9908561706543,14.71,14.71,54.064713,54.06471252441406,19.99,19.99,15.6,15.6,3.4290476190476182,3.4290476190476182
0.084,0.415,1.24,0.011,0.015,0.05,0.037,0.385,0.0,0.105,0.0,0.0,0.048,0.0,0.0086,0.0,0.0,0.0,0.006,0.015,0.0005,100.0,550.0,1.83,473.0,605.0,28.8,73.0,,,,,,,,,,1,0,0,,0,0,0,0,0,0,1,0,0,0,2400.0,-50.990856,-50.9908561706543,14.71,14.71,54.064713,54.06471252441406,19.99,19.99,15.6,15.6,3.4290476190476182,3.4290476190476182
0.084,0.415,1.24,0.011,0.015,0.05,0.037,0.385,0.0,0.105,0.0,0.0,0.048,0.0,0.0086,0.0,0.0,0.0,0.006,0.015,0.0005,100.0,550.0,1.83,557.0,658.0,23.8,68.5,,,,,,,,,,1,0,0,,0,0,0,0,0,0,1,0,0,0,2400.0,-50.990856,-50.9908561706543,14.71,14.71,54.064713,54.06471252441406,19.99,19.99,15.6,15.6,3.4290476190476182,3.4290476190476182
0.084,0.415,1.24,0.011,0.015,0.05,0.037,0.385,0.0,0.105,0.0,0.0,0.048,0.0,0.0086,0.0,0.0,0.0,0.006,0.015,0.0005,100.0,550.0,1.83,,,,,-40.0,96.0,,,,,,,,1,0,0,,0,0,0,0,0,0,1,0,0,0,2400.0,-50.990856,-50.9908561706543,14.71,14.71,54.064713,54.06471252441406,19.99,19.99,15.6,15.6,3.4290476190476182,3.4290476190476182
0.084,0.415,1.24,0.011,0.015,0.05,0.037,0.385,0.0,0.105,0.0,0.0,0.048,0.0,0.0086,0.0,0.0,0.0,0.006,0.015,0.0005,100.0,550.0,1.83,,,,,-79.0,40.0,,,,,,,,1,0,0,,0,0,0,0,0,0,1,0,0,0,2400.0,-50.990856,-50.9908561706543,14.71,14.71,54.064713,54.06471252441406,19.99,19.99,15.6,15.6,3.4290476190476182,3.4290476190476182
0.084,0.415,1.24,0.011,0.015,0.05,0.037,0.385,0.0,0.105,0.0,0.0,0.048,0.0,0.0086,0.0,0.0,0.0,0.006,0.015,0.0005,100.0,550.0,1.83,,,,,,,,-51.0,,,,,,1,0,0,,0,0,0,0,0,0,1,0,0,0,2400.0,-50.990856,-51.0,14.71,14.71,54.064713,54.06471252441406,19.99,19.99,15.6,15.6,3.4290476190476182,3.4290476190476182
0.084,0.3,0.54,0.005,0.008,0.036,2.2,1.05,0.0,0.035,0.0,0.0,0.066,0.0,0.0066,0.0,0.0,0.0,0.004,0.007,0.0004,175.0,690.0,2.33,496.0,638.0,23.3,73.0,,,,,,,,,,1,0,0,,0,0,0,0,0,0,1,0,0,0,2400.0,-35.971893,-35.971893310546875,12.985000000000003,12.985000000000003,71.549385,71.54938507080078,16.08,16.08,15.6,15.6,2.8355793650793646,2.8355793650793646
0.084,0.3,0.54,0.005,0.008,0.036,2.2,1.05,0.0,0.035,0.0,0.0,0.066,0.0,0.0066,0.0,0.0,0.0,0.004,0.007,0.0004,175.0,690.0,2.33,524.0,664.0,23.6,66.5,,,,,,,,,,1,0,0,,0,0,0,0,0,0,1,0,0,0,2400.0,-35.971893,-35.971893310546875,12.985000000000003,12.985000000000003,71.549385,71.54938507080078,16.08,16.08,15.6,15.6,2.8355793650793646,2.8355793650793646
0.084,0.3,0.54,0.005,0.008,0.036,2.2,1.05,0.0,0.035,0.0,0.0,0.066,0.0,0.0066,0.0,0.0,0.0,0.004,0.007,0.0004,175.0,690.0,2.33,530.0,653.0,21.5,69.0,,,,,,,,,,1,0,0,,0,0,0,0,0,0,1,0,0,0,2400.0,-35.971893,-35.971893310546875,12.985000000000003,12.985000000000003,71.549385,71.54938507080078,16.08,16.08,15.6,15.6,2.8355793650793646,2.8355793650793646
0.084,0.3,0.54,0.005,0.008,0.036,2.2,1.05,0.0,0.035,0.0,0.0,0.066,0.0,0.0066,0.0,0.0,0.0,0.004,0.007,0.0004,175.0,690.0,2.33,,,,,0.0,118.0,,,,,,,,1,0,0,,0,0,0,0,0,0,1,0,0,0,2400.0,-35.971893,-35.971893310546875,12.985000000000003,12.985000000000003,71.549385,71.54938507080078,16.08,16.08,15.6,15.6,2.8355793650793646,2.8355793650793646
0.084,0.3,0.54,0.005,0.008,0.036,2.2,1.05,0.0,0.035,0.0,0.0,0.066,0.0,0.0066,0.0,0.0,0.0,0.004,0.007,0.0004,175.0,690.0,2.33,,,,,-50.0,40.0,,,,,,,,1,0,0,,0,0,0,0,0,0,1,0,0,0,2400.0,-35.971893,-35.971893310546875,12.985000000000003,12.985000000000003,71.549385,71.54938507080078,16.08,16.08,15.6,15.6,2.8355793650793646,2.8355793650793646
0.084,0.3,0.54,0.005,0.008,0.036,2.2,1.05,0.0,0.035,0.0,0.0,0.066,0.0,0.0066,0.0,0.0,0.0,0.004,0.007,0.0004,175.0,690.0,2.33,,,,,,,,-34.0,,,,,,1,0,0,,0,0,0,0,0,0,1,0,0,0,2400.0,-35.971893,-34.0,12.985000000000003,12.985000000000003,71.549385,71.54938507080078,16.08,16.08,15.6,15.6,2.8355793650793646,2.8355793650793646
0.06,0.2,1.15,0.007,0.017,0.16,0.052,0.45,0.0,0.128,0.0,0.0,0.035,0.0,0.0097,0.0,0.0,0.0,0.014,0.016,0.0015,125.0,605.0,1.92,598.0,678.0,24.5,74.0,,,,,,,,,,1,0,0,,0,0,0,0,0,0,1,0,0,0,2400.0,-35.001896,-35.001895904541016,8.13,8.13,49.78277,49.78276824951172,30.13,30.13,15.6,15.6,0.8664047619047619,0.8664047619047619
0.06,0.2,1.15,0.007,0.017,0.16,0.052,0.45,0.0,0.128,0.0,0.0,0.035,0.0,0.0097,0.0,0.0,0.0,0.014,0.016,0.0015,125.0,605.0,1.92,663.0,730.0,22.5,66.5,,,,,,,,,,1,0,0,,0,0,0,0,0,0,1,0,0,0,2400.0,-35.001896,-35.001895904541016,8.13,8.13,49.78277,49.78276824951172,30.13,30.13,15.6,15.6,0.8664047619047619,0.8664047619047619
0.06,0.2,1.15,0.007,0.017,0.16,0.052,0.45,0.0,0.128,0.0,0.0,0.035,0.0,0.0097,0.0,0.0,0.0,0.014,0.016,0.0015,125.0,605.0,1.92,630.0,708.0,24.8,63.0,,,,,,,,,,1,0,0,,0,0,0,0,0,0,1,0,0,0,2400.0,-35.001896,-35.001895904541016,8.13,8.13,49.78277,49.78276824951172,30.13,30.13,15.6,15.6,0.8664047619047619,0.8664047619047619
0.06,0.2,1.15,0.007,0.017,0.16,0.052,0.45,0.0,0.128,0.0,0.0,0.035,0.0,0.0097,0.0,0.0,0.0,0.014,0.016,0.0015,125.0,605.0,1.92,,,,,-10.0,80.0,,,,,,,,1,0,0,,0,0,0,0,0,0,1,0,0,0,2400.0,-35.001896,-35.001895904541016,8.13,8.13,49.78277,49.78276824951172,30.13,30.13,15.6,15.6,0.8664047619047619,0.8664047619047619
0.06,0.2,1.15,0.007,0.017,0.16,0.052,0.45,0.0,0.128,0.0,0.0,0.035,0.0,0.0097,0.0,0.0,0.0,0.014,0.016,0.0015,125.0,605.0,1.92,,,,,-43.0,40.0,,,,,,,,1,0,0,,0,0,0,0,0,0,1,0,0,0,2400.0,-35.001896,-35.001895904541016,8.13,8.13,49.78277,49.78276824951172,30.13,30.13,15.6,15.6,0.8664047619047619,0.8664047619047619
0.06,0.2,1.15,0.007,0.017,0.16,0.052,0.45,0.0,0.128,0.0,0.0,0.035,0.0,0.0097,0.0,0.0,0.0,0.014,0.016,0.0015,125.0,605.0,1.92,,,,,,,,-35.0,,,,,,1,0,0,,0,0,0,0,0,0,1,0,0,0,2400.0,-35.001896,-35.0,8.13,8.13,49.78277,49.78276824951172,30.13,30.13,15.6,15.6,0.8664047619047619,0.8664047619047619
0.11,0.18,0.7,0.0095291262135922,0.012952496954933,0.13,2.28,0.27,0.0,0.0,0.0,0.0,0.0,0.0,0.0062,0.0,0.0,0.02,0.0,0.0,0.0,225.0,690.0,24.0,606.0,707.0,22.0,63.0,,,,,,,,,,0,0,1,33705.0,0,0,0,0,0,0,0,0,0,1,1800.0,-19.284922,-19.284921646118164,21.576666666666668,21.576666666666668,69.95715,69.9571533203125,15.12,15.12,0.0,0.0,2.2993333333333337,2.2993333333333337
0.1,0.17,0.67,0.0095291262135922,0.012952496954933,0.14,2.31,0.29,0.0,0.0,0.0,0.0,0.0,0.0,0.024,0.0,0.0,0.024,0.0,0.0,0.0,225.0,690.0,24.0,596.0,703.0,20.0,62.0,,,,,,,,,,0,0,1,33705.0,0,0,0,0,0,0,0,0,0,1,1800.0,-18.458996,-18.458995819091797,21.24166666666667,21.24166666666667,69.47017,69.47016906738281,14.8,14.8,0.0,0.0,3.4098015873015863,3.4098015873015863
0.11,0.17,0.65,0.0095291262135922,0.012952496954933,0.02,2.28,0.27,0.0,0.0,0.0,0.0,0.0,0.0,0.0068,0.0,0.0,0.0068,0.0,0.0,0.0,225.0,690.0,24.0,597.0,700.0,22.0,58.0,,,,,,,,,,0,0,1,33705.0,0,0,0,0,0,0,0,0,0,1,1800.0,-18.483217,-18.483217239379883,24.03833333333333,24.03833333333333,61.889553,61.88955307006836,15.07,15.07,0.0,0.0,2.2726666666666673,2.2726666666666673
0.1,0.16,0.61,0.0095291262135922,0.012952496954933,0.02,2.27,0.27,0.0,0.0,0.0,0.0,0.0,0.0,0.026,0.0,0.0,0.026,0.0,0.0,0.0,225.0,690.0,24.0,608.0,702.0,21.0,60.0,,,,,,,,,,0,0,1,33705.0,0,0,0,0,0,0,0,0,0,1,1800.0,-18.489635,-18.489635467529297,23.23833333333333,23.23833333333333,69.47017,69.47016906738281,14.76,14.76,0.0,0.0,3.3831349206349195,3.3831349206349195
0.07,0.08,0.98,0.01,0.01,0.27,2.07,1.07,0.015,0.0,0.0,0.0,0.0891,0.0,0.0097,0.0,0.0,0.0,9e-07,1e-06,8e-07,150.0,690.0,10.0,440.0,540.0,24.0,67.0,,,,,,,,,,1,0,0,8400.0,1,0,0,0,0,0,0,0,0,0,2040.0,-24.50686,-24.506860733032227,6.76,6.76,76.13711,76.1371078491211,20.05,20.05,15.6,15.6,3.395388888888888,3.395388888888888
0.07,0.08,0.98,0.01,0.01,0.27,2.07,1.07,0.015,0.0,0.0,0.0,0.0891,0.0,0.0097,0.0,0.0,0.0,9e-07,1e-06,8e-07,150.0,690.0,10.0,,,,,-80.0,9.0,,,,,,,,1,0,0,8400.0,1,0,0,0,0,0,0,0,0,0,2040.0,-24.50686,-24.506860733032227,6.76,6.76,76.13711,76.1371078491211,20.05,20.05,15.6,15.6,3.395388888888888,3.395388888888888
0.07,0.08,0.98,0.01,0.01,0.27,2.07,1.07,0.015,0.0,0.0,0.0,0.0891,0.0,0.0097,0.0,0.0,0.0,9e-07,1e-06,8e-07,150.0,690.0,10.0,,,,,-70.0,9.0,,,,,,,,1,0,0,8400.0,1,0,0,0,0,0,0,0,0,0,2040.0,-24.50686,-24.506860733032227,6.76,6.76,76.13711,76.1371078491211,20.05,20.05,15.6,15.6,3.395388888888888,3.395388888888888
0.07,0.08,0.98,0.01,0.01,0.27,2.07,1.07,0.015,0.0,0.0,0.0,0.0891,0.0,0.0097,0.0,0.0,0.0,9e-07,1e-06,8e-07,150.0,690.0,10.0,,,,,-60.0,9.0,,,,,,,,1,0,0,8400.0,1,0,0,0,0,0,0,0,0,0,2040.0,-24.50686,-24.506860733032227,6.76,6.76,76.13711,76.1371078491211,20.05,20.05,15.6,15.6,3.395388888888888,3.395388888888888
0.07,0.08,0.98,0.01,0.01,0.27,2.07,1.07,0.015,0.0,0.0,0.0,0.0891,0.0,0.0097,0.0,0.0,0.0,9e-07,1e-06,8e-07,150.0,690.0,10.0,,,,,-40.0,19.0,,,,,,,,1,0,0,8400.0,1,0,0,0,0,0,0,0,0,0,2040.0,-24.50686,-24.506860733032227,6.76,6.76,76.13711,76.1371078491211,20.05,20.05,15.6,15.6,3.395388888888888,3.395388888888888
0.07,0.08,0.98,0.01,0.01,0.27,2.07,1.07,0.015,0.0,0.0,0.0,0.0891,0.0,0.0097,0.0,0.0,0.0,9e-07,1e-06,8e-07,150.0,690.0,10.0,,,,,-30.0,28.0,,,,,,,,1,0,0,8400.0,1,0,0,0,0,0,0,0,0,0,2040.0,-24.50686,-24.506860733032227,6.76,6.76,76.13711,76.1371078491211,20.05,20.05,15.6,15.6,3.395388888888888,3.395388888888888
0.07,0.08,0.98,0.01,0.01,0.27,2.07,1.07,0.015,0.0,0.0,0.0,0.0891,0.0,0.0097,0.0,0.0,0.0,9e-07,1e-06,8e-07,150.0,690.0,10.0,,,,,-20.0,43.0,,,,,,,,1,0,0,8400.0,1,0,0,0,0,0,0,0,0,0,2040.0,-24.50686,-24.506860733032227,6.76,6.76,76.13711,76.1371078491211,20.05,20.05,15.6,15.6,3.395388888888888,3.395388888888888
0.07,0.08,0.98,0.01,0.01,0.27,2.07,1.07,0.015,0.0,0.0,0.0,0.0891,0.0,0.0097,0.0,0.0,0.0,9e-07,1e-06,8e-07,150.0,690.0,10.0,,,,,0.0,117.0,,,,,,,,1,0,0,8400.0,1,0,0,0,0,0,0,0,0,0,2040.0,-24.50686,-24.506860733032227,6.76,6.76,76.13711,76.1371078491211,20.05,20.05,15.6,15.6,3.395388888888888,3.395388888888888
0.07,0.08,0.98,0.01,0.01,0.27,2.07,1.07,0.015,0.0,0.0,0.0,0.0891,0.0,0.0097,0.0,0.0,0.0,9e-07,1e-06,8e-07,150.0,690.0,10.0,,,,,20.0,179.0,,,,,,,,1,0,0,8400.0,1,0,0,0,0,0,0,0,0,0,2040.0,-24.50686,-24.506860733032227,6.76,6.76,76.13711,76.1371078491211,20.05,20.05,15.6,15.6,3.395388888888888,3.395388888888888
0.07,0.08,0.98,0.01,0.01,0.27,2.07,1.07,0.015,0.0,0.0,0.0,0.0891,0.0,0.0097,0.0,0.0,0.0,9e-07,1e-06,8e-07,150.0,690.0,10.0,,,,,40.0,204.0,,,,,,,,1,0,0,8400.0,1,0,0,0,0,0,0,0,0,0,2040.0,-24.50686,-24.506860733032227,6.76,6.76,76.13711,76.1371078491211,20.05,20.05,15.6,15.6,3.395388888888888,3.395388888888888
0.07,0.08,0.98,0.01,0.01,0.27,2.07,1.07,0.015,0.0,0.0,0.0,0.0891,0.0,0.0097,0.0,0.0,0.0,9e-07,1e-06,8e-07,150.0,690.0,10.0,,,,,60.0,210.0,,,,,,,,1,0,0,8400.0,1,0,0,0,0,0,0,0,0,0,2040.0,-24.50686,-24.506860733032227,6.76,6.76,76.13711,76.1371078491211,20.05,20.05,15.6,15.6,3.395388888888888,3.395388888888888
0.07,0.08,0.98,0.01,0.01,0.27,2.07,1.07,0.015,0.0,0.0,0.0,0.0891,0.0,0.0097,0.0,0.0,0.0,9e-07,1e-06,8e-07,150.0,690.0,10.0,,,,,70.0,210.0,,,,,,,,1,0,0,8400.0,1,0,0,0,0,0,0,0,0,0,2040.0,-24.50686,-24.506860733032227,6.76,6.76,76.13711,76.1371078491211,20.05,20.05,15.6,15.6,3.395388888888888,3.395388888888888
0.048,0.13,1.06,0.014,0.016,0.23,2.02,1.3,0.02,0.0,0.0,0.0,0.0768,0.0,0.0266,0.0,0.0,0.0,8e-07,3e-06,8e-07,150.0,690.0,10.0,506.0,598.0,22.0,70.0,,,,,,,,,,1,0,0,8400.0,1,0,0,0,0,0,0,0,0,0,1960.0,-16.57585,-16.575849533081055,7.56,7.56,70.79212,70.79212188720703,22.45,22.45,15.6,15.6,3.3587222222222213,3.3587222222222213
0.048,0.13,1.06,0.014,0.016,0.23,2.02,1.3,0.02,0.0,0.0,0.0,0.0768,0.0,0.0266,0.0,0.0,0.0,8e-07,3e-06,8e-07,150.0,690.0,10.0,,,,,-70.0,6.0,,,,,,,,1,0,0,8400.0,1,0,0,0,0,0,0,0,0,0,1960.0,-16.57585,-16.575849533081055,7.56,7.56,70.79212,70.79212188720703,22.45,22.45,15.6,15.6,3.3587222222222213,3.3587222222222213
0.048,0.13,1.06,0.014,0.016,0.23,2.02,1.3,0.02,0.0,0.0,0.0,0.0768,0.0,0.0266,0.0,0.0,0.0,8e-07,3e-06,8e-07,150.0,690.0,10.0,,,,,-60.0,6.0,,,,,,,,1,0,0,8400.0,1,0,0,0,0,0,0,0,0,0,1960.0,-16.57585,-16.575849533081055,7.56,7.56,70.79212,70.79212188720703,22.45,22.45,15.6,15.6,3.3587222222222213,3.3587222222222213
0.048,0.13,1.06,0.014,0.016,0.23,2.02,1.3,0.02,0.0,0.0,0.0,0.0768,0.0,0.0266,0.0,0.0,0.0,8e-07,3e-06,8e-07,150.0,690.0,10.0,,,,,-40.0,15.0,,,,,,,,1,0,0,8400.0,1,0,0,0,0,0,0,0,0,0,1960.0,-16.57585,-16.575849533081055,7.56,7.56,70.79212,70.79212188720703,22.45,22.45,15.6,15.6,3.3587222222222213,3.3587222222222213
0.048,0.13,1.06,0.014,0.016,0.23,2.02,1.3,0.02,0.0,0.0,0.0,0.0768,0.0,0.0266,0.0,0.0,0.0,8e-07,3e-06,8e-07,150.0,690.0,10.0,,,,,-20.0,68.0,,,,,,,,1,0,0,8400.0,1,0,0,0,0,0,0,0,0,0,1960.0,-16.57585,-16.575849533081055,7.56,7.56,70.79212,70.79212188720703,22.45,22.45,15.6,15.6,3.3587222222222213,3.3587222222222213
0.048,0.13,1.06,0.014,0.016,0.23,2.02,1.3,0.02,0.0,0.0,0.0,0.0768,0.0,0.0266,0.0,0.0,0.0,8e-07,3e-06,8e-07,150.0,690.0,10.0,,,,,0.0,120.0,,,,,,,,1,0,0,8400.0,1,0,0,0,0,0,0,0,0,0,1960.0,-16.57585,-16.575849533081055,7.56,7.56,70.79212,70.79212188720703,22.45,22.45,15.6,15.6,3.3587222222222213,3.3587222222222213
0.048,0.13,1.06,0.014,0.016,0.23,2.02,1.3,0.02,0.0,0.0,0.0,0.0768,0.0,0.0266,0.0,0.0,0.0,8e-07,3e-06,8e-07,150.0,690.0,10.0,,,,,20.0,151.0,,,,,,,,1,0,0,8400.0,1,0,0,0,0,0,0,0,0,0,1960.0,-16.57585,-16.575849533081055,7.56,7.56,70.79212,70.79212188720703,22.45,22.45,15.6,15.6,3.3587222222222213,3.3587222222222213
0.048,0.13,1.06,0.014,0.016,0.23,2.02,1.3,0.02,0.0,0.0,0.0,0.0768,0.0,0.0266,0.0,0.0,0.0,8e-07,3e-06,8e-07,150.0,690.0,10.0,,,,,40.0,160.0,,,,,,,,1,0,0,8400.0,1,0,0,0,0,0,0,0,0,0,1960.0,-16.57585,-16.575849533081055,7.56,7.56,70.79212,70.79212188720703,22.45,22.45,15.6,15.6,3.3587222222222213,3.3587222222222213
0.048,0.13,1.06,0.014,0.016,0.23,2.02,1.3,0.02,0.0,0.0,0.0,0.0768,0.0,0.0266,0.0,0.0,0.0,8e-07,3e-06,8e-07,150.0,690.0,10.0,,,,,60.0,164.0,,,,,,,,1,0,0,8400.0,1,0,0,0,0,0,0,0,0,0,1960.0,-16.57585,-16.575849533081055,7.56,7.56,70.79212,70.79212188720703,22.45,22.45,15.6,15.6,3.3587222222222213,3.3587222222222213
0.043,0.12,0.86,0.011,0.017,0.2,2.01,0.93,0.02,0.0,0.0,0.0,0.0922,0.0,0.0123,0.0,0.0,0.0,8e-07,8e-07,8e-07,150.0,690.0,10.0,505.0,600.0,19.0,69.0,,,,,,,,,,1,0,0,6000.0,1,0,0,0,0,0,0,0,0,0,2080.0,-24.36622,-24.366220474243164,8.09,8.09,57.41507,57.415069580078125,32.31,32.31,15.6,15.6,3.395388888888888,3.395388888888888
0.043,0.12,0.86,0.011,0.017,0.2,2.01,0.93,0.02,0.0,0.0,0.0,0.0922,0.0,0.0123,0.0,0.0,0.0,8e-07,8e-07,8e-07,150.0,690.0,10.0,,,,,-70.0,3.0,,,,,,,,1,0,0,6000.0,1,0,0,0,0,0,0,0,0,0,2080.0,-24.36622,-24.366220474243164,8.09,8.09,57.41507,57.415069580078125,32.31,32.31,15.6,15.6,3.395388888888888,3.395388888888888
0.043,0.12,0.86,0.011,0.017,0.2,2.01,0.93,0.02,0.0,0.0,0.0,0.0922,0.0,0.0123,0.0,0.0,0.0,8e-07,8e-07,8e-07,150.0,690.0,10.0,,,,,-60.0,3.0,,,,,,,,1,0,0,6000.0,1,0,0,0,0,0,0,0,0,0,2080.0,-24.36622,-24.366220474243164,8.09,8.09,57.41507,57.415069580078125,32.31,32.31,15.6,15.6,3.395388888888888,3.395388888888888
0.043,0.12,0.86,0.011,0.017,0.2,2.01,0.93,0.02,0.0,0.0,0.0,0.0922,0.0,0.0123,0.0,0.0,0.0,8e-07,8e-07,8e-07,150.0,690.0,10.0,,,,,-20.0,9.0,,,,,,,,1,0,0,6000.0,1,0,0,0,0,0,0,0,0,0,2080.0,-24.36622,-24.366220474243164,8.09,8.09,57.41507,57.415069580078125,32.31,32.31,15.6,15.6,3.395388888888888,3.395388888888888
0.043,0.12,0.86,0.011,0.017,0.2,2.01,0.93,0.02,0.0,0.0,0.0,0.0922,0.0,0.0123,0.0,0.0,0.0,8e-07,8e-07,8e-07,150.0,690.0,10.0,,,,,0.0,12.0,,,,,,,,1,0,0,6000.0,1,0,0,0,0,0,0,0,0,0,2080.0,-24.36622,-24.366220474243164,8.09,8.09,57.41507,57.415069580078125,32.31,32.31,15.6,15.6,3.395388888888888,3.395388888888888
0.043,0.12,0.86,0.011,0.017,0.2,2.01,0.93,0.02,0.0,0.0,0.0,0.0922,0.0,0.0123,0.0,0.0,0.0,8e-07,8e-07,8e-07,150.0,690.0,10.0,,,,,10.0,43.0,,,,,,,,1,0,0,6000.0,1,0,0,0,0,0,0,0,0,0,2080.0,-24.36622,-24.366220474243164,8.09,8.09,57.41507,57.415069580078125,32.31,32.31,15.6,15.6,3.395388888888888,3.395388888888888
0.043,0.12,0.86,0.011,0.017,0.2,2.01,0.93,0.02,0.0,0.0,0.0,0.0922,0.0,0.0123,0.0,0.0,0.0,8e-07,8e-07,8e-07,150.0,690.0,10.0,,,,,20.0,65.0,,,,,,,,1,0,0,6000.0,1,0,0,0,0,0,0,0,0,0,2080.0,-24.36622,-24.366220474243164,8.09,8.09,57.41507,57.415069580078125,32.31,32.31,15.6,15.6,3.395388888888888,3.395388888888888
0.043,0.12,0.86,0.011,0.017,0.2,2.01,0.93,0.02,0.0,0.0,0.0,0.0922,0.0,0.0123,0.0,0.0,0.0,8e-07,8e-07,8e-07,150.0,690.0,10.0,,,,,30.0,65.0,,,,,,,,1,0,0,6000.0,1,0,0,0,0,0,0,0,0,0,2080.0,-24.36622,-24.366220474243164,8.09,8.09,57.41507,57.415069580078125,32.31,32.31,15.6,15.6,3.395388888888888,3.395388888888888
0.042,0.14,1.33,0.012,0.015,0.26,2.39,1.21,0.015,0.0,0.0,0.0,0.0735,0.0,0.0236,0.0,0.0,0.0,8e-07,1.6e-06,8e-07,150.0,690.0,10.0,520.0,620.0,20.0,54.0,,,,,,,,,,1,0,0,8400.0,1,0,0,0,0,0,0,0,0,0,1960.0,-16.818605,-16.818605422973633,7.04,7.04,57.96313,57.963130950927734,50.92666666666666,50.92666666666666,15.6,15.6,3.2933333333333326,3.2933333333333326
0.042,0.14,1.33,0.012,0.015,0.26,2.39,1.21,0.015,0.0,0.0,0.0,0.0735,0.0,0.0236,0.0,0.0,0.0,8e-07,1.6e-06,8e-07,150.0,690.0,10.0,,,,,-80.0,6.0,,,,,,,,1,0,0,8400.0,1,0,0,0,0,0,0,0,0,0,1960.0,-16.818605,-16.818605422973633,7.04,7.04,57.96313,57.963130950927734,50.92666666666666,50.92666666666666,15.6,15.6,3.2933333333333326,3.2933333333333326
0.042,0.14,1.33,0.012,0.015,0.26,2.39,1.21,0.015,0.0,0.0,0.0,0.0735,0.0,0.0236,0.0,0.0,0.0,8e-07,1.6e-06,8e-07,150.0,690.0,10.0,,,,,-70.0,6.0,,,,,,,,1,0,0,8400.0,1,0,0,0,0,0,0,0,0,0,1960.0,-16.818605,-16.818605422973633,7.04,7.04,57.96313,57.963130950927734,50.92666666666666,50.92666666666666,15.6,15.6,3.2933333333333326,3.2933333333333326
0.042,0.14,1.33,0.012,0.015,0.26,2.39,1.21,0.015,0.0,0.0,0.0,0.0735,0.0,0.0236,0.0,0.0,0.0,8e-07,1.6e-06,8e-07,150.0,690.0,10.0,,,,,-60.0,12.0,,,,,,,,1,0,0,8400.0,1,0,0,0,0,0,0,0,0,0,1960.0,-16.818605,-16.818605422973633,7.04,7.04,57.96313,57.963130950927734,50.92666666666666,50.92666666666666,15.6,15.6,3.2933333333333326,3.2933333333333326
0.042,0.14,1.33,0.012,0.015,0.26,2.39,1.21,0.015,0.0,0.0,0.0,0.0735,0.0,0.0236,0.0,0.0,0.0,8e-07,1.6e-06,8e-07,150.0,690.0,10.0,,,,,-40.0,49.0,,,,,,,,1,0,0,8400.0,1,0,0,0,0,0,0,0,0,0,1960.0,-16.818605,-16.818605422973633,7.04,7.04,57.96313,57.963130950927734,50.92666666666666,50.92666666666666,15.6,15.6,3.2933333333333326,3.2933333333333326
0.042,0.14,1.33,0.012,0.015,0.26,2.39,1.21,0.015,0.0,0.0,0.0,0.0735,0.0,0.0236,0.0,0.0,0.0,8e-07,1.6e-06,8e-07,150.0,690.0,10.0,,,,,-20.0,96.0,,,,,,,,1,0,0,8400.0,1,0,0,0,0,0,0,0,0,0,1960.0,-16.818605,-16.818605422973633,7.04,7.04,57.96313,57.963130950927734,50.92666666666666,50.92666666666666,15.6,15.6,3.2933333333333326,3.2933333333333326
0.042,0.14,1.33,0.012,0.015,0.26,2.39,1.21,0.015,0.0,0.0,0.0,0.0735,0.0,0.0236,0.0,0.0,0.0,8e-07,1.6e-06,8e-07,150.0,690.0,10.0,,,,,0.0,123.0,,,,,,,,1,0,0,8400.0,1,0,0,0,0,0,0,0,0,0,1960.0,-16.818605,-16.818605422973633,7.04,7.04,57.96313,57.963130950927734,50.92666666666666,50.92666666666666,15.6,15.6,3.2933333333333326,3.2933333333333326
0.042,0.14,1.33,0.012,0.015,0.26,2.39,1.21,0.015,0.0,0.0,0.0,0.0735,0.0,0.0236,0.0,0.0,0.0,8e-07,1.6e-06,8e-07,150.0,690.0,10.0,,,,,20.0,139.0,,,,,,,,1,0,0,8400.0,1,0,0,0,0,0,0,0,0,0,1960.0,-16.818605,-16.818605422973633,7.04,7.04,57.96313,57.963130950927734,50.92666666666666,50.92666666666666,15.6,15.6,3.2933333333333326,3.2933333333333326
0.042,0.14,1.33,0.012,0.015,0.26,2.39,1.21,0.015,0.0,0.0,0.0,0.0735,0.0,0.0236,0.0,0.0,0.0,8e-07,1.6e-06,8e-07,150.0,690.0,10.0,,,,,40.0,135.0,,,,,,,,1,0,0,8400.0,1,0,0,0,0,0,0,0,0,0,1960.0,-16.818605,-16.818605422973633,7.04,7.04,57.96313,57.963130950927734,50.92666666666666,50.92666666666666,15.6,15.6,3.2933333333333326,3.2933333333333326
0.042,0.14,1.33,0.012,0.015,0.26,2.39,1.21,0.015,0.0,0.0,0.0,0.0735,0.0,0.0236,0.0,0.0,0.0,8e-07,1.6e-06,8e-07,150.0,690.0,10.0,,,,,60.0,148.0,,,,,,,,1,0,0,8400.0,1,0,0,0,0,0,0,0,0,0,1960.0,-16.818605,-16.818605422973633,7.04,7.04,57.96313,57.963130950927734,50.92666666666666,50.92666666666666,15.6,15.6,3.2933333333333326,3.2933333333333326
0.047,0.42,1.0,0.015,0.016,0.17,2.29,1.04,0.018,0.0,0.0,0.0,0.0695,0.0,0.0165,0.0,0.0,0.0,8e-07,3.4e-06,8e-07,150.0,690.0,10.0,537.0,620.0,11.0,24.0,,,,,,,,,,1,0,0,8400.0,1,0,0,0,0,0,0,0,0,0,2080.0,-35.564556,-35.56455612182617,8.26,8.26,60.416943,60.41694259643555,27.82,27.82,15.6,15.6,3.395388888888888,3.395388888888888
0.047,0.42,1.0,0.015,0.016,0.17,2.29,1.04,0.018,0.0,0.0,0.0,0.0695,0.0,0.0165,0.0,0.0,0.0,8e-07,3.4e-06,8e-07,150.0,690.0,10.0,,,,,-70.0,9.0,,,,,,,,1,0,0,8400.0,1,0,0,0,0,0,0,0,0,0,2080.0,-35.564556,-35.56455612182617,8.26,8.26,60.416943,60.41694259643555,27.82,27.82,15.6,15.6,3.395388888888888,3.395388888888888
0.047,0.42,1.0,0.015,0.016,0.17,2.29,1.04,0.018,0.0,0.0,0.0,0.0695,0.0,0.0165,0.0,0.0,0.0,8e-07,3.4e-06,8e-07,150.0,690.0,10.0,,,,,-60.0,9.0,,,,,,,,1,0,0,8400.0,1,0,0,0,0,0,0,0,0,0,2080.0,-35.564556,-35.56455612182617,8.26,8.26,60.416943,60.41694259643555,27.82,27.82,15.6,15.6,3.395388888888888,3.395388888888888
0.047,0.42,1.0,0.015,0.016,0.17,2.29,1.04,0.018,0.0,0.0,0.0,0.0695,0.0,0.0165,0.0,0.0,0.0,8e-07,3.4e-06,8e-07,150.0,690.0,10.0,,,,,-40.0,12.0,,,,,,,,1,0,0,8400.0,1,0,0,0,0,0,0,0,0,0,2080.0,-35.564556,-35.56455612182617,8.26,8.26,60.416943,60.41694259643555,27.82,27.82,15.6,15.6,3.395388888888888,3.395388888888888
0.047,0.42,1.0,0.015,0.016,0.17,2.29,1.04,0.018,0.0,0.0,0.0,0.0695,0.0,0.0165,0.0,0.0,0.0,8e-07,3.4e-06,8e-07,150.0,690.0,10.0,,,,,-20.0,22.0,,,,,,,,1,0,0,8400.0,1,0,0,0,0,0,0,0,0,0,2080.0,-35.564556,-35.56455612182617,8.26,8.26,60.416943,60.41694259643555,27.82,27.82,15.6,15.6,3.395388888888888,3.395388888888888
0.047,0.42,1.0,0.015,0.016,0.17,2.29,1.04,0.018,0.0,0.0,0.0,0.0695,0.0,0.0165,0.0,0.0,0.0,8e-07,3.4e-06,8e-07,150.0,690.0,10.0,,,,,0.0,46.0,,,,,,,,1,0,0,8400.0,1,0,0,0,0,0,0,0,0,0,2080.0,-35.564556,-35.56455612182617,8.26,8.26,60.416943,60.41694259643555,27.82,27.82,15.6,15.6,3.395388888888888,3.395388888888888
0.047,0.42,1.0,0.015,0.016,0.17,2.29,1.04,0.018,0.0,0.0,0.0,0.0695,0.0,0.0165,0.0,0.0,0.0,8e-07,3.4e-06,8e-07,150.0,690.0,10.0,,,,,20.0,96.0,,,,,,,,1,0,0,8400.0,1,0,0,0,0,0,0,0,0,0,2080.0,-35.564556,-35.56455612182617,8.26,8.26,60.416943,60.41694259643555,27.82,27.82,15.6,15.6,3.395388888888888,3.395388888888888
0.047,0.42,1.0,0.015,0.016,0.17,2.29,1.04,0.018,0.0,0.0,0.0,0.0695,0.0,0.0165,0.0,0.0,0.0,8e-07,3.4e-06,8e-07,150.0,690.0,10.0,,,,,40.0,154.0,,,,,,,,1,0,0,8400.0,1,0,0,0,0,0,0,0,0,0,2080.0,-35.564556,-35.56455612182617,8.26,8.26,60.416943,60.41694259643555,27.82,27.82,15.6,15.6,3.395388888888888,3.395388888888888
0.047,0.42,1.0,0.015,0.016,0.17,2.29,1.04,0.018,0.0,0.0,0.0,0.0695,0.0,0.0165,0.0,0.0,0.0,8e-07,3.4e-06,8e-07,150.0,690.0,10.0,,,,,60.0,164.0,,,,,,,,1,0,0,8400.0,1,0,0,0,0,0,0,0,0,0,2080.0,-35.564556,-35.56455612182617,8.26,8.26,60.416943,60.41694259643555,27.82,27.82,15.6,15.6,3.395388888888888,3.395388888888888
0.047,0.42,1.0,0.015,0.016,0.17,2.29,1.04,0.018,0.0,0.0,0.0,0.0695,0.0,0.0165,0.0,0.0,0.0,8e-07,3.4e-06,8e-07,150.0,690.0,10.0,,,,,70.0,167.0,,,,,,,,1,0,0,8400.0,1,0,0,0,0,0,0,0,0,0,2080.0,-35.564556,-35.56455612182617,8.26,8.26,60.416943,60.41694259643555,27.82,27.82,15.6,15.6,3.395388888888888,3.395388888888888
0.074,0.27,1.11,0.009,0.024,0.17,2.3,0.96,0.018,0.0,0.0,0.0,0.0556,0.0,0.0113,0.0,0.0,0.0,8e-07,3.2e-06,8e-07,150.0,690.0,10.0,595.0,675.0,24.0,69.0,,,,,,,,,,1,0,0,8410.0,1,0,0,0,0,0,0,0,0,0,2000.0,-38.797398,-38.79739761352539,6.57,6.57,73.247765,73.24776458740234,19.93,19.93,15.6,15.6,3.522531746031745,3.522531746031745
0.074,0.27,1.11,0.009,0.024,0.17,2.3,0.96,0.018,0.0,0.0,0.0,0.0556,0.0,0.0113,0.0,0.0,0.0,8e-07,3.2e-06,8e-07,150.0,690.0,10.0,,,,,-70.0,3.0,,,,,,,,1,0,0,8410.0,1,0,0,0,0,0,0,0,0,0,2000.0,-38.797398,-38.79739761352539,6.57,6.57,73.247765,73.24776458740234,19.93,19.93,15.6,15.6,3.522531746031745,3.522531746031745
0.074,0.27,1.11,0.009,0.024,0.17,2.3,0.96,0.018,0.0,0.0,0.0,0.0556,0.0,0.0113,0.0,0.0,0.0,8e-07,3.2e-06,8e-07,150.0,690.0,10.0,,,,,-60.0,3.0,,,,,,,,1,0,0,8410.0,1,0,0,0,0,0,0,0,0,0,2000.0,-38.797398,-38.79739761352539,6.57,6.57,73.247765,73.24776458740234,19.93,19.93,15.6,15.6,3.522531746031745,3.522531746031745
0.074,0.27,1.11,0.009,0.024,0.17,2.3,0.96,0.018,0.0,0.0,0.0,0.0556,0.0,0.0113,0.0,0.0,0.0,8e-07,3.2e-06,8e-07,150.0,690.0,10.0,,,,,-40.0,6.0,,,,,,,,1,0,0,8410.0,1,0,0,0,0,0,0,0,0,0,2000.0,-38.797398,-38.79739761352539,6.57,6.57,73.247765,73.24776458740234,19.93,19.93,15.6,15.6,3.522531746031745,3.522531746031745
0.074,0.27,1.11,0.009,0.024,0.17,2.3,0.96,0.018,0.0,0.0,0.0,0.0556,0.0,0.0113,0.0,0.0,0.0,8e-07,3.2e-06,8e-07,150.0,690.0,10.0,,,,,-20.0,12.0,,,,,,,,1,0,0,8410.0,1,0,0,0,0,0,0,0,0,0,2000.0,-38.797398,-38.79739761352539,6.57,6.57,73.247765,73.24776458740234,19.93,19.93,15.6,15.6,3.522531746031745,3.522531746031745
0.074,0.27,1.11,0.009,0.024,0.17,2.3,0.96,0.018,0.0,0.0,0.0,0.0556,0.0,0.0113,0.0,0.0,0.0,8e-07,3.2e-06,8e-07,150.0,690.0,10.0,,,,,0.0,31.0,,,,,,,,1,0,0,8410.0,1,0,0,0,0,0,0,0,0,0,2000.0,-38.797398,-38.79739761352539,6.57,6.57,73.247765,73.24776458740234,19.93,19.93,15.6,15.6,3.522531746031745,3.522531746031745
0.074,0.27,1.11,0.009,0.024,0.17,2.3,0.96,0.018,0.0,0.0,0.0,0.0556,0.0,0.0113,0.0,0.0,0.0,8e-07,3.2e-06,8e-07,150.0,690.0,10.0,,,,,20.0,52.0,,,,,,,,1,0,0,8410.0,1,0,0,0,0,0,0,0,0,0,2000.0,-38.797398,-38.79739761352539,6.57,6.57,73.247765,73.24776458740234,19.93,19.93,15.6,15.6,3.522531746031745,3.522531746031745
0.074,0.27,1.11,0.009,0.024,0.17,2.3,0.96,0.018,0.0,0.0,0.0,0.0556,0.0,0.0113,0.0,0.0,0.0,8e-07,3.2e-06,8e-07,150.0,690.0,10.0,,,,,40.0,80.0,,,,,,,,1,0,0,8410.0,1,0,0,0,0,0,0,0,0,0,2000.0,-38.797398,-38.79739761352539,6.57,6.57,73.247765,73.24776458740234,19.93,19.93,15.6,15.6,3.522531746031745,3.522531746031745
0.074,0.27,1.11,0.009,0.024,0.17,2.3,0.96,0.018,0.0,0.0,0.0,0.0556,0.0,0.0113,0.0,0.0,0.0,8e-07,3.2e-06,8e-07,150.0,690.0,10.0,,,,,50.0,93.0,,,,,,,,1,0,0,8410.0,1,0,0,0,0,0,0,0,0,0,2000.0,-38.797398,-38.79739761352539,6.57,6.57,73.247765,73.24776458740234,19.93,19.93,15.6,15.6,3.522531746031745,3.522531746031745
0.074,0.27,1.11,0.009,0.024,0.17,2.3,0.96,0.018,0.0,0.0,0.0,0.0556,0.0,0.0113,0.0,0.0,0.0,8e-07,3.2e-06,8e-07,150.0,690.0,10.0,,,,,60.0,99.0,,,,,,,,1,0,0,8410.0,1,0,0,0,0,0,0,0,0,0,2000.0,-38.797398,-38.79739761352539,6.57,6.57,73.247765,73.24776458740234,19.93,19.93,15.6,15.6,3.522531746031745,3.522531746031745
0.074,0.27,1.11,0.009,0.024,0.17,2.3,0.96,0.018,0.0,0.0,0.0,0.0556,0.0,0.0113,0.0,0.0,0.0,8e-07,3.2e-06,8e-07,150.0,690.0,10.0,,,,,70.0,105.0,,,,,,,,1,0,0,8410.0,1,0,0,0,0,0,0,0,0,0,2000.0,-38.797398,-38.79739761352539,6.57,6.57,73.247765,73.24776458740234,19.93,19.93,15.6,15.6,3.522531746031745,3.522531746031745
0.062,0.24,1.24,0.14,0.25,0.22,2.17,0.98,0.18,0.0,0.0,0.0,0.0408,0.0,0.0269,0.0,0.0,0.0,8e-07,3.1e-05,8e-07,150.0,690.0,10.0,643.0,708.0,16.0,32.0,,,,,,,,,,1,0,0,8410.0,1,0,0,0,0,0,0,0,0,0,2000.0,-24.999935,-24.999935150146484,4.13,4.13,22.561161,22.561161041259766,31.92,31.92,15.6,15.6,1.5200873015873015,1.5200873015873015
0.062,0.24,1.24,0.14,0.25,0.22,2.17,0.98,0.18,0.0,0.0,0.0,0.0408,0.0,0.0269,0.0,0.0,0.0,8e-07,3.1e-05,8e-07,150.0,690.0,10.0,,,,,-70.0,6.0,,,,,,,,1,0,0,8410.0,1,0,0,0,0,0,0,0,0,0,2000.0,-24.999935,-24.999935150146484,4.13,4.13,22.561161,22.561161041259766,31.92,31.92,15.6,15.6,1.5200873015873015,1.5200873015873015
0.062,0.24,1.24,0.14,0.25,0.22,2.17,0.98,0.18,0.0,0.0,0.0,0.0408,0.0,0.0269,0.0,0.0,0.0,8e-07,3.1e-05,8e-07,150.0,690.0,10.0,,,,,-60.0,9.0,,,,,,,,1,0,0,8410.0,1,0,0,0,0,0,0,0,0,0,2000.0,-24.999935,-24.999935150146484,4.13,4.13,22.561161,22.561161041259766,31.92,31.92,15.6,15.6,1.5200873015873015,1.5200873015873015
0.062,0.24,1.24,0.14,0.25,0.22,2.17,0.98,0.18,0.0,0.0,0.0,0.0408,0.0,0.0269,0.0,0.0,0.0,8e-07,3.1e-05,8e-07,150.0,690.0,10.0,,,,,-40.0,19.0,,,,,,,,1,0,0,8410.0,1,0,0,0,0,0,0,0,0,0,2000.0,-24.999935,-24.999935150146484,4.13,4.13,22.561161,22.561161041259766,31.92,31.92,15.6,15.6,1.5200873015873015,1.5200873015873015
0.062,0.24,1.24,0.14,0.25,0.22,2.17,0.98,0.18,0.0,0.0,0.0,0.0408,0.0,0.0269,0.0,0.0,0.0,8e-07,3.1e-05,8e-07,150.0,690.0,10.0,,,,,-20.0,37.0,,,,,,,,1,0,0,8410.0,1,0,0,0,0,0,0,0,0,0,2000.0,-24.999935,-24.999935150146484,4.13,4.13,22.561161,22.561161041259766,31.92,31.92,15.6,15.6,1.5200873015873015,1.5200873015873015
0.062,0.24,1.24,0.14,0.25,0.22,2.17,0.98,0.18,0.0,0.0,0.0,0.0408,0.0,0.0269,0.0,0.0,0.0,8e-07,3.1e-05,8e-07,150.0,690.0,10.0,,,,,0.0,56.0,,,,,,,,1,0,0,8410.0,1,0,0,0,0,0,0,0,0,0,2000.0,-24.999935,-24.999935150146484,4.13,4.13,22.561161,22.561161041259766,31.92,31.92,15.6,15.6,1.5200873015873015,1.5200873015873015
0.062,0.24,1.24,0.14,0.25,0.22,2.17,0.98,0.18,0.0,0.0,0.0,0.0408,0.0,0.0269,0.0,0.0,0.0,8e-07,3.1e-05,8e-07,150.0,690.0,10.0,,,,,20.0,62.0,,,,,,,,1,0,0,8410.0,1,0,0,0,0,0,0,0,0,0,2000.0,-24.999935,-24.999935150146484,4.13,4.13,22.561161,22.561161041259766,31.92,31.92,15.6,15.6,1.5200873015873015,1.5200873015873015
0.062,0.24,1.24,0.14,0.25,0.22,2.17,0.98,0.18,0.0,0.0,0.0,0.0408,0.0,0.0269,0.0,0.0,0.0,8e-07,3.1e-05,8e-07,150.0,690.0,10.0,,,,,40.0,68.0,,,,,,,,1,0,0,8410.0,1,0,0,0,0,0,0,0,0,0,2000.0,-24.999935,-24.999935150146484,4.13,4.13,22.561161,22.561161041259766,31.92,31.92,15.6,15.6,1.5200873015873015,1.5200873015873015
0.062,0.24,1.24,0.14,0.25,0.22,2.17,0.98,0.18,0.0,0.0,0.0,0.0408,0.0,0.0269,0.0,0.0,0.0,8e-07,3.1e-05,8e-07,150.0,690.0,10.0,,,,,60.0,68.0,,,,,,,,1,0,0,8410.0,1,0,0,0,0,0,0,0,0,0,2000.0,-24.999935,-24.999935150146484,4.13,4.13,22.561161,22.561161041259766,31.92,31.92,15.6,15.6,1.5200873015873015,1.5200873015873015
0.062,0.24,1.24,0.14,0.25,0.22,2.17,0.98,0.18,0.0,0.0,0.0,0.0408,0.0,0.0269,0.0,0.0,0.0,8e-07,3.1e-05,8e-07,150.0,690.0,10.0,,,,,70.0,71.0,,,,,,,,1,0,0,8410.0,1,0,0,0,0,0,0,0,0,0,2000.0,-24.999935,-24.999935150146484,4.13,4.13,22.561161,22.561161041259766,31.92,31.92,15.6,15.6,1.5200873015873015,1.5200873015873015
0.055,0.37,0.82,0.021,0.008,0.086,2.5,0.99,0.01,0.51,0.0,0.0,0.0694,0.005,0.016,0.013,0.0,0.0,0.005,0.005,0.0009,177.0,0.0,0.0,740.0,901.0,15.0,41.8,,,,,,,,,,1,0,0,,0,0,0,0,0,0,0,0,0,1,3600.0,-17.051622,-17.05162239074707,18.188333333333336,18.188333333333336,86.7901,86.79010009765625,25.06,25.06,0.0,0.0,3.2049999999999987,3.2049999999999987
0.055,0.37,0.82,0.021,0.008,0.086,2.5,0.99,0.01,0.51,0.0,0.0,0.0694,0.005,0.016,0.013,0.0,0.0,0.005,0.005,0.0009,177.0,482.0,4.5,776.0,909.0,16.8,43.0,,,,,,,,,,1,0,0,,0,0,0,0,0,0,0,0,0,1,3600.0,-17.051622,-17.05162239074707,18.188333333333336,18.188333333333336,86.7901,86.79010009765625,25.06,25.06,0.0,0.0,3.2049999999999987,3.2049999999999987
0.055,0.37,0.82,0.021,0.008,0.086,2.5,0.99,0.01,0.51,0.0,0.0,0.0694,0.005,0.016,0.013,0.0,0.0,0.005,0.005,0.0009,177.0,593.0,4.5,719.0,811.0,16.0,44.6,,,,,,,,,,1,0,0,,0,0,0,0,0,0,0,0,0,1,3600.0,-17.051622,-17.05162239074707,18.188333333333336,18.188333333333336,86.7901,86.79010009765625,25.06,25.06,0.0,0.0,3.2049999999999987,3.2049999999999987
0.055,0.37,0.82,0.021,0.008,0.086,2.5,0.99,0.01,0.51,0.0,0.0,0.0694,0.005,0.016,0.013,0.0,0.0,0.005,0.005,0.0009,177.0,704.0,4.5,457.0,569.0,25.8,67.0,,,,,,,,,,1,0,0,,0,0,0,0,0,0,0,0,0,1,3600.0,-17.051622,-17.05162239074707,18.188333333333336,18.188333333333336,86.7901,86.79010009765625,25.06,25.06,0.0,0.0,3.2049999999999987,3.2049999999999987
0.13,0.17,0.73,0.003,0.008,0.06,2.3,1.0,0.021,0.08,0.0,0.0,0.0,0.001,0.0,0.014,0.0,0.001,0.001,0.005,0.002,225.0,690.0,14.0,437.0,585.0,23.0,,,,,,,,,,,1,0,0,11700.0,0,0,0,0,0,1,0,0,0,0,2800.0,-42.71435,-42.714351654052734,6.47,6.47,30.771729,30.771728515625,20.41,20.41,15.6,15.6,1.0109126984126984,1.0109126984126984
0.11,0.27,0.65,0.005,0.007,0.02,2.47,1.12,0.012,0.17,0.0,0.0,0.0,0.001,0.0,0.006,0.0,0.003,0.001,0.003,0.001,175.0,690.0,14.0,431.0,570.0,28.0,,,,,,,,,,,1,0,0,7492.5,0,0,0,0,1,0,0,0,0,0,1850.0,-39.831722,-39.831722259521484,11.106666666666666,11.106666666666666,91.8801,91.88009643554688,21.09,21.09,15.6,15.6,0.9842460317460316,0.9842460317460316
0.069,0.53,0.58,0.018,0.014,0.0,2.6,1.1,0.0,0.0,0.0,0.0,0.043,0.0,0.0,0.0,0.0,0.0,0.0,0.0,0.0,300.0,690.0,3.0,593.0,698.0,17.0,67.0,,,231.0,,,,,,,1,0,0,5625.0,0,0,0,1,0,0,0,0,0,0,1000.0,-27.73166,-27.731660842895508,13.723333333333334,13.723333333333334,86.61174,86.61174011230469,23.33,23.33,15.6,15.6,0.8997698412698414,0.8997698412698414
0.05,0.45,0.73,0.015,0.018,0.0,2.8,1.1,0.0,0.0,0.0,0.0,0.046,0.0,0.0,0.0,0.0,0.0,0.0,0.0,0.0,300.0,690.0,3.0,591.0,705.0,17.0,70.0,,,230.0,,,,,,,1,0,0,5625.0,0,0,0,1,0,0,0,0,0,0,1000.0,-28.66455,-28.66455078125,9.6,9.6,87.29475,87.29474639892578,20.7,20.7,15.6,15.6,1.2331031746031746,1.2331031746031746
0.051,0.43,0.76,0.024,0.019,0.0,2.8,1.1,0.0,0.0,0.0,0.0,0.041,0.0,0.0,0.0,0.0,0.0,0.0,0.0,0.0,300.0,690.0,3.0,614.0,713.0,18.0,67.0,,,241.0,,,,,,,1,0,0,5625.0,0,0,0,1,0,0,0,0,0,0,1000.0,-30.158972,-30.158971786499023,8.66,8.66,87.781296,87.78129577636719,22.68,22.68,15.6,15.6,0.896436507936508,0.896436507936508
0.067,0.13,0.94,0.017,0.026,0.0,2.9,1.4,0.0,0.0,0.0,0.0,0.055,0.0,0.0,0.0,0.0,0.0,0.0,0.0,0.0,300.0,690.0,3.0,546.0,658.0,18.0,65.0,,,222.0,,,,,,,1,0,0,5625.0,0,0,0,1,0,0,0,0,0,0,1000.0,-12.790524,-12.790523529052734,8.38,8.38,95.07209,95.07209014892578,15.71,15.71,15.6,15.6,2.9797698412698406,2.9797698412698406
0.058,0.2,0.55,0.027,0.027,0.0,1.8,1.2,0.0,0.0,0.0,0.0,0.073,0.0,0.0,0.0,0.0,0.0,0.0,0.0,0.0,300.0,690.0,3.0,464.0,578.0,23.0,71.0,,,205.0,,,,,,,1,0,0,5625.0,0,0,0,1,0,0,0,0,0,0,1000.0,-17.112173,-17.112173080444336,12.303333333333335,12.303333333333335,72.70941,72.70941162109375,15.14,15.14,15.6,15.6,3.0447698412698405,3.0447698412698405
0.125,0.39,0.88,0.025,0.028,0.0,2.5,1.4,0.0,0.0,0.0,0.0,0.047,0.0,0.0,0.0,0.0,0.0,0.0,0.0,0.0,300.0,690.0,3.0,646.0,737.0,18.0,63.0,,,253.0,,,,,,,1,0,0,5625.0,0,0,0,1,0,0,0,0,0,0,1000.0,-40.26621,-40.26620864868164,9.15,9.15,87.40917,87.40917205810547,18.32,18.32,15.6,15.6,3.203579365079364,3.203579365079364
0.053,0.3,0.84,0.019,0.012,0.0,2.1,1.3,0.0,0.0,0.0,0.0,0.069,0.0,0.0,0.0,0.0,0.0,0.0,0.0,0.0,300.0,690.0,3.0,536.0,652.0,20.0,73.0,,,220.0,,,,,,,1,0,0,5625.0,0,0,0,1,0,0,0,0,0,0,1000.0,-16.01188,-16.01188087463379,7.1,7.1,73.107506,73.10750579833984,14.78,14.78,15.6,15.6,2.9797698412698406,2.9797698412698406
0.075,0.35,0.8,0.02,0.017,0.0,2.3,1.5,0.0,0.0,0.0,0.0,0.055,0.0,0.0,0.0,0.0,0.0,0.0,0.0,0.0,300.0,690.0,3.0,546.0,648.0,18.0,17.0,,,220.0,,,,,,,1,0,0,5625.0,0,0,0,1,0,0,0,0,0,0,1000.0,-16.860168,-16.86016845703125,8.79,8.79,66.422775,66.42277526855469,15.67,15.67,15.6,15.6,3.218579365079364,3.218579365079364
0.065,0.39,0.77,0.029,0.016,0.0,2.4,1.4,0.0,0.0,0.0,0.0,0.056,0.0,0.0,0.0,0.0,0.0,0.0,0.0,0.0,300.0,690.0,3.0,581.0,693.0,20.0,69.0,,,230.0,,,,,,,1,0,0,5625.0,0,0,0,1,0,0,0,0,0,0,1000.0,-29.175373,-29.175373077392578,9.25,9.25,87.777336,87.77733612060547,20.56,20.56,15.6,15.6,3.0414365079365075,3.0414365079365075
0.061,0.32,0.27,0.022,0.016,0.0,2.2,1.2,0.0,0.0,0.0,0.0,0.069,0.0,0.0,0.0,0.0,0.0,0.0,0.0,0.0,300.0,690.0,3.0,537.0,648.0,22.0,65.0,,,220.0,,,,,,,1,0,0,5625.0,0,0,0,1,0,0,0,0,0,0,1000.0,-17.861526,-17.861526489257812,12.303333333333335,12.303333333333335,70.83255,70.83255004882812,15.18,15.18,15.6,15.6,3.0447698412698405,3.0447698412698405
0.043,0.34,0.45,0.019,0.017,0.0,2.2,1.4,0.0,0.0,0.0,0.0,0.058,0.0,0.0,0.0,0.0,0.0,0.0,0.0,0.0,300.0,690.0,3.0,527.0,635.0,20.0,67.0,,,219.0,,,,,,,1,0,0,5625.0,0,0,0,1,0,0,0,0,0,0,1000.0,-16.675064,-16.675064086914062,13.203333333333335,13.203333333333335,53.60758,53.60757827758789,30.91,30.91,15.6,15.6,3.0447698412698405,3.0447698412698405
0.066,0.41,0.67,0.018,0.029,0.0,2.5,1.2,0.0,0.0,0.0,0.0,0.062,0.0,0.0,0.0,0.0,0.0,0.0,0.0,0.0,300.0,690.0,3.0,561.0,666.0,20.0,68.0,,,226.0,,,,,,,1,0,0,5625.0,0,0,0,1,0,0,0,0,0,0,1000.0,-27.695904,-27.695903778076172,9.34,9.34,87.777336,87.77733612060547,20.56,20.56,15.6,15.6,3.0414365079365075,3.0414365079365075
0.1,0.44,0.8,0.021,0.02,0.0,2.5,1.2,0.0,0.0,0.0,0.0,0.052,0.0,0.0,0.0,0.0,0.0,0.0,0.0,0.0,300.0,690.0,3.0,576.0,678.0,17.0,70.0,,,230.0,,,,,,,1,0,0,5625.0,0,0,0,1,0,0,0,0,0,0,1000.0,-32.233097,-32.233097076416016,9.65,9.65,87.40917,87.40917205810547,18.3,18.3,15.6,15.6,3.255246031746031,3.255246031746031
0.044,0.04,0.45,0.014,0.017,0.0,2.3,0.0,0.0,0.0,0.0,0.0,0.165,0.0,0.0,0.0,0.0,0.0,0.0,0.0,0.0,300.0,690.0,3.0,392.0,524.0,22.0,67.0,,,182.0,,,,,,,1,0,0,5625.0,0,0,0,1,0,0,0,0,0,0,1000.0,21.907372,21.907371520996094,28.05333333333333,28.05333333333333,63.091877,63.09187698364258,26.47,26.47,0.0,0.0,3.0477142857142847,3.0477142857142847
0.05,0.07,0.48,0.007,0.018,0.0,2.2,0.0,0.0,0.0,0.0,0.0,0.144,0.0,0.0,0.0,0.0,0.0,0.0,0.0,0.0,300.0,690.0,3.0,473.0,578.0,21.0,71.0,,,199.0,,,,,,,1,0,0,5625.0,0,0,0,1,0,0,0,0,0,0,1000.0,14.869168,14.869168281555176,12.533333333333335,12.533333333333335,73.39242,73.39241790771484,14.78,14.78,15.6,15.6,2.5457698412698413,2.5457698412698413
0.05,0.18,0.63,0.015,0.018,0.0,2.0,0.0,0.0,0.0,0.0,0.0,0.075,0.0,0.0,0.0,0.0,0.0,0.0,0.0,0.0,300.0,690.0,3.0,543.0,649.0,20.0,71.0,,,217.0,,,,,,,1,0,0,5625.0,0,0,0,1,0,0,0,0,0,0,1000.0,12.568586,12.568586349487305,12.343333333333335,12.343333333333335,73.39242,73.39241790771484,15.14,15.14,15.6,15.6,3.0447698412698405,3.0447698412698405
0.049,0.39,0.78,0.022,0.018,0.0,2.2,1.1,0.0,0.0,0.0,0.0,0.068,0.0,0.0,0.0,0.0,0.0,0.0,0.0,0.0,300.0,690.0,3.0,546.0,661.0,20.0,69.0,,,226.0,,,,,,,1,0,0,5625.0,0,0,0,1,0,0,0,0,0,0,1000.0,-30.10899,-30.108989715576172,9.46,9.46,66.09767,66.09767150878906,20.59,20.59,15.6,15.6,3.0414365079365075,3.0414365079365075
0.075,0.41,0.77,0.021,0.018,0.0,2.2,1.1,0.0,0.0,0.0,0.0,0.115,0.0,0.0,0.0,0.0,0.0,0.0,0.0,0.0,300.0,690.0,3.0,562.0,669.0,20.0,70.0,,,226.0,,,,,,,1,0,0,5625.0,0,0,0,1,0,0,0,0,0,0,1000.0,-30.934696,-30.934696197509766,9.27,9.27,66.422775,66.42277526855469,18.66,18.66,15.6,15.6,3.245246031746031,3.245246031746031
0.045,0.45,0.8,0.012,0.02,0.0,2.4,1.0,0.0,0.0,0.0,0.0,0.118,0.0,0.0,0.0,0.0,0.0,0.0,0.0,0.0,300.0,690.0,3.0,603.0,705.0,19.0,66.0,,,239.0,,,,,,,1,0,0,5625.0,0,0,0,1,0,0,0,0,0,0,1000.0,-32.080704,-32.08070373535156,9.69,9.69,82.329895,82.32989501953125,28.9,28.9,15.6,15.6,3.0414365079365075,3.0414365079365075
0.036,0.55,0.84,0.013,0.02,0.0,2.5,1.0,0.0,0.0,0.0,0.0,0.107,0.0,0.0,0.0,0.0,0.0,0.0,0.0,0.0,300.0,690.0,3.0,619.0,727.0,20.0,66.0,,,240.0,,,,,,,1,0,0,5625.0,0,0,0,1,0,0,0,0,0,0,1000.0,-32.080704,-32.08070373535156,9.87,9.87,74.54112,74.54112243652344,32.27,32.27,15.6,15.6,2.989769841269841,2.989769841269841
0.058,0.61,0.93,0.014,0.017,0.0,2.5,1.1,0.0,0.0,0.0,0.0,0.102,0.0,0.0,0.0,0.0,0.0,0.0,0.0,0.0,300.0,690.0,3.0,638.0,736.0,17.0,66.0,,,241.0,,,,,,,1,0,0,5625.0,0,0,0,1,0,0,0,0,0,0,1000.0,-39.72327,-39.723270416259766,9.35,9.35,87.60851,87.60851287841797,20.46,20.46,15.6,15.6,2.989769841269841,2.989769841269841
0.09,0.2,1.25,0.011,0.022,0.0,2.4,0.9,0.0,0.0,0.0,0.0,0.069,0.0,0.0,0.0,0.0,0.0,0.0,0.0,0.0,300.0,690.0,3.0,594.0,680.0,20.0,66.0,,,231.0,,,,,,,1,0,0,5625.0,0,0,0,1,0,0,0,0,0,0,1000.0,-37.218548,-37.21854782104492,6.93,6.93,94.59134,94.59133911132812,12.15,12.15,15.6,15.6,3.071047619047618,3.071047619047618
0.12,0.27,1.27,0.014,0.021,0.0,2.4,0.9,0.0,0.0,0.0,0.0,0.068,0.0,0.0,0.0,0.0,0.0,0.0,0.0,0.0,300.0,690.0,3.0,,,,,,,244.0,,,,,,,1,0,0,5625.0,0,0,0,1,0,0,0,0,0,0,1000.0,-31.792604,-31.792604446411133,7.03,7.03,94.01898,94.01898193359375,12.15,12.15,15.6,15.6,3.071047619047618,3.071047619047618
0.09,0.39,1.18,0.013,0.022,0.0,2.4,1.0,0.0,0.0,0.0,0.0,0.057,0.0,0.0,0.0,0.0,0.0,0.0,0.0,0.0,300.0,690.0,3.0,,,,,,,247.0,,,,,,,1,0,0,5625.0,0,0,0,1,0,0,0,0,0,0,1000.0,-41.549713,-41.549713134765625,7.7,7.7,87.40917,87.40917205810547,17.36,17.36,15.6,15.6,3.1297698412698405,3.1297698412698405
0.11,0.48,1.13,0.015,0.018,0.0,2.4,0.9,0.0,0.0,0.0,0.0,0.052,0.0,0.0,0.0,0.0,0.0,0.0,0.0,0.0,300.0,690.0,3.0,,,,,,,253.0,,,,,,,1,0,0,5625.0,0,0,0,1,0,0,0,0,0,0,1000.0,-38.179516,-38.17951583862305,8.6,8.6,87.40917,87.40917205810547,17.79,17.79,15.6,15.6,3.2135793650793643,3.2135793650793643
0.09,0.59,1.1,0.013,0.02,0.0,2.4,0.8,0.0,0.0,0.0,0.0,0.054,0.0,0.0,0.0,0.0,0.0,0.0,0.0,0.0,300.0,690.0,3.0,648.0,743.0,18.0,58.0,,,247.0,,,,,,,1,0,0,5625.0,0,0,0,1,0,0,0,0,0,0,1000.0,-41.584743,-41.58474349975586,8.75,8.75,87.40917,87.40917205810547,18.76,18.76,15.6,15.6,3.2135793650793643,3.2135793650793643
0.05,0.33,0.83,0.02,0.018,0.0,2.3,1.1,0.0,0.0,0.0,0.0,0.0,0.0,0.0,0.0,0.0,0.0,0.0,0.0,0.0,300.0,690.0,3.0,,,,,,,222.0,,,,,,,1,0,0,5625.0,0,0,0,1,0,0,0,0,0,0,1000.0,-16.041412,-16.041412353515625,6.64,6.64,54.93258,54.932579040527344,18.22,18.22,15.6,15.6,0.8197698412698413,0.8197698412698413
0.09,0.3,1.25,0.02,0.016,0.0,2.0,1.1,0.0,0.0,0.0,0.0,0.0,0.0,0.0,0.0,0.0,0.0,0.0,0.0,0.0,300.0,690.0,3.0,,,,,,,240.0,,,,,,,1,0,0,5625.0,0,0,0,1,0,0,0,0,0,0,1000.0,-29.29529,-29.295289993286133,5.58,5.58,57.579792,57.57979202270508,14.3,14.3,15.6,15.6,0.9761190476190477,0.9761190476190477
0.06,0.26,0.94,0.011,0.018,0.0,2.3,1.2,0.0,0.0,0.0,0.0,0.0,0.0,0.0,0.0,0.0,0.0,0.0,0.0,0.0,300.0,690.0,3.0,,,,,,,227.0,,,,,,,1,0,0,5625.0,0,0,0,1,0,0,0,0,0,0,1000.0,-37.553703,-37.55370330810547,6.34,6.34,55.441498,55.441497802734375,17.86,17.86,15.6,15.6,0.7746031746031747,0.7746031746031747
0.05,0.34,0.96,0.017,0.018,0.0,2.4,1.1,0.0,0.0,0.0,0.0,0.0,0.0,0.0,0.0,0.0,0.0,0.0,0.0,0.0,300.0,690.0,3.0,,,,,,,233.0,,,,,,,1,0,0,5625.0,0,0,0,1,0,0,0,0,0,0,1000.0,-25.905489,-25.905488967895508,6.64,6.64,92.545,92.54499816894531,19.96,19.96,15.6,15.6,0.7646031746031747,0.7646031746031747
0.05,0.27,0.94,0.011,0.015,0.0,2.3,1.3,0.0,0.0,0.0,0.0,0.0,0.0,0.0,0.0,0.0,0.0,0.0,0.0,0.0,300.0,690.0,3.0,,,,,,,212.0,,,,,,,1,0,0,5625.0,0,0,0,1,0,0,0,0,0,0,1000.0,-33.557743,-33.557743072509766,6.39,6.39,56.124504,56.12450408935547,17.8,17.8,15.6,15.6,0.7746031746031747,0.7746031746031747
0.05,0.3,1.0,0.006,0.015,0.0,2.2,1.1,0.0,0.0,0.0,0.0,0.0,0.0,0.0,0.0,0.0,0.0,0.0,0.0,0.0,300.0,690.0,3.0,,,,,,,209.0,,,,,,,1,0,0,5625.0,0,0,0,1,0,0,0,0,0,0,1000.0,-56.6895,-56.68949890136719,6.33,6.33,56.70608,56.70608139038086,18.67,18.67,15.6,15.6,0.06515079365079365,0.06515079365079365
0.08,0.25,0.8,0.01,0.01,0.03,2.3,1.05,0.01,0.02,0.0,0.0,0.0,0.0,0.0,0.0,0.0,0.0,2e-07,3e-07,1e-07,210.0,700.0,20.0,507.0,613.0,,,,,,,,,,,,1,0,0,15750.0,0,0,0,0,0,0,1,0,0,0,1750.0,-25.654692,-25.654691696166992,6.49,6.49,59.85469,59.85469055175781,17.27,17.27,15.6,15.6,1.6693650793650792,1.6693650793650792
0.08,0.25,0.8,0.01,0.01,0.03,2.3,1.05,0.01,0.02,0.0,0.0,0.0,0.0,0.0,0.0,0.0,0.0,2e-07,3e-07,1e-07,210.0,700.0,20.0,,,,,20.0,231.0,,,,,,,,1,0,0,15750.0,0,0,0,0,0,0,1,0,0,0,1750.0,-25.654692,-25.654691696166992,6.49,6.49,59.85469,59.85469055175781,17.27,17.27,15.6,15.6,1.6693650793650792,1.6693650793650792
0.08,0.25,0.8,0.01,0.01,0.03,2.3,1.05,0.01,0.02,0.0,0.0,0.0,0.0,0.0,0.0,0.0,0.0,2e-07,3e-07,1e-07,210.0,700.0,20.0,,,,,-10.0,197.0,,,,,,,,1,0,0,15750.0,0,0,0,0,0,0,1,0,0,0,1750.0,-25.654692,-25.654691696166992,6.49,6.49,59.85469,59.85469055175781,17.27,17.27,15.6,15.6,1.6693650793650792,1.6693650793650792
0.08,0.25,0.8,0.01,0.01,0.03,2.3,1.05,0.01,0.02,0.0,0.0,0.0,0.0,0.0,0.0,0.0,0.0,2e-07,3e-07,1e-07,210.0,700.0,20.0,,,,,-30.0,170.0,,,,,,,,1,0,0,15750.0,0,0,0,0,0,0,1,0,0,0,1750.0,-25.654692,-25.654691696166992,6.49,6.49,59.85469,59.85469055175781,17.27,17.27,15.6,15.6,1.6693650793650792,1.6693650793650792
0.08,0.25,0.8,0.01,0.01,0.03,2.3,1.05,0.01,0.02,0.0,0.0,0.0,0.0,0.0,0.0,0.0,0.0,2e-07,3e-07,1e-07,210.0,700.0,20.0,527.0,627.0,,,,,,,,,,,,1,0,0,15750.0,0,0,0,0,0,0,1,0,0,0,1750.0,-25.654692,-25.654691696166992,6.49,6.49,59.85469,59.85469055175781,17.27,17.27,15.6,15.6,1.6693650793650792,1.6693650793650792
0.08,0.25,0.8,0.01,0.01,0.03,2.3,1.05,0.01,0.02,0.0,0.0,0.0,0.0,0.0,0.0,0.0,0.0,2e-07,3e-07,1e-07,210.0,700.0,20.0,,,,,20.0,224.0,,,,,,,,1,0,0,15750.0,0,0,0,0,0,0,1,0,0,0,1750.0,-25.654692,-25.654691696166992,6.49,6.49,59.85469,59.85469055175781,17.27,17.27,15.6,15.6,1.6693650793650792,1.6693650793650792
0.08,0.25,0.8,0.01,0.01,0.03,2.3,1.05,0.01,0.02,0.0,0.0,0.0,0.0,0.0,0.0,0.0,0.0,2e-07,3e-07,1e-07,210.0,700.0,20.0,,,,,-10.0,203.0,,,,,,,,1,0,0,15750.0,0,0,0,0,0,0,1,0,0,0,1750.0,-25.654692,-25.654691696166992,6.49,6.49,59.85469,59.85469055175781,17.27,17.27,15.6,15.6,1.6693650793650792,1.6693650793650792
0.08,0.25,0.8,0.01,0.01,0.03,2.3,1.05,0.01,0.02,0.0,0.0,0.0,0.0,0.0,0.0,0.0,0.0,2e-07,3e-07,1e-07,210.0,700.0,20.0,,,,,-30.0,171.0,,,,,,,,1,0,0,15750.0,0,0,0,0,0,0,1,0,0,0,1750.0,-25.654692,-25.654691696166992,6.49,6.49,59.85469,59.85469055175781,17.27,17.27,15.6,15.6,1.6693650793650792,1.6693650793650792
0.08,0.25,0.8,0.01,0.01,0.03,2.3,1.05,0.01,0.02,0.0,0.0,0.0,0.0,0.0,0.0,0.0,0.0,2e-07,3e-07,1e-07,210.0,700.0,20.0,515.0,616.0,,,,,,,,,,,,1,0,0,15750.0,0,0,0,0,0,0,1,0,0,0,1750.0,-25.654692,-25.654691696166992,6.49,6.49,59.85469,59.85469055175781,17.27,17.27,15.6,15.6,1.6693650793650792,1.6693650793650792
0.08,0.25,0.8,0.01,0.01,0.03,2.3,1.05,0.01,0.02,0.0,0.0,0.0,0.0,0.0,0.0,0.0,0.0,2e-07,3e-07,1e-07,210.0,700.0,20.0,,,,,20.0,227.0,,,,,,,,1,0,0,15750.0,0,0,0,0,0,0,1,0,0,0,1750.0,-25.654692,-25.654691696166992,6.49,6.49,59.85469,59.85469055175781,17.27,17.27,15.6,15.6,1.6693650793650792,1.6693650793650792
0.08,0.25,0.8,0.01,0.01,0.03,2.3,1.05,0.01,0.02,0.0,0.0,0.0,0.0,0.0,0.0,0.0,0.0,2e-07,3e-07,1e-07,210.0,700.0,20.0,,,,,-10.0,175.0,,,,,,,,1,0,0,15750.0,0,0,0,0,0,0,1,0,0,0,1750.0,-25.654692,-25.654691696166992,6.49,6.49,59.85469,59.85469055175781,17.27,17.27,15.6,15.6,1.6693650793650792,1.6693650793650792
0.08,0.25,0.8,0.01,0.01,0.03,2.3,1.05,0.01,0.02,0.0,0.0,0.0,0.0,0.0,0.0,0.0,0.0,2e-07,3e-07,1e-07,210.0,700.0,20.0,,,,,-30.0,152.0,,,,,,,,1,0,0,15750.0,0,0,0,0,0,0,1,0,0,0,1750.0,-25.654692,-25.654691696166992,6.49,6.49,59.85469,59.85469055175781,17.27,17.27,15.6,15.6,1.6693650793650792,1.6693650793650792
0.08,0.25,0.8,0.01,0.01,0.03,2.3,1.05,0.01,0.02,0.0,0.0,0.0,0.0,0.0,0.0,0.0,0.0,2e-07,3e-07,1e-07,210.0,700.0,20.0,509.0,610.0,,,,,,,,,,,,1,0,0,15750.0,0,0,0,0,0,0,1,0,0,0,1750.0,-25.654692,-25.654691696166992,6.49,6.49,59.85469,59.85469055175781,17.27,17.27,15.6,15.6,1.6693650793650792,1.6693650793650792
0.08,0.25,0.8,0.01,0.01,0.03,2.3,1.05,0.01,0.02,0.0,0.0,0.0,0.0,0.0,0.0,0.0,0.0,2e-07,3e-07,1e-07,210.0,700.0,20.0,,,,,20.0,221.0,,,,,,,,1,0,0,15750.0,0,0,0,0,0,0,1,0,0,0,1750.0,-25.654692,-25.654691696166992,6.49,6.49,59.85469,59.85469055175781,17.27,17.27,15.6,15.6,1.6693650793650792,1.6693650793650792
0.08,0.25,0.8,0.01,0.01,0.03,2.3,1.05,0.01,0.02,0.0,0.0,0.0,0.0,0.0,0.0,0.0,0.0,2e-07,3e-07,1e-07,210.0,700.0,20.0,,,,,188.0,141.0,,,,,,,,1,0,0,15750.0,0,0,0,0,0,0,1,0,0,0,1750.0,-25.654692,-25.654691696166992,6.49,6.49,59.85469,59.85469055175781,17.27,17.27,15.6,15.6,1.6693650793650792,1.6693650793650792
0.08,0.25,0.8,0.01,0.01,0.03,2.3,1.05,0.01,0.02,0.0,0.0,0.0,0.0,0.0,0.0,0.0,0.0,2e-07,3e-07,1e-07,210.0,700.0,20.0,,,,,-30.0,141.0,,,,,,,,1,0,0,15750.0,0,0,0,0,0,0,1,0,0,0,1750.0,-25.654692,-25.654691696166992,6.49,6.49,59.85469,59.85469055175781,17.27,17.27,15.6,15.6,1.6693650793650792,1.6693650793650792
0.08,0.25,0.8,0.01,0.01,0.03,2.3,1.05,0.01,0.02,0.0,0.0,0.0,0.0,0.0,0.0,0.0,0.0,2e-07,3e-07,1e-07,210.0,700.0,20.0,504.0,612.0,,,,,,,,,,,,1,0,0,15750.0,0,0,0,0,0,0,1,0,0,0,1750.0,-25.654692,-25.654691696166992,6.49,6.49,59.85469,59.85469055175781,17.27,17.27,15.6,15.6,1.6693650793650792,1.6693650793650792
0.08,0.25,0.8,0.01,0.01,0.03,2.3,1.05,0.01,0.02,0.0,0.0,0.0,0.0,0.0,0.0,0.0,0.0,2e-07,3e-07,1e-07,210.0,700.0,20.0,,,,,20.0,233.0,,,,,,,,1,0,0,15750.0,0,0,0,0,0,0,1,0,0,0,1750.0,-25.654692,-25.654691696166992,6.49,6.49,59.85469,59.85469055175781,17.27,17.27,15.6,15.6,1.6693650793650792,1.6693650793650792
0.08,0.25,0.8,0.01,0.01,0.03,2.3,1.05,0.01,0.02,0.0,0.0,0.0,0.0,0.0,0.0,0.0,0.0,2e-07,3e-07,1e-07,210.0,700.0,20.0,,,,,-10.0,199.0,,,,,,,,1,0,0,15750.0,0,0,0,0,0,0,1,0,0,0,1750.0,-25.654692,-25.654691696166992,6.49,6.49,59.85469,59.85469055175781,17.27,17.27,15.6,15.6,1.6693650793650792,1.6693650793650792
0.08,0.25,0.8,0.01,0.01,0.03,2.3,1.05,0.01,0.02,0.0,0.0,0.0,0.0,0.0,0.0,0.0,0.0,2e-07,3e-07,1e-07,210.0,700.0,20.0,,,,,-30.0,170.0,,,,,,,,1,0,0,15750.0,0,0,0,0,0,0,1,0,0,0,1750.0,-25.654692,-25.654691696166992,6.49,6.49,59.85469,59.85469055175781,17.27,17.27,15.6,15.6,1.6693650793650792,1.6693650793650792
0.03,0.55,0.88,0.012,0.013,0.0,2.06,1.08,0.0,0.0,0.0,0.0,0.0,0.0,0.0,0.0,0.0,0.0,0.0,0.0,0.0,200.0,720.0,3.5,315.0,500.0,,,,,,,,,,,,1,0,0,17440.0,0,0,0,0,0,0,1,0,0,0,3700.0,-34.96096,-34.960960388183594,7.52,7.52,39.900726,39.900726318359375,34.49,34.49,15.6,15.6,0.9079365079365082,0.9079365079365082
0.03,0.55,0.88,0.012,0.013,0.0,2.06,1.08,0.0,0.0,0.0,0.0,0.0,0.0,0.0,0.0,0.0,0.0,0.0,0.0,0.0,200.0,720.0,3.5,350.0,530.0,,,,,,,,,,,,1,0,0,17440.0,0,0,0,0,0,0,1,0,0,0,3700.0,-34.96096,-34.960960388183594,7.52,7.52,39.900726,39.900726318359375,34.49,34.49,15.6,15.6,0.9079365079365082,0.9079365079365082
0.095,0.35,0.9,0.008,0.02,0.0,0.0,0.0,0.0,0.0,0.0,0.0,0.0269,0.0,0.0054,0.017,0.0,0.0,0.0,0.0,0.0,250.0,200.0,1.0,408.0,501.0,32.6,77.0,,,,,,,,,,1,0,0,13500.0,0,0,0,0,0,0,1,0,0,0,2025.0,-4.422719,-4.4227190017700195,12.44,12.44,44.556126,44.55612564086914,31.12,31.12,15.6,15.6,0.7060165945165946,0.7060165945165946
0.095,0.35,0.9,0.008,0.02,0.0,0.0,0.0,0.0,0.0,0.0,0.0,0.0269,0.0,0.0054,0.017,0.0,0.0,0.0,0.0,0.0,250.0,200.0,1.0,394.0,496.0,34.2,78.0,,,,,,,,,,1,0,0,13500.0,0,0,0,0,0,0,1,0,0,0,2025.0,-4.422719,-4.4227190017700195,12.44,12.44,44.556126,44.55612564086914,31.12,31.12,15.6,15.6,0.7060165945165946,0.7060165945165946
0.093,0.32,0.86,0.01,0.018,0.0,0.0,0.0,0.0,0.0,0.0,0.0,0.0236,0.0,0.0054,0.018,0.0,0.0,0.0,0.0,0.0,250.0,200.0,1.0,390.0,486.0,33.0,76.0,,,,,,,,,,1,0,0,16500.0,0,0,0,0,0,0,1,0,0,0,2475.0,-4.568143,-4.568142890930176,12.14,12.14,49.548058,49.548057556152344,28.29,28.29,15.6,15.6,1.2810317460317462,1.2810317460317462
0.093,0.32,0.86,0.01,0.018,0.0,0.0,0.0,0.0,0.0,0.0,0.0,0.0236,0.0,0.0054,0.018,0.0,0.0,0.0,0.0,0.0,250.0,200.0,1.0,388.0,482.0,31.8,75.0,,,,,,,,,,1,0,0,16500.0,0,0,0,0,0,0,1,0,0,0,2475.0,-4.568143,-4.568142890930176,12.14,12.14,49.548058,49.548057556152344,28.29,28.29,15.6,15.6,1.2810317460317462,1.2810317460317462
0.096,0.3,0.8,0.012,0.013,0.0,0.0,0.0,0.0,0.0,0.0,0.0,0.0265,0.0,0.0047,0.017,0.0,0.0,0.0,0.0,0.0,250.0,200.0,1.0,370.0,481.0,33.6,76.0,,,,,,,,,,1,0,0,19500.0,0,0,0,0,0,0,1,0,0,0,2925.0,1.0694999,1.0694998502731323,11.32,11.32,50.73998,50.7399787902832,27.44,27.44,15.6,15.6,1.399531746031746,1.399531746031746
0.096,0.3,0.8,0.012,0.013,0.0,0.0,0.0,0.0,0.0,0.0,0.0,0.0265,0.0,0.0047,0.017,0.0,0.0,0.0,0.0,0.0,250.0,200.0,1.0,379.0,490.0,32.2,77.0,,,,,,,,,,1,0,0,19500.0,0,0,0,0,0,0,1,0,0,0,2925.0,1.0694999,1.0694998502731323,11.32,11.32,50.73998,50.7399787902832,27.44,27.44,15.6,15.6,1.399531746031746,1.399531746031746
0.1,0.28,0.82,0.012,0.014,0.0,0.0,0.0,0.0,0.0,0.0,0.0,0.0258,0.0,0.0045,0.02,0.0,0.0,0.0,0.0,0.0,100.0,200.0,1.0,337.0,477.0,32.6,71.0,,,,,,,,,,1,0,0,29700.0,0,0,0,0,0,0,1,0,0,0,4800.0,1.4041163,1.4041162729263306,12.32,12.32,50.73998,50.7399787902832,27.25,27.25,15.6,15.6,1.399531746031746,1.399531746031746
0.1,0.28,0.82,0.012,0.014,0.0,0.0,0.0,0.0,0.0,0.0,0.0,0.0258,0.0,0.0045,0.02,0.0,0.0,0.0,0.0,0.0,100.0,200.0,1.0,356.0,483.0,32.3,72.0,,,,,,,,,,1,0,0,29700.0,0,0,0,0,0,0,1,0,0,0,4800.0,1.4041163,1.4041162729263306,12.32,12.32,50.73998,50.7399787902832,27.25,27.25,15.6,15.6,1.399531746031746,1.399531746031746
0.088,0.35,1.38,0.004,0.022,0.0,0.0,0.0,0.0,0.0,0.0,0.0,0.0268,0.0,0.0109,0.02,0.0,0.0,0.0,0.0,0.0,250.0,200.0,1.0,456.0,563.0,30.2,75.0,,,,,,,,,,1,0,0,13500.0,0,0,0,0,0,0,1,0,0,0,2025.0,-37.55465,-37.554649353027344,12.12,12.12,39.262325,39.262325286865234,33.85,33.85,15.6,15.6,0.9422388167388168,0.9422388167388168
0.088,0.35,1.38,0.004,0.022,0.0,0.0,0.0,0.0,0.0,0.0,0.0,0.0268,0.0,0.0109,0.02,0.0,0.0,0.0,0.0,0.0,250.0,200.0,1.0,458.0,567.0,29.6,74.0,,,,,,,,,,1,0,0,13500.0,0,0,0,0,0,0,1,0,0,0,2025.0,-37.55465,-37.554649353027344,12.12,12.12,39.262325,39.262325286865234,33.85,33.85,15.6,15.6,0.9422388167388168,0.9422388167388168
0.089,0.32,1.36,0.005,0.019,0.0,0.0,0.0,0.0,0.0,0.0,0.0,0.0237,0.0,0.0085,0.018,0.0,0.0,0.0,0.0,0.0,250.0,200.0,1.0,428.0,539.0,28.0,75.0,,,,,,,,,,1,0,0,16500.0,0,0,0,0,0,0,1,0,0,0,2475.0,-37.330845,-37.33084487915039,12.07,12.07,38.894005,38.894004821777344,34.955,34.955,15.6,15.6,0.5675,0.5675
0.089,0.32,1.36,0.005,0.019,0.0,0.0,0.0,0.0,0.0,0.0,0.0,0.0237,0.0,0.0085,0.018,0.0,0.0,0.0,0.0,0.0,250.0,200.0,1.0,436.0,544.0,29.4,75.0,,,,,,,,,,1,0,0,16500.0,0,0,0,0,0,0,1,0,0,0,2475.0,-37.330845,-37.33084487915039,12.07,12.07,38.894005,38.894004821777344,34.955,34.955,15.6,15.6,0.5675,0.5675
0.092,0.31,1.33,0.005,0.016,0.0,0.0,0.0,0.0,0.0,0.0,0.0,0.0252,0.0,0.0084,0.017,0.0,0.0,0.0,0.0,0.0,250.0,200.0,1.0,439.0,543.0,28.8,75.0,,,,,,,,,,1,0,0,19500.0,0,0,0,0,0,0,1,0,0,0,2925.0,-37.294502,-37.29450225830078,12.07,12.07,39.383965,39.38396453857422,35.205,35.205,15.6,15.6,0.5675,0.5675
0.092,0.31,1.33,0.005,0.016,0.0,0.0,0.0,0.0,0.0,0.0,0.0,0.0252,0.0,0.0084,0.017,0.0,0.0,0.0,0.0,0.0,250.0,200.0,1.0,430.0,541.0,31.4,73.0,,,,,,,,,,1,0,0,19500.0,0,0,0,0,0,0,1,0,0,0,2925.0,-37.294502,-37.29450225830078,12.07,12.07,39.383965,39.38396453857422,35.205,35.205,15.6,15.6,0.5675,0.5675
0.09,0.33,1.19,0.007,0.015,0.0,0.0,0.0,0.0,0.0,0.0,0.0,0.0234,0.0,0.0078,0.02,0.0,0.0,0.0,0.0,0.0,100.0,200.0,1.0,,539.0,27.1,67.0,,,,,,,,,,1,0,0,29700.0,0,0,0,0,0,0,1,0,0,0,4800.0,-3.9524667,-3.9524667263031006,11.97,11.97,49.41873,49.418731689453125,27.55,27.55,15.6,15.6,0.42022222222222216,0.42022222222222216
0.09,0.33,1.19,0.007,0.015,0.0,0.0,0.0,0.0,0.0,0.0,0.0,0.0234,0.0,0.0078,0.02,0.0,0.0,0.0,0.0,0.0,100.0,200.0,1.0,413.0,540.0,28.6,69.0,,,,,,,,,,1,0,0,29700.0,0,0,0,0,0,0,1,0,0,0,4800.0,-3.9524667,-3.9524667263031006,11.97,11.97,49.41873,49.418731689453125,27.55,27.55,15.6,15.6,0.42022222222222216,0.42022222222222216
0.075,0.47,1.31,0.014,0.02,0.0,0.0,0.0,0.0,0.0,0.0,0.0,0.0465,0.0,0.0049,0.019,0.0,0.0,0.0,0.0,0.0,250.0,200.0,1.0,405.0,497.0,31.6,76.0,,,,,,,,,,1,0,0,13500.0,0,0,0,0,0,0,1,0,0,0,2025.0,-13.436085,-13.436084747314453,13.97,13.97,47.991135,47.99113464355469,45.715,45.715,15.6,15.6,3.0110476190476185,3.0110476190476185
0.075,0.47,1.31,0.014,0.02,0.0,0.0,0.0,0.0,0.0,0.0,0.0,0.0465,0.0,0.0049,0.019,0.0,0.0,0.0,0.0,0.0,250.0,200.0,1.0,404.0,503.0,32.0,77.0,,,,,,,,,,1,0,0,13500.0,0,0,0,0,0,0,1,0,0,0,2025.0,-13.436085,-13.436084747314453,13.97,13.97,47.991135,47.99113464355469,45.715,45.715,15.6,15.6,3.0110476190476185,3.0110476190476185
0.078,0.44,1.24,0.012,0.018,0.0,0.0,0.0,0.0,0.0,0.0,0.0,0.0479,0.0,0.0061,0.022,0.0,0.0,0.0,0.0,0.0,250.0,200.0,1.0,383.0,487.0,32.4,77.0,,,,,,,,,,1,0,0,16500.0,0,0,0,0,0,0,1,0,0,0,2475.0,-14.046556,-14.04655647277832,14.3,14.3,58.267677,58.267677307128906,23.75,23.75,15.6,15.6,3.1710476190476182,3.1710476190476182
0.078,0.44,1.24,0.012,0.018,0.0,0.0,0.0,0.0,0.0,0.0,0.0,0.0479,0.0,0.0061,0.022,0.0,0.0,0.0,0.0,0.0,250.0,200.0,1.0,394.0,490.0,31.6,75.0,,,,,,,,,,1,0,0,16500.0,0,0,0,0,0,0,1,0,0,0,2475.0,-14.046556,-14.04655647277832,14.3,14.3,58.267677,58.267677307128906,23.75,23.75,15.6,15.6,3.1710476190476182,3.1710476190476182
0.08,0.36,1.02,0.014,0.014,0.0,0.0,0.0,0.0,0.0,0.0,0.0,0.0513,0.0,0.0051,0.023,0.0,0.0,0.0,0.0,0.0,250.0,200.0,1.0,386.0,483.0,30.8,74.0,,,,,,,,,,1,0,0,19500.0,0,0,0,0,0,0,1,0,0,0,2925.0,-4.871129,-4.871129035949707,13.66,13.66,59.389286,59.389286041259766,23.38,23.38,15.6,15.6,3.303579365079364,3.303579365079364
0.08,0.36,1.02,0.014,0.014,0.0,0.0,0.0,0.0,0.0,0.0,0.0,0.0513,0.0,0.0051,0.023,0.0,0.0,0.0,0.0,0.0,250.0,200.0,1.0,378.0,477.0,31.0,75.0,,,,,,,,,,1,0,0,19500.0,0,0,0,0,0,0,1,0,0,0,2925.0,-4.871129,-4.871129035949707,13.66,13.66,59.389286,59.389286041259766,23.38,23.38,15.6,15.6,3.303579365079364,3.303579365079364
0.077,0.44,1.61,0.012,0.021,0.0,0.0,0.0,0.0,0.0,0.0,0.0,0.0434,0.0,0.0105,0.018,0.0,0.0,0.0,0.0,0.0,250.0,200.0,1.0,456.0,567.0,27.6,73.0,,,,,,,,,,1,0,0,13500.0,0,0,0,0,0,0,1,0,0,0,2025.0,-14.163479,-14.16347885131836,13.95,13.95,33.10123,33.10123062133789,55.369666666666674,55.369666666666674,15.6,15.6,1.5807539682539684,1.5807539682539684
0.077,0.44,1.61,0.012,0.021,0.0,0.0,0.0,0.0,0.0,0.0,0.0,0.0434,0.0,0.0105,0.018,0.0,0.0,0.0,0.0,0.0,250.0,200.0,1.0,455.0,563.0,29.4,73.0,,,,,,,,,,1,0,0,13500.0,0,0,0,0,0,0,1,0,0,0,2025.0,-14.163479,-14.16347885131836,13.95,13.95,33.10123,33.10123062133789,55.369666666666674,55.369666666666674,15.6,15.6,1.5807539682539684,1.5807539682539684
0.071,0.4,1.55,0.013,0.019,0.0,0.0,0.0,0.0,0.0,0.0,0.0,0.0423,0.0,0.0081,0.02,0.0,0.0,0.0,0.0,0.0,250.0,200.0,1.0,439.0,549.0,28.8,71.0,,,,,,,,,,1,0,0,16500.0,0,0,0,0,0,0,1,0,0,0,2475.0,-13.3276825,-13.327682495117188,12.765,12.765,28.159775,28.159774780273438,57.27609523809524,57.27609523809524,15.6,15.6,1.0427857142857144,1.0427857142857144
0.071,0.4,1.55,0.013,0.019,0.0,0.0,0.0,0.0,0.0,0.0,0.0,0.0423,0.0,0.0081,0.02,0.0,0.0,0.0,0.0,0.0,250.0,200.0,1.0,442.0,547.0,28.2,73.0,,,,,,,,,,1,0,0,16500.0,0,0,0,0,0,0,1,0,0,0,2475.0,-13.3276825,-13.327682495117188,12.765,12.765,28.159775,28.159774780273438,57.27609523809524,57.27609523809524,15.6,15.6,1.0427857142857144,1.0427857142857144
0.029,0.55,1.08,0.011,0.008,0.0,0.0,0.0,0.0,0.0,0.0,0.0,0.0342,0.0,0.0072,0.002,0.0,0.0,0.0,0.0,0.0,250.0,200.0,1.0,437.0,509.0,31.4,80.0,,,,,,,,,,1,0,0,4370.0,0,0,0,1,0,0,0,0,0,0,1092.5,-11.546842,-11.546841621398926,20.27,20.27,35.448902,35.44890213012695,43.1,43.1,0.0,0.0,0.7201190476190478,0.7201190476190478
0.061,0.53,1.01,0.009,0.01,0.0,0.0,0.0,0.0,0.0,0.0,0.0,0.0307,0.0,0.0079,0.001,0.0,0.0,0.0,0.0,0.0,250.0,200.0,1.0,449.0,525.0,30.6,78.0,,,,,,,,,,1,0,0,4370.0,0,0,0,1,0,0,0,0,0,0,1092.5,-12.122311,-12.122310638427734,18.22,18.22,39.21131,39.21131134033203,32.44,32.44,0.0,0.0,0.8161190476190476,0.8161190476190476
0.08,0.58,1.15,0.01,0.01,0.0,0.0,0.0,0.0,0.0,0.0,0.0,0.031,0.0,0.0052,0.001,0.0,0.0,0.0,0.0,0.0,250.0,200.0,1.0,492.0,573.0,27.6,75.0,,,,,,,,,,1,0,0,4370.0,0,0,0,1,0,0,0,0,0,0,1092.5,-11.873734,-11.873734474182129,21.59,21.59,46.60817,46.60816955566406,30.09,30.09,0.0,0.0,1.8599848484848487,1.8599848484848487
0.1,0.55,1.02,0.01,0.01,0.0,0.0,0.0,0.0,0.0,0.0,0.0,0.0262,0.0,0.0062,0.001,0.0,0.0,0.0,0.0,0.0,250.0,200.0,1.0,507.0,575.0,27.6,73.0,,,,,,,,,,1,0,0,4370.0,0,0,0,1,0,0,0,0,0,0,1092.5,-11.846442,-11.846442222595215,27.32,27.32,46.401432,46.401432037353516,29.14,29.14,0.0,0.0,1.8599848484848487,1.8599848484848487
0.073,0.39,1.55,0.012,0.018,0.0,0.0,0.0,0.0,0.0,0.0,0.0,0.0463,0.0,0.0072,0.022,0.0,0.0,0.0,0.0,0.0,250.0,200.0,1.0,435.0,546.0,27.0,73.0,,,,,,,,,,1,0,0,19500.0,0,0,0,0,0,0,1,0,0,0,2925.0,-13.3276825,-13.327682495117188,13.49,13.49,39.255676,39.25567626953125,48.24666666666667,48.24666666666667,15.6,15.6,2.874380952380952,2.874380952380952
0.073,0.39,1.55,0.012,0.018,0.0,0.0,0.0,0.0,0.0,0.0,0.0,0.0463,0.0,0.0072,0.022,0.0,0.0,0.0,0.0,0.0,250.0,200.0,1.0,441.0,553.0,28.4,72.0,,,,,,,,,,1,0,0,19500.0,0,0,0,0,0,0,1,0,0,0,2925.0,-13.3276825,-13.327682495117188,13.49,13.49,39.255676,39.25567626953125,48.24666666666667,48.24666666666667,15.6,15.6,2.874380952380952,2.874380952380952
0.068,0.9,1.2,0.016,0.024,0.0,0.0,0.0,0.0,0.0,0.0,0.0,0.0789,0.0,0.0027,0.027,0.0,0.0,0.0,0.0,0.0,250.0,200.0,1.0,473.0,582.0,26.8,70.0,,,,,,,,,,1,0,0,13500.0,0,0,0,0,0,0,1,0,0,0,2025.0,-2.592689,-2.592689037322998,14.39,14.39,57.035057,57.035057067871094,26.23,26.23,15.6,15.6,3.0631031746031736,3.0631031746031736
0.068,0.9,1.2,0.016,0.024,0.0,0.0,0.0,0.0,0.0,0.0,0.0,0.0789,0.0,0.0027,0.027,0.0,0.0,0.0,0.0,0.0,250.0,200.0,1.0,490.0,581.0,28.0,70.0,,,,,,,,,,1,0,0,13500.0,0,0,0,0,0,0,1,0,0,0,2025.0,-2.592689,-2.592689037322998,14.39,14.39,57.035057,57.035057067871094,26.23,26.23,15.6,15.6,3.0631031746031736,3.0631031746031736
0.066,0.8,1.12,0.017,0.021,0.0,0.0,0.0,0.0,0.0,0.0,0.0,0.0774,0.0,0.0026,0.033,0.0,0.0,0.0,0.0,0.0,250.0,200.0,1.0,469.0,561.0,29.0,69.0,,,,,,,,,,1,0,0,16500.0,0,0,0,0,0,0,1,0,0,0,2475.0,-2.4800792,-2.480079174041748,14.21,14.21,57.035057,57.035057067871094,26.93,26.93,15.6,15.6,3.1197698412698407,3.1197698412698407
0.066,0.8,1.12,0.017,0.021,0.0,0.0,0.0,0.0,0.0,0.0,0.0,0.0774,0.0,0.0026,0.033,0.0,0.0,0.0,0.0,0.0,250.0,200.0,1.0,455.0,558.0,28.2,69.0,,,,,,,,,,1,0,0,16500.0,0,0,0,0,0,0,1,0,0,0,2475.0,-2.4800792,-2.480079174041748,14.21,14.21,57.035057,57.035057067871094,26.93,26.93,15.6,15.6,3.1197698412698407,3.1197698412698407
0.06,0.68,1.0,0.016,0.017,0.0,0.0,0.0,0.0,0.0,0.0,0.0,0.0821,0.0,0.0027,0.04,0.0,0.0,0.0,0.0,0.0,250.0,200.0,1.0,449.0,540.0,26.8,66.0,,,,,,,,,,1,0,0,19500.0,0,0,0,0,0,0,1,0,0,0,2925.0,-2.9469,-2.946899890899658,13.94,13.94,59.18345,59.183448791503906,25.67,25.67,15.6,15.6,3.1097698412698405,3.1097698412698405
0.06,0.68,1.0,0.016,0.017,0.0,0.0,0.0,0.0,0.0,0.0,0.0,0.0821,0.0,0.0027,0.04,0.0,0.0,0.0,0.0,0.0,250.0,200.0,1.0,453.0,543.0,26.8,65.0,,,,,,,,,,1,0,0,19500.0,0,0,0,0,0,0,1,0,0,0,2925.0,-2.9469,-2.946899890899658,13.94,13.94,59.18345,59.183448791503906,25.67,25.67,15.6,15.6,3.1097698412698405,3.1097698412698405
0.07,1.14,1.45,0.015,0.027,0.0,0.0,0.0,0.0,0.0,0.0,0.0,0.0699,0.0,0.0037,0.023,0.0,0.0,0.0,0.0,0.0,250.0,200.0,1.0,530.0,636.0,26.6,64.0,,,,,,,,,,1,0,0,13500.0,0,0,0,0,0,0,1,0,0,0,2025.0,-8.274754,-8.27475357055664,14.06,14.06,42.338455,42.33845520019531,49.65,49.65,15.6,15.6,3.0343809523809515,3.0343809523809515
0.07,1.14,1.45,0.015,0.027,0.0,0.0,0.0,0.0,0.0,0.0,0.0,0.0699,0.0,0.0037,0.023,0.0,0.0,0.0,0.0,0.0,250.0,200.0,1.0,530.0,633.0,26.6,65.0,,,,,,,,,,1,0,0,13500.0,0,0,0,0,0,0,1,0,0,0,2025.0,-8.274754,-8.27475357055664,14.06,14.06,42.338455,42.33845520019531,49.65,49.65,15.6,15.6,3.0343809523809515,3.0343809523809515
0.064,0.95,1.33,0.013,0.024,0.0,0.0,0.0,0.0,0.0,0.0,0.0,0.0765,0.0,0.0042,0.028,0.0,0.0,0.0,0.0,0.0,250.0,200.0,1.0,516.0,613.0,23.6,63.0,,,,,,,,,,1,0,0,16500.0,0,0,0,0,0,0,1,0,0,0,2475.0,-13.320378,-13.320378303527832,14.32,14.32,42.10099,42.100990295410156,48.92,48.92,15.6,15.6,3.0343809523809515,3.0343809523809515
0.064,0.95,1.33,0.013,0.024,0.0,0.0,0.0,0.0,0.0,0.0,0.0,0.0765,0.0,0.0042,0.028,0.0,0.0,0.0,0.0,0.0,250.0,200.0,1.0,516.0,619.0,26.0,62.0,,,,,,,,,,1,0,0,16500.0,0,0,0,0,0,0,1,0,0,0,2475.0,-13.320378,-13.320378303527832,14.32,14.32,42.10099,42.100990295410156,48.92,48.92,15.6,15.6,3.0343809523809515,3.0343809523809515
0.073,0.76,1.14,0.015,0.018,0.0,0.0,0.0,0.0,0.0,0.0,0.0,0.0711,0.0,0.0046,0.035,0.0,0.0,0.0,0.0,0.0,250.0,200.0,1.0,481.0,577.0,27.8,65.0,,,,,,,,,,1,0,0,19500.0,0,0,0,0,0,0,1,0,0,0,2925.0,-2.4800792,-2.480079174041748,14.43,14.43,58.866207,58.866207122802734,25.18,25.18,15.6,15.6,3.1197698412698407,3.1197698412698407
0.073,0.76,1.14,0.015,0.018,0.0,0.0,0.0,0.0,0.0,0.0,0.0,0.0711,0.0,0.0046,0.035,0.0,0.0,0.0,0.0,0.0,250.0,200.0,1.0,479.0,581.0,26.2,65.0,,,,,,,,,,1,0,0,19500.0,0,0,0,0,0,0,1,0,0,0,2925.0,-2.4800792,-2.480079174041748,14.43,14.43,58.866207,58.866207122802734,25.18,25.18,15.6,15.6,3.1197698412698407,3.1197698412698407
0.072,1.08,1.71,0.015,0.028,0.0,0.0,0.0,0.0,0.0,0.0,0.0,0.0609,0.0,0.0065,0.032,0.0,0.0,0.0,0.0,0.0,250.0,200.0,1.0,592.0,690.0,23.4,51.0,,,,,,,,,,1,0,0,13500.0,0,0,0,0,0,0,1,0,0,0,2025.0,-8.274754,-8.27475357055664,14.29,14.29,44.853992,44.8539924621582,49.86,49.86,15.6,15.6,3.0343809523809515,3.0343809523809515
0.072,1.08,1.71,0.015,0.028,0.0,0.0,0.0,0.0,0.0,0.0,0.0,0.0609,0.0,0.0065,0.032,0.0,0.0,0.0,0.0,0.0,250.0,200.0,1.0,584.0,686.0,21.0,47.0,,,,,,,,,,1,0,0,13500.0,0,0,0,0,0,0,1,0,0,0,2025.0,-8.274754,-8.27475357055664,14.29,14.29,44.853992,44.8539924621582,49.86,49.86,15.6,15.6,3.0343809523809515,3.0343809523809515
0.071,0.84,1.53,0.012,0.022,0.0,0.0,0.0,0.0,0.0,0.0,0.0,0.072,0.0,0.0072,0.031,0.0,0.0,0.0,0.0,0.0,250.0,200.0,1.0,560.0,652.0,25.0,56.0,,,,,,,,,,1,0,0,16500.0,0,0,0,0,0,0,1,0,0,0,2475.0,-13.3276825,-13.327682495117188,14.14,14.14,42.52862,42.528621673583984,50.21,50.21,15.6,15.6,3.0343809523809515,3.0343809523809515
0.071,0.84,1.53,0.012,0.022,0.0,0.0,0.0,0.0,0.0,0.0,0.0,0.072,0.0,0.0072,0.031,0.0,0.0,0.0,0.0,0.0,250.0,200.0,1.0,577.0,651.0,22.8,54.0,,,,,,,,,,1,0,0,16500.0,0,0,0,0,0,0,1,0,0,0,2475.0,-13.3276825,-13.327682495117188,14.14,14.14,42.52862,42.528621673583984,50.21,50.21,15.6,15.6,3.0343809523809515,3.0343809523809515
0.077,0.64,1.43,0.013,0.017,0.0,0.0,0.0,0.0,0.0,0.0,0.0,0.0646,0.0,0.0075,0.033,0.0,0.0,0.0,0.0,0.0,250.0,200.0,1.0,516.0,613.0,25.4,59.0,,,,,,,,,,1,0,0,19500.0,0,0,0,0,0,0,1,0,0,0,2925.0,-14.460785,-14.460784912109375,14.6,14.6,48.566563,48.56656265258789,44.9,44.9,15.6,15.6,3.1710476190476182,3.1710476190476182
0.077,0.64,1.43,0.013,0.017,0.0,0.0,0.0,0.0,0.0,0.0,0.0,0.0646,0.0,0.0075,0.033,0.0,0.0,0.0,0.0,0.0,250.0,200.0,1.0,520.0,617.0,24.0,58.0,,,,,,,,,,1,0,0,19500.0,0,0,0,0,0,0,1,0,0,0,2925.0,-14.460785,-14.460784912109375,14.6,14.6,48.566563,48.56656265258789,44.9,44.9,15.6,15.6,3.1710476190476182,3.1710476190476182
0.073,0.34,0.64,0.008,0.007,0.0,0.0,0.0,0.0005,0.0,0.0,0.0,0.045,0.0007,0.0063,0.0005,0.0005,0.0005,0.0,0.0,0.0,200.0,250.0,14.0,404.0,494.0,32.4,76.0,,,,,,,,,,0,0,0,,0,0,0,1,0,0,0,0,0,0,1000.0,2.0206397,2.020639657974243,30.2,30.2,53.81738,53.817378997802734,20.36,20.36,0.0,0.0,0.2791190476190476,0.2791190476190476
0.073,0.34,0.64,0.008,0.007,0.0,0.0,0.0,0.0005,0.0,0.0,0.0,0.045,0.0007,0.0063,0.0005,0.0005,0.0005,0.0,0.0,0.0,200.0,250.0,14.0,,,,,-46.0,100.0,,,,,,,,0,0,0,,0,0,0,1,0,0,0,0,0,0,1000.0,2.0206397,2.020639657974243,30.2,30.2,53.81738,53.817378997802734,20.36,20.36,0.0,0.0,0.2791190476190476,0.2791190476190476
0.073,0.34,0.64,0.008,0.007,0.0,0.0,0.0,0.0005,0.0,0.0,0.0,0.045,0.0007,0.0063,0.0005,0.0005,0.0005,0.0,0.0,0.0,200.0,250.0,14.0,,,,,-70.0,28.0,,,,,,,,0,0,0,,0,0,0,1,0,0,0,0,0,0,1000.0,2.0206397,2.020639657974243,30.2,30.2,53.81738,53.817378997802734,20.36,20.36,0.0,0.0,0.2791190476190476,0.2791190476190476
0.064,0.3,0.63,0.006,0.008,0.92,0.0,0.0,0.0005,0.0,0.0,0.0,0.0473,0.0005,0.007,0.0005,0.0005,0.0005,0.0,0.0,0.0,200.0,250.0,14.0,423.0,501.0,31.8,77.0,,,,,,,,,,0,0,0,,0,0,0,1,0,0,0,0,0,0,1000.0,-12.9705515,-12.970551490783691,31.525,31.525,72.7555,72.75550079345703,19.0,19.0,0.0,0.0,2.623714285714285,2.623714285714285
0.064,0.3,0.63,0.006,0.008,0.92,0.0,0.0,0.0005,0.0,0.0,0.0,0.0473,0.0005,0.007,0.0005,0.0005,0.0005,0.0,0.0,0.0,200.0,250.0,14.0,,,,,-63.0,100.0,,,,,,,,0,0,0,,0,0,0,1,0,0,0,0,0,0,1000.0,-12.9705515,-12.970551490783691,31.525,31.525,72.7555,72.75550079345703,19.0,19.0,0.0,0.0,2.623714285714285,2.623714285714285
0.064,0.3,0.63,0.006,0.008,0.92,0.0,0.0,0.0005,0.0,0.0,0.0,0.0473,0.0005,0.007,0.0005,0.0005,0.0005,0.0,0.0,0.0,200.0,250.0,14.0,,,,,-88.0,28.0,,,,,,,,0,0,0,,0,0,0,1,0,0,0,0,0,0,1000.0,-12.9705515,-12.970551490783691,31.525,31.525,72.7555,72.75550079345703,19.0,19.0,0.0,0.0,2.623714285714285,2.623714285714285
0.065,0.26,0.61,0.007,0.007,2.14,0.0,0.0,0.0005,0.0,0.0,0.0,0.0488,0.0005,0.0086,0.0005,0.0005,0.0005,0.0,0.0,0.0,200.0,250.0,14.0,443.0,528.0,32.4,76.0,,,,,,,,,,0,0,0,,0,0,0,1,0,0,0,0,0,0,1000.0,0.26285407,0.26285406947135925,27.69,27.69,71.27103,71.27102661132812,17.84,17.84,0.0,0.0,2.8487142857142853,2.8487142857142853
0.065,0.26,0.61,0.007,0.007,2.14,0.0,0.0,0.0005,0.0,0.0,0.0,0.0488,0.0005,0.0086,0.0005,0.0005,0.0005,0.0,0.0,0.0,200.0,250.0,14.0,,,,,-65.0,100.0,,,,,,,,0,0,0,,0,0,0,1,0,0,0,0,0,0,1000.0,0.26285407,0.26285406947135925,27.69,27.69,71.27103,71.27102661132812,17.84,17.84,0.0,0.0,2.8487142857142853,2.8487142857142853
0.065,0.26,0.61,0.007,0.007,2.14,0.0,0.0,0.0005,0.0,0.0,0.0,0.0488,0.0005,0.0086,0.0005,0.0005,0.0005,0.0,0.0,0.0,200.0,250.0,14.0,,,,,-95.0,28.0,,,,,,,,0,0,0,,0,0,0,1,0,0,0,0,0,0,1000.0,0.26285407,0.26285406947135925,27.69,27.69,71.27103,71.27102661132812,17.84,17.84,0.0,0.0,2.8487142857142853,2.8487142857142853
0.062,0.29,0.62,0.007,0.007,3.01,0.0,0.0,0.0005,0.0,0.0,0.0,0.05,0.0006,0.0072,0.0005,0.0005,0.0005,0.0,0.0,0.0,200.0,250.0,14.0,457.0,543.0,27.6,77.0,,,,,,,,,,0,0,0,,0,0,0,1,0,0,0,0,0,0,1000.0,0.8382471,0.8382471203804016,27.73,27.73,67.97834,67.97834014892578,18.76,18.76,4.2,4.2,2.6424365079365075,2.6424365079365075
0.062,0.29,0.62,0.007,0.007,3.01,0.0,0.0,0.0005,0.0,0.0,0.0,0.05,0.0006,0.0072,0.0005,0.0005,0.0005,0.0,0.0,0.0,200.0,250.0,14.0,,,,,-65.0,100.0,,,,,,,,0,0,0,,0,0,0,1,0,0,0,0,0,0,1000.0,0.8382471,0.8382471203804016,27.73,27.73,67.97834,67.97834014892578,18.76,18.76,4.2,4.2,2.6424365079365075,2.6424365079365075
0.062,0.29,0.62,0.007,0.007,3.01,0.0,0.0,0.0005,0.0,0.0,0.0,0.05,0.0006,0.0072,0.0005,0.0005,0.0005,0.0,0.0,0.0,200.0,250.0,14.0,,,,,-98.0,28.0,,,,,,,,0,0,0,,0,0,0,1,0,0,0,0,0,0,1000.0,0.8382471,0.8382471203804016,27.73,27.73,67.97834,67.97834014892578,18.76,18.76,4.2,4.2,2.6424365079365075,2.6424365079365075
0.07,0.31,0.66,0.006,0.008,0.0,0.0,0.24,0.0005,0.0,0.0,0.0,0.043,0.0005,0.0079,0.0005,0.0005,0.0005,0.0,0.0,0.0,200.0,250.0,14.0,433.0,518.0,26.0,78.9,,,,,,,,,,0,0,0,,0,0,0,1,0,0,0,0,0,0,1000.0,-38.657425,-38.65742492675781,26.87833333333333,26.87833333333333,52.71849,52.71849060058594,26.4,26.4,0.0,0.0,0.26166666666666666,0.26166666666666666
0.07,0.31,0.66,0.006,0.008,0.0,0.0,0.24,0.0005,0.0,0.0,0.0,0.043,0.0005,0.0079,0.0005,0.0005,0.0005,0.0,0.0,0.0,200.0,250.0,14.0,,,,,-61.0,100.0,,,,,,,,0,0,0,,0,0,0,1,0,0,0,0,0,0,1000.0,-38.657425,-38.65742492675781,26.87833333333333,26.87833333333333,52.71849,52.71849060058594,26.4,26.4,0.0,0.0,0.26166666666666666,0.26166666666666666
0.07,0.31,0.66,0.006,0.008,0.0,0.0,0.24,0.0005,0.0,0.0,0.0,0.043,0.0005,0.0079,0.0005,0.0005,0.0005,0.0,0.0,0.0,200.0,250.0,14.0,,,,,-87.0,28.0,,,,,,,,0,0,0,,0,0,0,1,0,0,0,0,0,0,1000.0,-38.657425,-38.65742492675781,26.87833333333333,26.87833333333333,52.71849,52.71849060058594,26.4,26.4,0.0,0.0,0.26166666666666666,0.26166666666666666
0.073,0.34,0.66,0.007,0.007,0.0,0.0,0.5,0.0005,0.0,0.0,0.0,0.0454,0.0005,0.0075,0.0005,0.0005,0.0005,0.0,0.0,0.0,200.0,250.0,14.0,470.0,559.0,24.6,75.0,,,,,,,,,,0,0,0,,0,0,0,1,0,0,0,0,0,0,1000.0,-28.77083,-28.770830154418945,26.97833333333333,26.97833333333333,54.007545,54.007545471191406,18.05,18.05,0.0,0.0,0.22833333333333333,0.22833333333333333
0.073,0.34,0.66,0.007,0.007,0.0,0.0,0.5,0.0005,0.0,0.0,0.0,0.0454,0.0005,0.0075,0.0005,0.0005,0.0005,0.0,0.0,0.0,200.0,250.0,14.0,,,,,-42.0,100.0,,,,,,,,0,0,0,,0,0,0,1,0,0,0,0,0,0,1000.0,-28.77083,-28.770830154418945,26.97833333333333,26.97833333333333,54.007545,54.007545471191406,18.05,18.05,0.0,0.0,0.22833333333333333,0.22833333333333333
0.073,0.34,0.66,0.007,0.007,0.0,0.0,0.5,0.0005,0.0,0.0,0.0,0.0454,0.0005,0.0075,0.0005,0.0005,0.0005,0.0,0.0,0.0,200.0,250.0,14.0,,,,,-76.0,28.0,,,,,,,,0,0,0,,0,0,0,1,0,0,0,0,0,0,1000.0,-28.77083,-28.770830154418945,26.97833333333333,26.97833333333333,54.007545,54.007545471191406,18.05,18.05,0.0,0.0,0.22833333333333333,0.22833333333333333
0.075,0.3,0.63,0.008,0.008,0.0,0.0,1.03,0.0005,0.0,0.0,0.0,0.0438,0.0005,0.008,0.0005,0.0005,0.0005,0.0,0.0,0.0,200.0,250.0,14.0,528.0,619.0,20.6,73.0,,,,,,,,,,0,0,0,,0,0,0,1,0,0,0,0,0,0,1000.0,-29.172407,-29.172407150268555,14.665,14.665,50.19243,50.19242858886719,27.35,27.35,15.6,15.6,0.7203650793650793,0.7203650793650793
0.075,0.3,0.63,0.008,0.008,0.0,0.0,1.03,0.0005,0.0,0.0,0.0,0.0438,0.0005,0.008,0.0005,0.0005,0.0005,0.0,0.0,0.0,200.0,250.0,14.0,,,,,7.0,100.0,,,,,,,,0,0,0,,0,0,0,1,0,0,0,0,0,0,1000.0,-29.172407,-29.172407150268555,14.665,14.665,50.19243,50.19242858886719,27.35,27.35,15.6,15.6,0.7203650793650793,0.7203650793650793
0.075,0.3,0.63,0.008,0.008,0.0,0.0,1.03,0.0005,0.0,0.0,0.0,0.0438,0.0005,0.008,0.0005,0.0005,0.0005,0.0,0.0,0.0,200.0,250.0,14.0,,,,,-57.0,28.0,,,,,,,,0,0,0,,0,0,0,1,0,0,0,0,0,0,1000.0,-29.172407,-29.172407150268555,14.665,14.665,50.19243,50.19242858886719,27.35,27.35,15.6,15.6,0.7203650793650793,0.7203650793650793
0.07,0.35,0.65,0.008,0.01,0.0,1.01,0.0,0.0005,0.0,0.0,0.0,0.0504,0.0005,0.0078,0.0005,0.0005,0.0005,0.0,0.0,0.0,200.0,250.0,14.0,481.0,559.0,22.0,75.0,,,,,,,,,,0,0,0,,0,0,0,1,0,0,0,0,0,0,1000.0,0.66420186,0.6642018556594849,30.49,30.49,57.25729,57.25728988647461,22.26,22.26,0.0,0.0,2.6815476190476186,2.6815476190476186
0.07,0.35,0.65,0.008,0.01,0.0,1.01,0.0,0.0005,0.0,0.0,0.0,0.0504,0.0005,0.0078,0.0005,0.0005,0.0005,0.0,0.0,0.0,200.0,250.0,14.0,,,,,-40.0,100.0,,,,,,,,0,0,0,,0,0,0,1,0,0,0,0,0,0,1000.0,0.66420186,0.6642018556594849,30.49,30.49,57.25729,57.25728988647461,22.26,22.26,0.0,0.0,2.6815476190476186,2.6815476190476186
0.07,0.35,0.65,0.008,0.01,0.0,1.01,0.0,0.0005,0.0,0.0,0.0,0.0504,0.0005,0.0078,0.0005,0.0005,0.0005,0.0,0.0,0.0,200.0,250.0,14.0,,,,,-68.0,28.0,,,,,,,,0,0,0,,0,0,0,1,0,0,0,0,0,0,1000.0,0.66420186,0.6642018556594849,30.49,30.49,57.25729,57.25728988647461,22.26,22.26,0.0,0.0,2.6815476190476186,2.6815476190476186
0.074,0.25,0.58,0.008,0.01,0.0,1.59,0.0,0.0005,0.0,0.0,0.0,0.05,0.0004,0.0089,0.0005,0.0005,0.0005,0.0,0.0,0.0,200.0,250.0,14.0,494.0,593.0,19.0,71.9,,,,,,,,,,0,0,0,,0,0,0,1,0,0,0,0,0,0,1000.0,0.45681325,0.456813246011734,24.493333333333336,24.493333333333336,79.267296,79.26729583740234,11.33,11.33,0.0,0.0,3.7008571428571417,3.7008571428571417
0.074,0.25,0.58,0.008,0.01,0.0,1.59,0.0,0.0005,0.0,0.0,0.0,0.05,0.0004,0.0089,0.0005,0.0005,0.0005,0.0,0.0,0.0,200.0,250.0,14.0,,,,,-22.0,100.0,,,,,,,,0,0,0,,0,0,0,1,0,0,0,0,0,0,1000.0,0.45681325,0.456813246011734,24.493333333333336,24.493333333333336,79.267296,79.26729583740234,11.33,11.33,0.0,0.0,3.7008571428571417,3.7008571428571417
0.074,0.25,0.58,0.008,0.01,0.0,1.59,0.0,0.0005,0.0,0.0,0.0,0.05,0.0004,0.0089,0.0005,0.0005,0.0005,0.0,0.0,0.0,200.0,250.0,14.0,,,,,-48.0,28.0,,,,,,,,0,0,0,,0,0,0,1,0,0,0,0,0,0,1000.0,0.45681325,0.456813246011734,24.493333333333336,24.493333333333336,79.267296,79.26729583740234,11.33,11.33,0.0,0.0,3.7008571428571417,3.7008571428571417
0.076,0.28,0.64,0.008,0.008,0.0,2.1,0.0,0.0005,0.0,0.0,0.0,0.0492,0.0008,0.0081,0.0005,0.0005,0.0005,0.0,0.0,0.0,200.0,250.0,14.0,565.0,660.0,,68.6,,,,,,,,,,0,0,0,,0,0,0,1,0,0,0,0,0,0,1000.0,0.98424876,0.9842487573623657,21.143333333333334,21.143333333333334,77.13279,77.1327896118164,11.27,11.27,0.0,0.0,3.449079365079364,3.449079365079364
0.076,0.28,0.64,0.008,0.008,0.0,2.1,0.0,0.0005,0.0,0.0,0.0,0.0492,0.0008,0.0081,0.0005,0.0005,0.0005,0.0,0.0,0.0,200.0,250.0,14.0,,,,,26.0,100.0,,,,,,,,0,0,0,,0,0,0,1,0,0,0,0,0,0,1000.0,0.98424876,0.9842487573623657,21.143333333333334,21.143333333333334,77.13279,77.1327896118164,11.27,11.27,0.0,0.0,3.449079365079364,3.449079365079364
0.076,0.28,0.64,0.008,0.008,0.0,2.1,0.0,0.0005,0.0,0.0,0.0,0.0492,0.0008,0.0081,0.0005,0.0005,0.0005,0.0,0.0,0.0,200.0,250.0,14.0,,,,,-40.0,28.0,,,,,,,,0,0,0,,0,0,0,1,0,0,0,0,0,0,1000.0,0.98424876,0.9842487573623657,21.143333333333334,21.143333333333334,77.13279,77.1327896118164,11.27,11.27,0.0,0.0,3.449079365079364,3.449079365079364
0.068,0.28,0.62,0.008,0.007,0.0,0.0,0.0,0.0005,0.5,0.0,0.0,0.0477,0.0005,0.0073,0.0005,0.0005,0.0005,0.0,0.0,0.0,200.0,250.0,14.0,391.0,468.0,29.4,77.0,,,,,,,,,,0,0,0,,0,0,0,1,0,0,0,0,0,0,1000.0,1.792337,1.7923369407653809,31.24,31.24,71.63277,71.63276672363281,18.84,18.84,0.0,0.0,2.711547619047618,2.711547619047618
0.068,0.28,0.62,0.008,0.007,0.0,0.0,0.0,0.0005,0.5,0.0,0.0,0.0477,0.0005,0.0073,0.0005,0.0005,0.0005,0.0,0.0,0.0,200.0,250.0,14.0,,,,,-63.0,100.0,,,,,,,,0,0,0,,0,0,0,1,0,0,0,0,0,0,1000.0,1.792337,1.7923369407653809,31.24,31.24,71.63277,71.63276672363281,18.84,18.84,0.0,0.0,2.711547619047618,2.711547619047618
0.068,0.28,0.62,0.008,0.007,0.0,0.0,0.0,0.0005,0.5,0.0,0.0,0.0477,0.0005,0.0073,0.0005,0.0005,0.0005,0.0,0.0,0.0,200.0,250.0,14.0,,,,,-86.0,28.0,,,,,,,,0,0,0,,0,0,0,1,0,0,0,0,0,0,1000.0,1.792337,1.7923369407653809,31.24,31.24,71.63277,71.63276672363281,18.84,18.84,0.0,0.0,2.711547619047618,2.711547619047618
0.065,0.3,0.62,0.007,0.009,0.0,0.0,0.0,0.0005,1.03,0.0,0.0,0.0519,0.0004,0.0072,0.0005,0.0005,0.0005,0.0,0.0,0.0,200.0,250.0,14.0,439.0,509.0,31.6,78.9,,,,,,,,,,0,0,0,,0,0,0,1,0,0,0,0,0,0,1000.0,1.7833416,1.783341646194458,31.16,31.16,71.63277,71.63276672363281,18.53,18.53,0.0,0.0,2.623714285714285,2.623714285714285
0.065,0.3,0.62,0.007,0.009,0.0,0.0,0.0,0.0005,1.03,0.0,0.0,0.0519,0.0004,0.0072,0.0005,0.0005,0.0005,0.0,0.0,0.0,200.0,250.0,14.0,,,,,-54.0,100.0,,,,,,,,0,0,0,,0,0,0,1,0,0,0,0,0,0,1000.0,1.7833416,1.783341646194458,31.16,31.16,71.63277,71.63276672363281,18.53,18.53,0.0,0.0,2.623714285714285,2.623714285714285
0.065,0.3,0.62,0.007,0.009,0.0,0.0,0.0,0.0005,1.03,0.0,0.0,0.0519,0.0004,0.0072,0.0005,0.0005,0.0005,0.0,0.0,0.0,200.0,250.0,14.0,,,,,-87.0,28.0,,,,,,,,0,0,0,,0,0,0,1,0,0,0,0,0,0,1000.0,1.7833416,1.783341646194458,31.16,31.16,71.63277,71.63276672363281,18.53,18.53,0.0,0.0,2.623714285714285,2.623714285714285
0.064,0.32,0.64,0.007,0.008,0.0,0.0,0.0,0.0005,1.6,0.0,0.0,0.0498,0.0004,0.006,0.0005,0.0005,0.0005,0.0,0.0,0.0,200.0,250.0,14.0,504.0,565.0,26.6,73.0,,,,,,,,,,0,0,0,,0,0,0,1,0,0,0,0,0,0,1000.0,1.7607591,1.7607591152191162,31.22,31.22,71.442604,71.4426040649414,19.03,19.03,0.0,0.0,2.583714285714285,2.583714285714285
0.064,0.32,0.64,0.007,0.008,0.0,0.0,0.0,0.0005,1.6,0.0,0.0,0.0498,0.0004,0.006,0.0005,0.0005,0.0005,0.0,0.0,0.0,200.0,250.0,14.0,,,,,-24.0,100.0,,,,,,,,0,0,0,,0,0,0,1,0,0,0,0,0,0,1000.0,1.7607591,1.7607591152191162,31.22,31.22,71.442604,71.4426040649414,19.03,19.03,0.0,0.0,2.583714285714285,2.583714285714285
0.064,0.32,0.64,0.007,0.008,0.0,0.0,0.0,0.0005,1.6,0.0,0.0,0.0498,0.0004,0.006,0.0005,0.0005,0.0005,0.0,0.0,0.0,200.0,250.0,14.0,,,,,-70.0,28.0,,,,,,,,0,0,0,,0,0,0,1,0,0,0,0,0,0,1000.0,1.7607591,1.7607591152191162,31.22,31.22,71.442604,71.4426040649414,19.03,19.03,0.0,0.0,2.583714285714285,2.583714285714285
0.073,0.35,0.64,0.005,0.004,0.0,0.0,0.0,0.0005,0.0,0.0,0.0,0.0428,0.0038,0.0077,0.0005,0.0005,0.0005,0.0,0.0,0.0,200.0,250.0,14.0,402.0,494.0,33.3,77.5,,,,,,,,,,0,0,0,,0,0,0,1,0,0,0,0,0,0,1000.0,-14.71336,-14.713359832763672,43.38666666666666,43.38666666666666,31.851059,31.851058959960938,27.42,27.42,0.0,0.0,0.16700000000000004,0.16700000000000004
0.073,0.35,0.64,0.005,0.004,0.0,0.0,0.0,0.0005,0.0,0.0,0.0,0.0428,0.0038,0.0077,0.0005,0.0005,0.0005,0.0,0.0,0.0,200.0,250.0,14.0,,,,,-45.0,100.0,,,,,,,,0,0,0,,0,0,0,1,0,0,0,0,0,0,1000.0,-14.71336,-14.713359832763672,43.38666666666666,43.38666666666666,31.851059,31.851058959960938,27.42,27.42,0.0,0.0,0.16700000000000004,0.16700000000000004
0.073,0.35,0.64,0.005,0.004,0.0,0.0,0.0,0.0005,0.0,0.0,0.0,0.0428,0.0038,0.0077,0.0005,0.0005,0.0005,0.0,0.0,0.0,200.0,250.0,14.0,,,,,-70.0,28.0,,,,,,,,0,0,0,,0,0,0,1,0,0,0,0,0,0,1000.0,-14.71336,-14.713359832763672,43.38666666666666,43.38666666666666,31.851059,31.851058959960938,27.42,27.42,0.0,0.0,0.16700000000000004,0.16700000000000004
0.063,0.31,0.65,0.006,0.009,0.88,0.0,0.0,0.0005,0.0,0.0,0.0,0.0472,0.0038,0.0085,0.0005,0.0005,0.0005,0.0,0.0,0.0,200.0,250.0,14.0,423.0,501.0,31.8,77.0,,,,,,,,,,0,0,0,,0,0,0,1,0,0,0,0,0,0,1000.0,-12.99101,-12.991009712219238,30.80666666666666,30.80666666666666,69.50949,69.50949096679688,21.74,21.74,0.0,0.0,2.541214285714285,2.541214285714285
0.063,0.31,0.65,0.006,0.009,0.88,0.0,0.0,0.0005,0.0,0.0,0.0,0.0472,0.0038,0.0085,0.0005,0.0005,0.0005,0.0,0.0,0.0,200.0,250.0,14.0,,,,,-63.0,100.0,,,,,,,,0,0,0,,0,0,0,1,0,0,0,0,0,0,1000.0,-12.99101,-12.991009712219238,30.80666666666666,30.80666666666666,69.50949,69.50949096679688,21.74,21.74,0.0,0.0,2.541214285714285,2.541214285714285
0.063,0.31,0.65,0.006,0.009,0.88,0.0,0.0,0.0005,0.0,0.0,0.0,0.0472,0.0038,0.0085,0.0005,0.0005,0.0005,0.0,0.0,0.0,200.0,250.0,14.0,,,,,-88.0,28.0,,,,,,,,0,0,0,,0,0,0,1,0,0,0,0,0,0,1000.0,-12.99101,-12.991009712219238,30.80666666666666,30.80666666666666,69.50949,69.50949096679688,21.74,21.74,0.0,0.0,2.541214285714285,2.541214285714285
0.064,0.27,0.61,0.007,0.007,2.17,0.0,0.0,0.0005,0.0,0.0,0.0,0.0454,0.0032,0.0091,0.0005,0.0005,0.0005,0.0,0.0,0.0,200.0,250.0,14.0,461.0,537.0,28.0,78.9,,,,,,,,,,0,0,0,,0,0,0,1,0,0,0,0,0,0,1000.0,0.8484605,0.8484604954719543,24.435,24.435,49.537735,49.53773498535156,21.62,21.62,0.0,0.0,0.473515873015873,0.473515873015873
0.064,0.27,0.61,0.007,0.007,2.17,0.0,0.0,0.0005,0.0,0.0,0.0,0.0454,0.0032,0.0091,0.0005,0.0005,0.0005,0.0,0.0,0.0,200.0,250.0,14.0,,,,,-83.0,100.0,,,,,,,,0,0,0,,0,0,0,1,0,0,0,0,0,0,1000.0,0.8484605,0.8484604954719543,24.435,24.435,49.537735,49.53773498535156,21.62,21.62,0.0,0.0,0.473515873015873,0.473515873015873
0.064,0.27,0.61,0.007,0.007,2.17,0.0,0.0,0.0005,0.0,0.0,0.0,0.0454,0.0032,0.0091,0.0005,0.0005,0.0005,0.0,0.0,0.0,200.0,250.0,14.0,,,,,-113.0,28.0,,,,,,,,0,0,0,,0,0,0,1,0,0,0,0,0,0,1000.0,0.8484605,0.8484604954719543,24.435,24.435,49.537735,49.53773498535156,21.62,21.62,0.0,0.0,0.473515873015873,0.473515873015873
0.067,0.3,0.65,0.007,0.007,3.03,0.0,0.0,0.0005,0.0,0.0,0.0,0.046,0.0036,0.0072,0.0005,0.0005,0.0005,0.0,0.0,0.0,200.0,250.0,14.0,477.0,557.0,29.4,78.0,,,,,,,,,,0,0,0,,0,0,0,1,0,0,0,0,0,0,1000.0,0.8382471,0.8382471203804016,24.175,24.175,55.729973,55.72997283935547,22.36,22.36,4.2,4.2,0.5754841269841271,0.5754841269841271
0.067,0.3,0.65,0.007,0.007,3.03,0.0,0.0,0.0005,0.0,0.0,0.0,0.046,0.0036,0.0072,0.0005,0.0005,0.0005,0.0,0.0,0.0,200.0,250.0,14.0,,,,,-85.0,100.0,,,,,,,,0,0,0,,0,0,0,1,0,0,0,0,0,0,1000.0,0.8382471,0.8382471203804016,24.175,24.175,55.729973,55.72997283935547,22.36,22.36,4.2,4.2,0.5754841269841271,0.5754841269841271
0.067,0.3,0.65,0.007,0.007,3.03,0.0,0.0,0.0005,0.0,0.0,0.0,0.046,0.0036,0.0072,0.0005,0.0005,0.0005,0.0,0.0,0.0,200.0,250.0,14.0,,,,,-114.0,28.0,,,,,,,,0,0,0,,0,0,0,1,0,0,0,0,0,0,1000.0,0.8382471,0.8382471203804016,24.175,24.175,55.729973,55.72997283935547,22.36,22.36,4.2,4.2,0.5754841269841271,0.5754841269841271
0.069,0.33,0.68,0.006,0.008,0.0,0.0,0.24,0.0005,0.0,0.0,0.0,0.0395,0.0036,0.0067,0.0005,0.0005,0.0005,0.0,0.0,0.0,200.0,250.0,14.0,436.0,519.0,24.6,78.6,,,,,,,,,,0,0,0,,0,0,0,1,0,0,0,0,0,0,1000.0,-38.657425,-38.65742492675781,19.155833333333334,19.155833333333334,48.837757,48.8377571105957,31.63,31.63,0.0,0.0,0.308,0.308
0.069,0.33,0.68,0.006,0.008,0.0,0.0,0.24,0.0005,0.0,0.0,0.0,0.0395,0.0036,0.0067,0.0005,0.0005,0.0005,0.0,0.0,0.0,200.0,250.0,14.0,,,,,-58.0,100.0,,,,,,,,0,0,0,,0,0,0,1,0,0,0,0,0,0,1000.0,-38.657425,-38.65742492675781,19.155833333333334,19.155833333333334,48.837757,48.8377571105957,31.63,31.63,0.0,0.0,0.308,0.308
0.069,0.33,0.68,0.006,0.008,0.0,0.0,0.24,0.0005,0.0,0.0,0.0,0.0395,0.0036,0.0067,0.0005,0.0005,0.0005,0.0,0.0,0.0,200.0,250.0,14.0,,,,,-82.0,28.0,,,,,,,,0,0,0,,0,0,0,1,0,0,0,0,0,0,1000.0,-38.657425,-38.65742492675781,19.155833333333334,19.155833333333334,48.837757,48.8377571105957,31.63,31.63,0.0,0.0,0.308,0.308
0.073,0.34,0.66,0.007,0.007,0.0,0.0,0.5,0.0005,0.0,0.0,0.0,0.0433,0.0042,0.007,0.0005,0.0005,0.0005,0.0,0.0,0.0,200.0,250.0,14.0,483.0,565.0,27.2,78.0,,,,,,,,,,0,0,0,,0,0,0,1,0,0,0,0,0,0,1000.0,-28.77083,-28.770830154418945,25.63416666666667,25.63416666666667,51.687183,51.68718338012695,25.04,25.04,0.0,0.0,0.12666666666666665,0.12666666666666665
0.073,0.34,0.66,0.007,0.007,0.0,0.0,0.5,0.0005,0.0,0.0,0.0,0.0433,0.0042,0.007,0.0005,0.0005,0.0005,0.0,0.0,0.0,200.0,250.0,14.0,,,,,-48.0,100.0,,,,,,,,0,0,0,,0,0,0,1,0,0,0,0,0,0,1000.0,-28.77083,-28.770830154418945,25.63416666666667,25.63416666666667,51.687183,51.68718338012695,25.04,25.04,0.0,0.0,0.12666666666666665,0.12666666666666665
0.073,0.34,0.66,0.007,0.007,0.0,0.0,0.5,0.0005,0.0,0.0,0.0,0.0433,0.0042,0.007,0.0005,0.0005,0.0005,0.0,0.0,0.0,200.0,250.0,14.0,,,,,-65.0,28.0,,,,,,,,0,0,0,,0,0,0,1,0,0,0,0,0,0,1000.0,-28.77083,-28.770830154418945,25.63416666666667,25.63416666666667,51.687183,51.68718338012695,25.04,25.04,0.0,0.0,0.12666666666666665,0.12666666666666665
0.072,0.32,0.66,0.007,0.007,0.0,0.0,1.03,0.0005,0.0,0.0,0.0,0.0411,0.004,0.0076,0.0005,0.0005,0.0005,0.0,0.0,0.0,200.0,250.0,14.0,565.0,644.0,23.6,76.0,,,,,,,,,,0,0,0,,0,0,0,1,0,0,0,0,0,0,1000.0,-33.046593,-33.046592712402344,10.135,10.135,47.364414,47.36441421508789,30.81,30.81,15.6,15.6,0.23881746031746037,0.23881746031746037
0.072,0.32,0.66,0.007,0.007,0.0,0.0,1.03,0.0005,0.0,0.0,0.0,0.0411,0.004,0.0076,0.0005,0.0005,0.0005,0.0,0.0,0.0,200.0,250.0,14.0,,,,,-33.0,100.0,,,,,,,,0,0,0,,0,0,0,1,0,0,0,0,0,0,1000.0,-33.046593,-33.046592712402344,10.135,10.135,47.364414,47.36441421508789,30.81,30.81,15.6,15.6,0.23881746031746037,0.23881746031746037
0.072,0.32,0.66,0.007,0.007,0.0,0.0,1.03,0.0005,0.0,0.0,0.0,0.0411,0.004,0.0076,0.0005,0.0005,0.0005,0.0,0.0,0.0,200.0,250.0,14.0,,,,,-66.0,28.0,,,,,,,,0,0,0,,0,0,0,1,0,0,0,0,0,0,1000.0,-33.046593,-33.046592712402344,10.135,10.135,47.364414,47.36441421508789,30.81,30.81,15.6,15.6,0.23881746031746037,0.23881746031746037
0.077,0.32,0.66,0.008,0.01,0.0,1.03,0.0,0.0005,0.0,0.0,0.0,0.0457,0.0034,0.0075,0.0005,0.0005,0.0005,0.0,0.0,0.0,200.0,250.0,14.0,490.0,558.0,21.0,77.9,,,,,,,,,,0,0,0,,0,0,0,1,0,0,0,0,0,0,1000.0,0.9127775,0.9127774834632874,22.240833333333335,22.240833333333335,46.8181,46.81809997558594,22.21,22.21,0.0,0.0,1.3508174603174603,1.3508174603174603
0.077,0.32,0.66,0.008,0.01,0.0,1.03,0.0,0.0005,0.0,0.0,0.0,0.0457,0.0034,0.0075,0.0005,0.0005,0.0005,0.0,0.0,0.0,200.0,250.0,14.0,,,,,-35.0,100.0,,,,,,,,0,0,0,,0,0,0,1,0,0,0,0,0,0,1000.0,0.9127775,0.9127774834632874,22.240833333333335,22.240833333333335,46.8181,46.81809997558594,22.21,22.21,0.0,0.0,1.3508174603174603,1.3508174603174603
0.077,0.32,0.66,0.008,0.01,0.0,1.03,0.0,0.0005,0.0,0.0,0.0,0.0457,0.0034,0.0075,0.0005,0.0005,0.0005,0.0,0.0,0.0,200.0,250.0,14.0,,,,,-54.0,28.0,,,,,,,,0,0,0,,0,0,0,1,0,0,0,0,0,0,1000.0,0.9127775,0.9127774834632874,22.240833333333335,22.240833333333335,46.8181,46.81809997558594,22.21,22.21,0.0,0.0,1.3508174603174603,1.3508174603174603
0.078,0.26,0.62,0.007,0.005,0.0,1.6,0.0,0.0005,0.0,0.0,0.0,0.0472,0.0029,0.01,0.0005,0.0005,0.0005,0.0,0.0,0.0,200.0,250.0,14.0,509.0,596.0,17.0,74.0,,,,,,,,,,0,0,0,,0,0,0,1,0,0,0,0,0,0,1000.0,0.47306174,0.473061740398407,26.555,26.555,76.26518,76.26518249511719,16.62,16.62,0.0,0.0,3.3335833333333316,3.3335833333333316
0.078,0.26,0.62,0.007,0.005,0.0,1.6,0.0,0.0005,0.0,0.0,0.0,0.0472,0.0029,0.01,0.0005,0.0005,0.0005,0.0,0.0,0.0,200.0,250.0,14.0,,,,,-8.0,100.0,,,,,,,,0,0,0,,0,0,0,1,0,0,0,0,0,0,1000.0,0.47306174,0.473061740398407,26.555,26.555,76.26518,76.26518249511719,16.62,16.62,0.0,0.0,3.3335833333333316,3.3335833333333316
0.078,0.26,0.62,0.007,0.005,0.0,1.6,0.0,0.0005,0.0,0.0,0.0,0.0472,0.0029,0.01,0.0005,0.0005,0.0005,0.0,0.0,0.0,200.0,250.0,14.0,,,,,-35.0,28.0,,,,,,,,0,0,0,,0,0,0,1,0,0,0,0,0,0,1000.0,0.47306174,0.473061740398407,26.555,26.555,76.26518,76.26518249511719,16.62,16.62,0.0,0.0,3.3335833333333316,3.3335833333333316
0.078,0.28,0.64,0.008,0.007,0.0,2.15,0.0,0.0005,0.0,0.0,0.0,0.0482,0.0042,0.0095,0.0005,0.0005,0.0005,0.0,0.0,0.0,200.0,250.0,14.0,598.0,685.0,18.0,68.6,,,,,,,,,,0,0,0,,0,0,0,1,0,0,0,0,0,0,1000.0,0.98424876,0.9842487573623657,27.11333333333333,27.11333333333333,80.19714,80.1971435546875,15.03,15.03,0.0,0.0,3.4192222222222206,3.4192222222222206
0.078,0.28,0.64,0.008,0.007,0.0,2.15,0.0,0.0005,0.0,0.0,0.0,0.0482,0.0042,0.0095,0.0005,0.0005,0.0005,0.0,0.0,0.0,200.0,250.0,14.0,,,,,8.0,100.0,,,,,,,,0,0,0,,0,0,0,1,0,0,0,0,0,0,1000.0,0.98424876,0.9842487573623657,27.11333333333333,27.11333333333333,80.19714,80.1971435546875,15.03,15.03,0.0,0.0,3.4192222222222206,3.4192222222222206
0.078,0.28,0.64,0.008,0.007,0.0,2.15,0.0,0.0005,0.0,0.0,0.0,0.0482,0.0042,0.0095,0.0005,0.0005,0.0005,0.0,0.0,0.0,200.0,250.0,14.0,,,,,-33.0,28.0,,,,,,,,0,0,0,,0,0,0,1,0,0,0,0,0,0,1000.0,0.98424876,0.9842487573623657,27.11333333333333,27.11333333333333,80.19714,80.1971435546875,15.03,15.03,0.0,0.0,3.4192222222222206,3.4192222222222206
0.063,0.3,0.64,0.008,0.008,0.0,0.0,0.0,0.0005,0.53,0.0,0.0,0.0453,0.0043,0.0074,0.0005,0.0005,0.0005,0.0,0.0,0.0,200.0,250.0,14.0,417.0,498.0,29.2,78.9,,,,,,,,,,0,0,0,,0,0,0,1,0,0,0,0,0,0,1000.0,1.7833416,1.783341646194458,31.70166666666666,31.70166666666666,53.227238,53.227237701416016,25.56,25.56,0.0,0.0,0.38161904761904764,0.38161904761904764
0.063,0.3,0.64,0.008,0.008,0.0,0.0,0.0,0.0005,0.53,0.0,0.0,0.0453,0.0043,0.0074,0.0005,0.0005,0.0005,0.0,0.0,0.0,200.0,250.0,14.0,,,,,-62.0,100.0,,,,,,,,0,0,0,,0,0,0,1,0,0,0,0,0,0,1000.0,1.7833416,1.783341646194458,31.70166666666666,31.70166666666666,53.227238,53.227237701416016,25.56,25.56,0.0,0.0,0.38161904761904764,0.38161904761904764
0.063,0.3,0.64,0.008,0.008,0.0,0.0,0.0,0.0005,0.53,0.0,0.0,0.0453,0.0043,0.0074,0.0005,0.0005,0.0005,0.0,0.0,0.0,200.0,250.0,14.0,,,,,-94.0,28.0,,,,,,,,0,0,0,,0,0,0,1,0,0,0,0,0,0,1000.0,1.7833416,1.783341646194458,31.70166666666666,31.70166666666666,53.227238,53.227237701416016,25.56,25.56,0.0,0.0,0.38161904761904764,0.38161904761904764
0.064,0.3,0.63,0.007,0.007,0.0,0.0,0.0,0.0005,1.05,0.0,0.0,0.0456,0.0042,0.0065,0.0005,0.0005,0.0005,0.0,0.0,0.0,200.0,250.0,14.0,429.0,497.0,26.6,77.0,,,,,,,,,,0,0,0,,0,0,0,1,0,0,0,0,0,0,1000.0,1.7833416,1.783341646194458,31.04166666666666,31.04166666666666,53.352734,53.35273361206055,20.71,20.71,0.0,0.0,0.4016666666666666,0.4016666666666666
0.064,0.3,0.63,0.007,0.007,0.0,0.0,0.0,0.0005,1.05,0.0,0.0,0.0456,0.0042,0.0065,0.0005,0.0005,0.0005,0.0,0.0,0.0,200.0,250.0,14.0,,,,,-58.0,100.0,,,,,,,,0,0,0,,0,0,0,1,0,0,0,0,0,0,1000.0,1.7833416,1.783341646194458,31.04166666666666,31.04166666666666,53.352734,53.35273361206055,20.71,20.71,0.0,0.0,0.4016666666666666,0.4016666666666666
0.064,0.3,0.63,0.007,0.007,0.0,0.0,0.0,0.0005,1.05,0.0,0.0,0.0456,0.0042,0.0065,0.0005,0.0005,0.0005,0.0,0.0,0.0,200.0,250.0,14.0,,,,,-94.0,28.0,,,,,,,,0,0,0,,0,0,0,1,0,0,0,0,0,0,1000.0,1.7833416,1.783341646194458,31.04166666666666,31.04166666666666,53.352734,53.35273361206055,20.71,20.71,0.0,0.0,0.4016666666666666,0.4016666666666666
0.066,0.37,0.67,0.006,0.008,0.0,0.0,0.0,0.0005,1.44,0.0,0.0,0.0453,0.0051,0.0055,0.0005,0.0005,0.0005,0.0,0.0,0.0,200.0,250.0,14.0,516.0,568.0,28.8,75.0,,,,,,,,,,0,0,0,,0,0,0,1,0,0,0,0,0,0,1000.0,-14.977838,-14.977837562561035,26.62916666666667,26.62916666666667,48.09146,48.091461181640625,29.77,29.77,0.0,0.0,0.23999999999999996,0.23999999999999996
0.066,0.37,0.67,0.006,0.008,0.0,0.0,0.0,0.0005,1.44,0.0,0.0,0.0453,0.0051,0.0055,0.0005,0.0005,0.0005,0.0,0.0,0.0,200.0,250.0,14.0,,,,,-43.0,100.0,,,,,,,,0,0,0,,0,0,0,1,0,0,0,0,0,0,1000.0,-14.977838,-14.977837562561035,26.62916666666667,26.62916666666667,48.09146,48.091461181640625,29.77,29.77,0.0,0.0,0.23999999999999996,0.23999999999999996
0.066,0.37,0.67,0.006,0.008,0.0,0.0,0.0,0.0005,1.44,0.0,0.0,0.0453,0.0051,0.0055,0.0005,0.0005,0.0005,0.0,0.0,0.0,200.0,250.0,14.0,,,,,-77.0,28.0,,,,,,,,0,0,0,,0,0,0,1,0,0,0,0,0,0,1000.0,-14.977838,-14.977837562561035,26.62916666666667,26.62916666666667,48.09146,48.091461181640625,29.77,29.77,0.0,0.0,0.23999999999999996,0.23999999999999996
0.078,0.26,1.43,0.006,0.006,0.0,0.0,0.0,0.0005,0.0,0.0,0.0,0.0481,0.0005,0.0086,0.0005,0.0005,0.0005,0.0,0.0,0.0,200.0,250.0,14.0,434.0,526.0,29.2,78.0,,,,,,,,,,0,0,0,,0,0,0,1,0,0,0,0,0,0,1000.0,-51.13811,-51.13811111450195,26.5075,26.5075,52.31394,52.31393814086914,43.30809523809524,43.30809523809524,0.0,0.0,2.757047619047619,2.757047619047619
0.078,0.26,1.43,0.006,0.006,0.0,0.0,0.0,0.0005,0.0,0.0,0.0,0.0481,0.0005,0.0086,0.0005,0.0005,0.0005,0.0,0.0,0.0,200.0,250.0,14.0,,,,,-18.0,100.0,,,,,,,,0,0,0,,0,0,0,1,0,0,0,0,0,0,1000.0,-51.13811,-51.13811111450195,26.5075,26.5075,52.31394,52.31393814086914,43.30809523809524,43.30809523809524,0.0,0.0,2.757047619047619,2.757047619047619
0.078,0.26,1.43,0.006,0.006,0.0,0.0,0.0,0.0005,0.0,0.0,0.0,0.0481,0.0005,0.0086,0.0005,0.0005,0.0005,0.0,0.0,0.0,200.0,250.0,14.0,,,,,-43.0,28.0,,,,,,,,0,0,0,,0,0,0,1,0,0,0,0,0,0,1000.0,-51.13811,-51.13811111450195,26.5075,26.5075,52.31394,52.31393814086914,43.30809523809524,43.30809523809524,0.0,0.0,2.757047619047619,2.757047619047619
0.073,0.28,1.39,0.007,0.007,0.95,0.0,0.0,0.0005,0.0,0.0,0.0,0.0454,0.0005,0.0076,0.0005,0.0005,0.0005,0.0,0.0,0.0,200.0,250.0,14.0,470.0,550.0,26.0,78.0,,,,,,,,,,0,0,0,,0,0,0,1,0,0,0,0,0,0,1000.0,-8.605904,-8.605903625488281,26.53583333333333,26.53583333333333,29.54528,29.54528045654297,53.79752380952381,53.79752380952381,0.0,0.0,0.16833333333333333,0.16833333333333333
0.073,0.28,1.39,0.007,0.007,0.95,0.0,0.0,0.0005,0.0,0.0,0.0,0.0454,0.0005,0.0076,0.0005,0.0005,0.0005,0.0,0.0,0.0,200.0,250.0,14.0,,,,,-13.0,100.0,,,,,,,,0,0,0,,0,0,0,1,0,0,0,0,0,0,1000.0,-8.605904,-8.605903625488281,26.53583333333333,26.53583333333333,29.54528,29.54528045654297,53.79752380952381,53.79752380952381,0.0,0.0,0.16833333333333333,0.16833333333333333
0.073,0.28,1.39,0.007,0.007,0.95,0.0,0.0,0.0005,0.0,0.0,0.0,0.0454,0.0005,0.0076,0.0005,0.0005,0.0005,0.0,0.0,0.0,200.0,250.0,14.0,,,,,-48.0,28.0,,,,,,,,0,0,0,,0,0,0,1,0,0,0,0,0,0,1000.0,-8.605904,-8.605903625488281,26.53583333333333,26.53583333333333,29.54528,29.54528045654297,53.79752380952381,53.79752380952381,0.0,0.0,0.16833333333333333,0.16833333333333333
0.071,0.26,1.48,0.007,0.012,2.28,0.0,0.0,0.0005,0.0,0.0,0.0,0.046,0.0005,0.0087,0.0005,0.0005,0.0005,0.0,0.0,0.0,200.0,250.0,14.0,512.0,605.0,21.7,75.0,,,,,,,,,,0,0,0,,0,0,0,1,0,0,0,0,0,0,1000.0,-13.046003,-13.046003341674805,25.99,25.99,39.87222,39.87221908569336,51.90309523809524,51.90309523809524,0.0,0.0,0.621,0.621
0.071,0.26,1.48,0.007,0.012,2.28,0.0,0.0,0.0005,0.0,0.0,0.0,0.046,0.0005,0.0087,0.0005,0.0005,0.0005,0.0,0.0,0.0,200.0,250.0,14.0,,,,,-20.0,100.0,,,,,,,,0,0,0,,0,0,0,1,0,0,0,0,0,0,1000.0,-13.046003,-13.046003341674805,25.99,25.99,39.87222,39.87221908569336,51.90309523809524,51.90309523809524,0.0,0.0,0.621,0.621
0.071,0.26,1.48,0.007,0.012,2.28,0.0,0.0,0.0005,0.0,0.0,0.0,0.046,0.0005,0.0087,0.0005,0.0005,0.0005,0.0,0.0,0.0,200.0,250.0,14.0,,,,,-61.0,28.0,,,,,,,,0,0,0,,0,0,0,1,0,0,0,0,0,0,1000.0,-13.046003,-13.046003341674805,25.99,25.99,39.87222,39.87221908569336,51.90309523809524,51.90309523809524,0.0,0.0,0.621,0.621
0.073,0.24,1.43,0.008,0.006,3.12,0.0,0.0,0.0005,0.0,0.0,0.0,0.046,0.0005,0.0077,0.0005,0.0005,0.0005,0.0,0.0,0.0,200.0,250.0,14.0,573.0,666.0,16.0,70.8,,,,,,,,,,0,0,0,,0,0,0,1,0,0,0,0,0,0,1000.0,-13.597958,-13.597957611083984,22.86666666666667,22.86666666666667,42.05386,42.05385971069336,47.65604761904762,47.65604761904762,4.2,4.2,0.4826190476190477,0.4826190476190477
0.073,0.24,1.43,0.008,0.006,3.12,0.0,0.0,0.0005,0.0,0.0,0.0,0.046,0.0005,0.0077,0.0005,0.0005,0.0005,0.0,0.0,0.0,200.0,250.0,14.0,,,,,-12.0,100.0,,,,,,,,0,0,0,,0,0,0,1,0,0,0,0,0,0,1000.0,-13.597958,-13.597957611083984,22.86666666666667,22.86666666666667,42.05386,42.05385971069336,47.65604761904762,47.65604761904762,4.2,4.2,0.4826190476190477,0.4826190476190477
0.073,0.24,1.43,0.008,0.006,3.12,0.0,0.0,0.0005,0.0,0.0,0.0,0.046,0.0005,0.0077,0.0005,0.0005,0.0005,0.0,0.0,0.0,200.0,250.0,14.0,,,,,-64.0,28.0,,,,,,,,0,0,0,,0,0,0,1,0,0,0,0,0,0,1000.0,-13.597958,-13.597957611083984,22.86666666666667,22.86666666666667,42.05386,42.05385971069336,47.65604761904762,47.65604761904762,4.2,4.2,0.4826190476190477,0.4826190476190477
0.076,0.28,1.53,0.008,0.006,0.0,0.0,0.25,0.0005,0.0,0.0,0.0,0.0444,0.0005,0.0084,0.0005,0.0005,0.0005,0.0,0.0,0.0,200.0,250.0,14.0,474.0,570.0,20.4,77.0,,,,,,,,,,0,0,0,,0,0,0,1,0,0,0,0,0,0,1000.0,-33.63705,-33.63705062866211,26.42666666666667,26.42666666666667,33.50759,33.507591247558594,57.400095238095226,57.400095238095226,0.0,0.0,0.5672857142857144,0.5672857142857144
0.076,0.28,1.53,0.008,0.006,0.0,0.0,0.25,0.0005,0.0,0.0,0.0,0.0444,0.0005,0.0084,0.0005,0.0005,0.0005,0.0,0.0,0.0,200.0,250.0,14.0,,,,,-24.0,100.0,,,,,,,,0,0,0,,0,0,0,1,0,0,0,0,0,0,1000.0,-33.63705,-33.63705062866211,26.42666666666667,26.42666666666667,33.50759,33.507591247558594,57.400095238095226,57.400095238095226,0.0,0.0,0.5672857142857144,0.5672857142857144
0.076,0.28,1.53,0.008,0.006,0.0,0.0,0.25,0.0005,0.0,0.0,0.0,0.0444,0.0005,0.0084,0.0005,0.0005,0.0005,0.0,0.0,0.0,200.0,250.0,14.0,,,,,-61.0,28.0,,,,,,,,0,0,0,,0,0,0,1,0,0,0,0,0,0,1000.0,-33.63705,-33.63705062866211,26.42666666666667,26.42666666666667,33.50759,33.507591247558594,57.400095238095226,57.400095238095226,0.0,0.0,0.5672857142857144,0.5672857142857144
0.076,0.25,1.45,0.008,0.006,0.0,0.0,0.5,0.0005,0.0,0.0,0.0,0.0457,0.0005,0.0078,0.0005,0.0005,0.0005,0.0,0.0,0.0,200.0,250.0,14.0,523.0,610.0,19.4,75.0,,,,,,,,,,0,0,0,,0,0,0,1,0,0,0,0,0,0,1000.0,-39.347725,-39.34772491455078,12.0,12.0,34.145203,34.14520263671875,56.50404761904761,56.50404761904761,0.0,0.0,0.47928571428571437,0.47928571428571437
0.076,0.25,1.45,0.008,0.006,0.0,0.0,0.5,0.0005,0.0,0.0,0.0,0.0457,0.0005,0.0078,0.0005,0.0005,0.0005,0.0,0.0,0.0,200.0,250.0,14.0,,,,,-4.0,100.0,,,,,,,,0,0,0,,0,0,0,1,0,0,0,0,0,0,1000.0,-39.347725,-39.34772491455078,12.0,12.0,34.145203,34.14520263671875,56.50404761904761,56.50404761904761,0.0,0.0,0.47928571428571437,0.47928571428571437
0.076,0.25,1.45,0.008,0.006,0.0,0.0,0.5,0.0005,0.0,0.0,0.0,0.0457,0.0005,0.0078,0.0005,0.0005,0.0005,0.0,0.0,0.0,200.0,250.0,14.0,,,,,-50.0,28.0,,,,,,,,0,0,0,,0,0,0,1,0,0,0,0,0,0,1000.0,-39.347725,-39.34772491455078,12.0,12.0,34.145203,34.14520263671875,56.50404761904761,56.50404761904761,0.0,0.0,0.47928571428571437,0.47928571428571437
0.076,0.24,1.41,0.008,0.006,0.0,0.0,1.11,0.0005,0.0,0.0,0.0,0.0447,0.0005,0.0085,0.0005,0.0005,0.0005,0.0,0.0,0.0,200.0,250.0,14.0,594.0,699.0,19.2,68.6,,,,,,,,,,0,0,0,,0,0,0,1,0,0,0,0,0,0,1000.0,-43.69082,-43.690818786621094,10.46,10.46,35.056484,35.05648422241211,50.575,50.575,15.6,15.6,0.48728571428571427,0.48728571428571427
0.076,0.24,1.41,0.008,0.006,0.0,0.0,1.11,0.0005,0.0,0.0,0.0,0.0447,0.0005,0.0085,0.0005,0.0005,0.0005,0.0,0.0,0.0,200.0,250.0,14.0,,,,,26.0,100.0,,,,,,,,0,0,0,,0,0,0,1,0,0,0,0,0,0,1000.0,-43.69082,-43.690818786621094,10.46,10.46,35.056484,35.05648422241211,50.575,50.575,15.6,15.6,0.48728571428571427,0.48728571428571427
0.076,0.24,1.41,0.008,0.006,0.0,0.0,1.11,0.0005,0.0,0.0,0.0,0.0447,0.0005,0.0085,0.0005,0.0005,0.0005,0.0,0.0,0.0,200.0,250.0,14.0,,,,,-50.0,28.0,,,,,,,,0,0,0,,0,0,0,1,0,0,0,0,0,0,1000.0,-43.69082,-43.690818786621094,10.46,10.46,35.056484,35.05648422241211,50.575,50.575,15.6,15.6,0.48728571428571427,0.48728571428571427
0.08,0.28,1.48,0.007,0.006,0.0,1.07,0.0,0.0005,0.0,0.0,0.0,0.0436,0.0005,0.0094,0.0005,0.0005,0.0005,0.0,0.0,0.0,200.0,250.0,14.0,570.0,658.0,18.0,68.6,,,,,,,,,,0,0,0,,0,0,0,1,0,0,0,0,0,0,1000.0,-12.595784,-12.595784187316895,24.48,24.48,34.4682,34.46820068359375,44.67,44.67,0.0,0.0,0.808920634920635,0.808920634920635
0.08,0.28,1.48,0.007,0.006,0.0,1.07,0.0,0.0005,0.0,0.0,0.0,0.0436,0.0005,0.0094,0.0005,0.0005,0.0005,0.0,0.0,0.0,200.0,250.0,14.0,,,,,-20.0,100.0,,,,,,,,0,0,0,,0,0,0,1,0,0,0,0,0,0,1000.0,-12.595784,-12.595784187316895,24.48,24.48,34.4682,34.46820068359375,44.67,44.67,0.0,0.0,0.808920634920635,0.808920634920635
0.08,0.28,1.48,0.007,0.006,0.0,1.07,0.0,0.0005,0.0,0.0,0.0,0.0436,0.0005,0.0094,0.0005,0.0005,0.0005,0.0,0.0,0.0,200.0,250.0,14.0,,,,,-70.0,28.0,,,,,,,,0,0,0,,0,0,0,1,0,0,0,0,0,0,1000.0,-12.595784,-12.595784187316895,24.48,24.48,34.4682,34.46820068359375,44.67,44.67,0.0,0.0,0.808920634920635,0.808920634920635
0.075,0.28,1.48,0.007,0.005,0.0,1.55,0.0,0.0005,0.0,0.0,0.0,0.0466,0.0005,0.0086,0.0005,0.0005,0.0005,0.0,0.0,0.0,200.0,250.0,14.0,591.0,687.0,17.8,69.7,,,,,,,,,,0,0,0,,0,0,0,1,0,0,0,0,0,0,1000.0,-12.582696,-12.582695960998535,17.45,17.45,48.254173,48.254173278808594,56.231761904761896,56.231761904761896,0.0,0.0,2.599047619047619,2.599047619047619
0.075,0.28,1.48,0.007,0.005,0.0,1.55,0.0,0.0005,0.0,0.0,0.0,0.0466,0.0005,0.0086,0.0005,0.0005,0.0005,0.0,0.0,0.0,200.0,250.0,14.0,,,,,6.0,100.0,,,,,,,,0,0,0,,0,0,0,1,0,0,0,0,0,0,1000.0,-12.582696,-12.582695960998535,17.45,17.45,48.254173,48.254173278808594,56.231761904761896,56.231761904761896,0.0,0.0,2.599047619047619,2.599047619047619
0.075,0.28,1.48,0.007,0.005,0.0,1.55,0.0,0.0005,0.0,0.0,0.0,0.0466,0.0005,0.0086,0.0005,0.0005,0.0005,0.0,0.0,0.0,200.0,250.0,14.0,,,,,-55.0,28.0,,,,,,,,0,0,0,,0,0,0,1,0,0,0,0,0,0,1000.0,-12.582696,-12.582695960998535,17.45,17.45,48.254173,48.254173278808594,56.231761904761896,56.231761904761896,0.0,0.0,2.599047619047619,2.599047619047619
0.076,0.28,1.44,0.007,0.007,0.0,1.96,0.0,0.0005,0.0,0.0,0.0,0.0476,0.0005,0.0084,0.0005,0.0005,0.0005,0.0,0.0,0.0,200.0,250.0,14.0,637.0,730.0,18.5,68.6,,,,,,,,,,0,0,0,,0,0,0,1,0,0,0,0,0,0,1000.0,-12.594001,-12.594000816345215,17.43,17.43,47.73926,47.739261627197266,54.1017619047619,54.1017619047619,0.0,0.0,2.757047619047619,2.757047619047619
0.076,0.28,1.44,0.007,0.007,0.0,1.96,0.0,0.0005,0.0,0.0,0.0,0.0476,0.0005,0.0084,0.0005,0.0005,0.0005,0.0,0.0,0.0,200.0,250.0,14.0,,,,,24.0,100.0,,,,,,,,0,0,0,,0,0,0,1,0,0,0,0,0,0,1000.0,-12.594001,-12.594000816345215,17.43,17.43,47.73926,47.739261627197266,54.1017619047619,54.1017619047619,0.0,0.0,2.757047619047619,2.757047619047619
0.076,0.28,1.44,0.007,0.007,0.0,1.96,0.0,0.0005,0.0,0.0,0.0,0.0476,0.0005,0.0084,0.0005,0.0005,0.0005,0.0,0.0,0.0,200.0,250.0,14.0,,,,,-50.0,28.0,,,,,,,,0,0,0,,0,0,0,1,0,0,0,0,0,0,1000.0,-12.594001,-12.594000816345215,17.43,17.43,47.73926,47.739261627197266,54.1017619047619,54.1017619047619,0.0,0.0,2.757047619047619,2.757047619047619
0.08,0.24,1.47,0.007,0.007,0.0,0.0,0.0,0.0005,0.55,0.0,0.0,0.0455,0.0005,0.0096,0.0005,0.0005,0.0005,0.0,0.0,0.0,200.0,250.0,14.0,453.0,535.0,26.6,78.9,,,,,,,,,,0,0,0,,0,0,0,1,0,0,0,0,0,0,1000.0,-12.91882,-12.91882038116455,28.49,28.49,37.824974,37.824974060058594,37.345,37.345,0.0,0.0,1.54315873015873,1.54315873015873
0.08,0.24,1.47,0.007,0.007,0.0,0.0,0.0,0.0005,0.55,0.0,0.0,0.0455,0.0005,0.0096,0.0005,0.0005,0.0005,0.0,0.0,0.0,200.0,250.0,14.0,,,,,-10.0,100.0,,,,,,,,0,0,0,,0,0,0,1,0,0,0,0,0,0,1000.0,-12.91882,-12.91882038116455,28.49,28.49,37.824974,37.824974060058594,37.345,37.345,0.0,0.0,1.54315873015873,1.54315873015873
0.08,0.24,1.47,0.007,0.007,0.0,0.0,0.0,0.0005,0.55,0.0,0.0,0.0455,0.0005,0.0096,0.0005,0.0005,0.0005,0.0,0.0,0.0,200.0,250.0,14.0,,,,,-36.0,28.0,,,,,,,,0,0,0,,0,0,0,1,0,0,0,0,0,0,1000.0,-12.91882,-12.91882038116455,28.49,28.49,37.824974,37.824974060058594,37.345,37.345,0.0,0.0,1.54315873015873,1.54315873015873
0.075,0.24,1.41,0.006,0.008,0.0,0.0,0.0,0.0005,1.06,0.0,0.0,0.0484,0.0005,0.0089,0.0005,0.0005,0.0005,0.0,0.0,0.0,200.0,250.0,14.0,492.0,566.0,25.0,75.0,,,,,,,,,,0,0,0,,0,0,0,1,0,0,0,0,0,0,1000.0,-51.53712,-51.5371208190918,24.3775,24.3775,53.191845,53.19184494018555,48.76833333333333,48.76833333333333,0.0,0.0,3.4620476190476177,3.4620476190476177
0.075,0.24,1.41,0.006,0.008,0.0,0.0,0.0,0.0005,1.06,0.0,0.0,0.0484,0.0005,0.0089,0.0005,0.0005,0.0005,0.0,0.0,0.0,200.0,250.0,14.0,,,,,-4.0,100.0,,,,,,,,0,0,0,,0,0,0,1,0,0,0,0,0,0,1000.0,-51.53712,-51.5371208190918,24.3775,24.3775,53.191845,53.19184494018555,48.76833333333333,48.76833333333333,0.0,0.0,3.4620476190476177,3.4620476190476177
0.075,0.24,1.41,0.006,0.008,0.0,0.0,0.0,0.0005,1.06,0.0,0.0,0.0484,0.0005,0.0089,0.0005,0.0005,0.0005,0.0,0.0,0.0,200.0,250.0,14.0,,,,,-48.0,28.0,,,,,,,,0,0,0,,0,0,0,1,0,0,0,0,0,0,1000.0,-51.53712,-51.5371208190918,24.3775,24.3775,53.191845,53.19184494018555,48.76833333333333,48.76833333333333,0.0,0.0,3.4620476190476177,3.4620476190476177
0.074,0.22,1.36,0.008,0.01,0.0,0.0,0.0,0.0005,1.63,0.0,0.0,0.0484,0.0005,0.011,0.0005,0.0005,0.0005,0.0,0.0,0.0,200.0,250.0,14.0,559.0,638.0,23.2,70.8,,,,,,,,,,0,0,0,,0,0,0,1,0,0,0,0,0,0,1000.0,-10.579548,-10.579547882080078,23.75,23.75,52.443523,52.44352340698242,49.23708333333333,49.23708333333333,0.0,0.0,3.579666666666666,3.579666666666666
0.074,0.22,1.36,0.008,0.01,0.0,0.0,0.0,0.0005,1.63,0.0,0.0,0.0484,0.0005,0.011,0.0005,0.0005,0.0005,0.0,0.0,0.0,200.0,250.0,14.0,,,,,23.0,100.0,,,,,,,,0,0,0,,0,0,0,1,0,0,0,0,0,0,1000.0,-10.579548,-10.579547882080078,23.75,23.75,52.443523,52.44352340698242,49.23708333333333,49.23708333333333,0.0,0.0,3.579666666666666,3.579666666666666
0.074,0.22,1.36,0.008,0.01,0.0,0.0,0.0,0.0005,1.63,0.0,0.0,0.0484,0.0005,0.011,0.0005,0.0005,0.0005,0.0,0.0,0.0,200.0,250.0,14.0,,,,,-30.0,28.0,,,,,,,,0,0,0,,0,0,0,1,0,0,0,0,0,0,1000.0,-10.579548,-10.579547882080078,23.75,23.75,52.443523,52.44352340698242,49.23708333333333,49.23708333333333,0.0,0.0,3.579666666666666,3.579666666666666
0.074,0.28,1.46,0.008,0.008,0.0,0.0,0.0,0.0005,0.0,0.0,0.0,0.0443,0.0035,0.0079,0.0005,0.0005,0.0005,0.0,0.0,0.0,200.0,250.0,14.0,460.0,533.0,27.6,78.9,,,,,,,,,,0,0,0,,0,0,0,1,0,0,0,0,0,0,1000.0,-11.165256,-11.165255546569824,21.35916666666667,21.35916666666667,8.4909935,8.49099349975586,62.65755952380951,62.65755952380951,0.0,0.0,0.2851190476190476,0.2851190476190476
0.074,0.28,1.46,0.008,0.008,0.0,0.0,0.0,0.0005,0.0,0.0,0.0,0.0443,0.0035,0.0079,0.0005,0.0005,0.0005,0.0,0.0,0.0,200.0,250.0,14.0,,,,,-68.0,100.0,,,,,,,,0,0,0,,0,0,0,1,0,0,0,0,0,0,1000.0,-11.165256,-11.165255546569824,21.35916666666667,21.35916666666667,8.4909935,8.49099349975586,62.65755952380951,62.65755952380951,0.0,0.0,0.2851190476190476,0.2851190476190476
0.074,0.28,1.46,0.008,0.008,0.0,0.0,0.0,0.0005,0.0,0.0,0.0,0.0443,0.0035,0.0079,0.0005,0.0005,0.0005,0.0,0.0,0.0,200.0,250.0,14.0,,,,,-88.0,28.0,,,,,,,,0,0,0,,0,0,0,1,0,0,0,0,0,0,1000.0,-11.165256,-11.165255546569824,21.35916666666667,21.35916666666667,8.4909935,8.49099349975586,62.65755952380951,62.65755952380951,0.0,0.0,0.2851190476190476,0.2851190476190476
0.076,0.25,1.48,0.008,0.006,0.95,0.0,0.0,0.0005,0.0,0.0,0.0,0.0417,0.0033,0.0081,0.0005,0.0005,0.0005,0.0,0.0,0.0,200.0,250.0,14.0,498.0,551.0,27.2,78.9,,,,,,,,,,0,0,0,,0,0,0,1,0,0,0,0,0,0,1000.0,-10.35556,-10.355560302734375,21.889499999999998,21.889499999999998,10.359089,10.359088897705078,66.99686904761904,66.99686904761904,0.0,0.0,0.2476190476190476,0.2476190476190476
0.076,0.25,1.48,0.008,0.006,0.95,0.0,0.0,0.0005,0.0,0.0,0.0,0.0417,0.0033,0.0081,0.0005,0.0005,0.0005,0.0,0.0,0.0,200.0,250.0,14.0,,,,,-62.0,100.0,,,,,,,,0,0,0,,0,0,0,1,0,0,0,0,0,0,1000.0,-10.35556,-10.355560302734375,21.889499999999998,21.889499999999998,10.359089,10.359088897705078,66.99686904761904,66.99686904761904,0.0,0.0,0.2476190476190476,0.2476190476190476
0.076,0.25,1.48,0.008,0.006,0.95,0.0,0.0,0.0005,0.0,0.0,0.0,0.0417,0.0033,0.0081,0.0005,0.0005,0.0005,0.0,0.0,0.0,200.0,250.0,14.0,,,,,-94.0,28.0,,,,,,,,0,0,0,,0,0,0,1,0,0,0,0,0,0,1000.0,-10.35556,-10.355560302734375,21.889499999999998,21.889499999999998,10.359089,10.359088897705078,66.99686904761904,66.99686904761904,0.0,0.0,0.2476190476190476,0.2476190476190476
0.068,0.27,1.46,0.008,0.007,2.24,0.0,0.0,0.0005,0.0,0.0,0.0,0.0436,0.0034,0.0078,0.0005,0.0005,0.0005,0.0,0.0,0.0,200.0,250.0,14.0,555.0,622.0,25.6,78.0,,,,,,,,,,0,0,0,,0,0,0,1,0,0,0,0,0,0,1000.0,-12.118677,-12.118677139282227,19.33416666666667,19.33416666666667,9.583344,9.583344459533691,66.59598809523808,66.59598809523808,0.0,0.0,0.16511904761904758,0.16511904761904758
0.068,0.27,1.46,0.008,0.007,2.24,0.0,0.0,0.0005,0.0,0.0,0.0,0.0436,0.0034,0.0078,0.0005,0.0005,0.0005,0.0,0.0,0.0,200.0,250.0,14.0,,,,,-58.0,100.0,,,,,,,,0,0,0,,0,0,0,1,0,0,0,0,0,0,1000.0,-12.118677,-12.118677139282227,19.33416666666667,19.33416666666667,9.583344,9.583344459533691,66.59598809523808,66.59598809523808,0.0,0.0,0.16511904761904758,0.16511904761904758
0.068,0.27,1.46,0.008,0.007,2.24,0.0,0.0,0.0005,0.0,0.0,0.0,0.0436,0.0034,0.0078,0.0005,0.0005,0.0005,0.0,0.0,0.0,200.0,250.0,14.0,,,,,-102.0,28.0,,,,,,,,0,0,0,,0,0,0,1,0,0,0,0,0,0,1000.0,-12.118677,-12.118677139282227,19.33416666666667,19.33416666666667,9.583344,9.583344459533691,66.59598809523808,66.59598809523808,0.0,0.0,0.16511904761904758,0.16511904761904758
0.075,0.26,1.46,0.008,0.006,3.15,0.0,0.0,0.0005,0.0,0.0,0.0,0.0418,0.0032,0.0072,0.0005,0.0005,0.0005,0.0,0.0,0.0,200.0,250.0,14.0,604.0,680.0,20.0,71.9,,,,,,,,,,0,0,0,,0,0,0,1,0,0,0,0,0,0,1000.0,-12.789583,-12.789583206176758,20.004500000000004,20.004500000000004,9.732366,9.732365608215332,64.86616666666666,64.86616666666666,4.2,4.2,0.2551190476190476,0.2551190476190476
0.075,0.26,1.46,0.008,0.006,3.15,0.0,0.0,0.0005,0.0,0.0,0.0,0.0418,0.0032,0.0072,0.0005,0.0005,0.0005,0.0,0.0,0.0,200.0,250.0,14.0,,,,,-49.0,100.0,,,,,,,,0,0,0,,0,0,0,1,0,0,0,0,0,0,1000.0,-12.789583,-12.789583206176758,20.004500000000004,20.004500000000004,9.732366,9.732365608215332,64.86616666666666,64.86616666666666,4.2,4.2,0.2551190476190476,0.2551190476190476
0.075,0.26,1.46,0.008,0.006,3.15,0.0,0.0,0.0005,0.0,0.0,0.0,0.0418,0.0032,0.0072,0.0005,0.0005,0.0005,0.0,0.0,0.0,200.0,250.0,14.0,,,,,-95.0,28.0,,,,,,,,0,0,0,,0,0,0,1,0,0,0,0,0,0,1000.0,-12.789583,-12.789583206176758,20.004500000000004,20.004500000000004,9.732366,9.732365608215332,64.86616666666666,64.86616666666666,4.2,4.2,0.2551190476190476,0.2551190476190476
0.076,0.26,1.49,0.008,0.008,0.0,0.0,0.25,5.0,0.0,0.0,0.0,0.0412,0.0034,0.0089,0.0005,0.0005,0.0005,0.0,0.0,0.0,200.0,250.0,14.0,560.0,600.0,25.0,77.0,,,,,,,,,,0,0,0,,0,0,0,1,0,0,0,0,0,0,1000.0,-34.56915,-34.569149017333984,22.20666666666667,22.20666666666667,7.063287,7.063286781311035,70.92699999999999,70.92699999999999,0.0,0.0,0.4523095238095237,0.4523095238095237
0.076,0.26,1.49,0.008,0.008,0.0,0.0,0.25,5.0,0.0,0.0,0.0,0.0412,0.0034,0.0089,0.0005,0.0005,0.0005,0.0,0.0,0.0,200.0,250.0,14.0,,,,,-69.0,100.0,,,,,,,,0,0,0,,0,0,0,1,0,0,0,0,0,0,1000.0,-34.56915,-34.569149017333984,22.20666666666667,22.20666666666667,7.063287,7.063286781311035,70.92699999999999,70.92699999999999,0.0,0.0,0.4523095238095237,0.4523095238095237
0.076,0.26,1.49,0.008,0.008,0.0,0.0,0.25,5.0,0.0,0.0,0.0,0.0412,0.0034,0.0089,0.0005,0.0005,0.0005,0.0,0.0,0.0,200.0,250.0,14.0,,,,,-86.0,28.0,,,,,,,,0,0,0,,0,0,0,1,0,0,0,0,0,0,1000.0,-34.56915,-34.569149017333984,22.20666666666667,22.20666666666667,7.063287,7.063286781311035,70.92699999999999,70.92699999999999,0.0,0.0,0.4523095238095237,0.4523095238095237
0.075,0.26,1.46,0.008,0.007,0.0,0.0,0.5,5.0,0.0,0.0,0.0,0.0429,0.0031,0.0086,0.0005,0.0005,0.0005,0.0,0.0,0.0,200.0,250.0,14.0,596.0,642.0,21.0,74.0,,,,,,,,,,0,0,0,,0,0,0,1,0,0,0,0,0,0,1000.0,-39.308144,-39.308143615722656,10.015,10.015,7.244486,7.244485855102539,66.6975,66.6975,15.6,15.6,0.2856190476190476,0.2856190476190476
0.075,0.26,1.46,0.008,0.007,0.0,0.0,0.5,5.0,0.0,0.0,0.0,0.0429,0.0031,0.0086,0.0005,0.0005,0.0005,0.0,0.0,0.0,200.0,250.0,14.0,,,,,-56.0,100.0,,,,,,,,0,0,0,,0,0,0,1,0,0,0,0,0,0,1000.0,-39.308144,-39.308143615722656,10.015,10.015,7.244486,7.244485855102539,66.6975,66.6975,15.6,15.6,0.2856190476190476,0.2856190476190476
0.075,0.26,1.46,0.008,0.007,0.0,0.0,0.5,5.0,0.0,0.0,0.0,0.0429,0.0031,0.0086,0.0005,0.0005,0.0005,0.0,0.0,0.0,200.0,250.0,14.0,,,,,-90.0,28.0,,,,,,,,0,0,0,,0,0,0,1,0,0,0,0,0,0,1000.0,-39.308144,-39.308143615722656,10.015,10.015,7.244486,7.244485855102539,66.6975,66.6975,15.6,15.6,0.2856190476190476,0.2856190476190476
0.075,0.25,1.44,0.008,0.008,0.0,0.0,1.07,5.0,0.0,0.0,0.0,0.0432,0.0031,0.0083,0.0005,0.0005,0.0005,0.0,0.0,0.0,200.0,250.0,14.0,650.0,720.0,20.0,70.8,,,,,,,,,,0,0,0,,0,0,0,1,0,0,0,0,0,0,1000.0,-43.68286,-43.682861328125,9.94,9.94,7.286002,7.286002159118652,65.11375,65.11375,15.6,15.6,0.2956190476190476,0.2956190476190476
0.075,0.25,1.44,0.008,0.008,0.0,0.0,1.07,5.0,0.0,0.0,0.0,0.0432,0.0031,0.0083,0.0005,0.0005,0.0005,0.0,0.0,0.0,200.0,250.0,14.0,,,,,-39.0,100.0,,,,,,,,0,0,0,,0,0,0,1,0,0,0,0,0,0,1000.0,-43.68286,-43.682861328125,9.94,9.94,7.286002,7.286002159118652,65.11375,65.11375,15.6,15.6,0.2956190476190476,0.2956190476190476
0.075,0.25,1.44,0.008,0.008,0.0,0.0,1.07,5.0,0.0,0.0,0.0,0.0432,0.0031,0.0083,0.0005,0.0005,0.0005,0.0,0.0,0.0,200.0,250.0,14.0,,,,,-85.0,28.0,,,,,,,,0,0,0,,0,0,0,1,0,0,0,0,0,0,1000.0,-43.68286,-43.682861328125,9.94,9.94,7.286002,7.286002159118652,65.11375,65.11375,15.6,15.6,0.2956190476190476,0.2956190476190476
0.079,0.3,1.56,0.007,0.011,0.0,1.03,0.0,0.0005,0.0,0.0,0.0,0.0431,0.0027,0.0098,0.0005,0.0005,0.0005,0.0,0.0,0.0,200.0,250.0,14.0,624.0,672.0,20.0,73.0,,,,,,,,,,0,0,0,,0,0,0,1,0,0,0,0,0,0,1000.0,-12.60979,-12.609789848327637,21.94,21.94,12.358258,12.358258247375488,64.78,64.78,0.0,0.0,0.3797539682539683,0.3797539682539683
0.079,0.3,1.56,0.007,0.011,0.0,1.03,0.0,0.0005,0.0,0.0,0.0,0.0431,0.0027,0.0098,0.0005,0.0005,0.0005,0.0,0.0,0.0,200.0,250.0,14.0,,,,,-58.0,100.0,,,,,,,,0,0,0,,0,0,0,1,0,0,0,0,0,0,1000.0,-12.60979,-12.609789848327637,21.94,21.94,12.358258,12.358258247375488,64.78,64.78,0.0,0.0,0.3797539682539683,0.3797539682539683
0.079,0.3,1.56,0.007,0.011,0.0,1.03,0.0,0.0005,0.0,0.0,0.0,0.0431,0.0027,0.0098,0.0005,0.0005,0.0005,0.0,0.0,0.0,200.0,250.0,14.0,,,,,-84.0,28.0,,,,,,,,0,0,0,,0,0,0,1,0,0,0,0,0,0,1000.0,-12.60979,-12.609789848327637,21.94,21.94,12.358258,12.358258247375488,64.78,64.78,0.0,0.0,0.3797539682539683,0.3797539682539683
0.073,0.29,1.53,0.007,0.01,0.0,1.53,0.0,0.0005,0.0,0.0,0.0,0.0438,0.0027,0.0079,0.0005,0.0005,0.0005,0.0,0.0,0.0,200.0,250.0,14.0,650.0,710.0,18.4,73.0,,,,,,,,,,0,0,0,,0,0,0,1,0,0,0,0,0,0,1000.0,-12.598485,-12.598484992980957,14.5925,14.5925,7.785321,7.785321235656738,70.34851190476189,70.34851190476189,0.0,0.0,0.09433333333333334,0.09433333333333334
0.073,0.29,1.53,0.007,0.01,0.0,1.53,0.0,0.0005,0.0,0.0,0.0,0.0438,0.0027,0.0079,0.0005,0.0005,0.0005,0.0,0.0,0.0,200.0,250.0,14.0,,,,,-38.0,100.0,,,,,,,,0,0,0,,0,0,0,1,0,0,0,0,0,0,1000.0,-12.598485,-12.598484992980957,14.5925,14.5925,7.785321,7.785321235656738,70.34851190476189,70.34851190476189,0.0,0.0,0.09433333333333334,0.09433333333333334
0.073,0.29,1.53,0.007,0.01,0.0,1.53,0.0,0.0005,0.0,0.0,0.0,0.0438,0.0027,0.0079,0.0005,0.0005,0.0005,0.0,0.0,0.0,200.0,250.0,14.0,,,,,-79.0,28.0,,,,,,,,0,0,0,,0,0,0,1,0,0,0,0,0,0,1000.0,-12.598485,-12.598484992980957,14.5925,14.5925,7.785321,7.785321235656738,70.34851190476189,70.34851190476189,0.0,0.0,0.09433333333333334,0.09433333333333334
0.078,0.29,1.48,0.007,0.01,0.0,1.96,0.0,0.0005,0.0,0.0,0.0,0.0438,0.0028,0.0082,0.0005,0.0005,0.0005,0.0,0.0,0.0,200.0,250.0,14.0,706.0,772.0,16.0,67.5,,,,,,,,,,0,0,0,,0,0,0,1,0,0,0,0,0,0,1000.0,-12.60979,-12.609789848327637,15.4225,15.4225,6.3980546,6.398054599761963,63.7465119047619,63.7465119047619,0.0,0.0,0.14683333333333334,0.14683333333333334
0.078,0.29,1.48,0.007,0.01,0.0,1.96,0.0,0.0005,0.0,0.0,0.0,0.0438,0.0028,0.0082,0.0005,0.0005,0.0005,0.0,0.0,0.0,200.0,250.0,14.0,,,,,-6.0,100.0,,,,,,,,0,0,0,,0,0,0,1,0,0,0,0,0,0,1000.0,-12.60979,-12.609789848327637,15.4225,15.4225,6.3980546,6.398054599761963,63.7465119047619,63.7465119047619,0.0,0.0,0.14683333333333334,0.14683333333333334
0.078,0.29,1.48,0.007,0.01,0.0,1.96,0.0,0.0005,0.0,0.0,0.0,0.0438,0.0028,0.0082,0.0005,0.0005,0.0005,0.0,0.0,0.0,200.0,250.0,14.0,,,,,-70.0,28.0,,,,,,,,0,0,0,,0,0,0,1,0,0,0,0,0,0,1000.0,-12.60979,-12.609789848327637,15.4225,15.4225,6.3980546,6.398054599761963,63.7465119047619,63.7465119047619,0.0,0.0,0.14683333333333334,0.14683333333333334
0.076,0.27,1.48,0.007,0.008,0.0,0.0,0.0,0.0005,0.53,0.0,0.0,0.0454,0.0022,0.0081,0.0005,0.0005,0.0005,0.0,0.0,0.0,200.0,250.0,14.0,495.0,557.0,27.6,78.9,,,,,,,,,,0,0,0,,0,0,0,1,0,0,0,0,0,0,1000.0,-11.177875,-11.177874565124512,19.721666666666668,19.721666666666668,9.540428,9.540428161621094,61.69855952380953,61.69855952380953,0.0,0.0,0.13683333333333333,0.13683333333333333
0.076,0.27,1.48,0.007,0.008,0.0,0.0,0.0,0.0005,0.53,0.0,0.0,0.0454,0.0022,0.0081,0.0005,0.0005,0.0005,0.0,0.0,0.0,200.0,250.0,14.0,,,,,-57.0,100.0,,,,,,,,0,0,0,,0,0,0,1,0,0,0,0,0,0,1000.0,-11.177875,-11.177874565124512,19.721666666666668,19.721666666666668,9.540428,9.540428161621094,61.69855952380953,61.69855952380953,0.0,0.0,0.13683333333333333,0.13683333333333333
0.076,0.27,1.48,0.007,0.008,0.0,0.0,0.0,0.0005,0.53,0.0,0.0,0.0454,0.0022,0.0081,0.0005,0.0005,0.0005,0.0,0.0,0.0,200.0,250.0,14.0,,,,,-93.0,28.0,,,,,,,,0,0,0,,0,0,0,1,0,0,0,0,0,0,1000.0,-11.177875,-11.177874565124512,19.721666666666668,19.721666666666668,9.540428,9.540428161621094,61.69855952380953,61.69855952380953,0.0,0.0,0.13683333333333333,0.13683333333333333
0.077,0.25,1.43,0.007,0.008,0.0,0.0,0.0,0.0005,1.08,0.0,0.0,0.0456,0.0019,0.0092,0.0005,0.0005,0.0005,0.0,0.0,0.0,200.0,250.0,14.0,487.0,563.0,27.4,77.4,,,,,,,,,,0,0,0,,0,0,0,1,0,0,0,0,0,0,1000.0,-12.825427,-12.825427055358887,19.329166666666666,19.329166666666666,25.318056,25.318056106567383,59.74633333333333,59.74633333333333,0.0,0.0,0.5680873015873016,0.5680873015873016
0.077,0.25,1.43,0.007,0.008,0.0,0.0,0.0,0.0005,1.08,0.0,0.0,0.0456,0.0019,0.0092,0.0005,0.0005,0.0005,0.0,0.0,0.0,200.0,250.0,14.0,,,,,-48.0,100.0,,,,,,,,0,0,0,,0,0,0,1,0,0,0,0,0,0,1000.0,-12.825427,-12.825427055358887,19.329166666666666,19.329166666666666,25.318056,25.318056106567383,59.74633333333333,59.74633333333333,0.0,0.0,0.5680873015873016,0.5680873015873016
0.077,0.25,1.43,0.007,0.008,0.0,0.0,0.0,0.0005,1.08,0.0,0.0,0.0456,0.0019,0.0092,0.0005,0.0005,0.0005,0.0,0.0,0.0,200.0,250.0,14.0,,,,,-85.0,28.0,,,,,,,,0,0,0,,0,0,0,1,0,0,0,0,0,0,1000.0,-12.825427,-12.825427055358887,19.329166666666666,19.329166666666666,25.318056,25.318056106567383,59.74633333333333,59.74633333333333,0.0,0.0,0.5680873015873016,0.5680873015873016
0.069,0.25,1.37,0.007,0.009,0.0,0.0,0.0,0.0005,1.6,0.0,0.0,0.0475,0.0023,0.0075,0.0005,0.0005,0.0005,0.0,0.0,0.0,200.0,250.0,14.0,570.0,625.0,25.8,75.0,,,,,,,,,,0,0,0,,0,0,0,1,0,0,0,0,0,0,1000.0,-13.074002,-13.074002265930176,19.0425,19.0425,27.056183,27.056182861328125,59.94451190476191,59.94451190476191,0.0,0.0,2.435380952380952,2.435380952380952
0.069,0.25,1.37,0.007,0.009,0.0,0.0,0.0,0.0005,1.6,0.0,0.0,0.0475,0.0023,0.0075,0.0005,0.0005,0.0005,0.0,0.0,0.0,200.0,250.0,14.0,,,,,-15.0,100.0,,,,,,,,0,0,0,,0,0,0,1,0,0,0,0,0,0,1000.0,-13.074002,-13.074002265930176,19.0425,19.0425,27.056183,27.056182861328125,59.94451190476191,59.94451190476191,0.0,0.0,2.435380952380952,2.435380952380952
0.069,0.25,1.37,0.007,0.009,0.0,0.0,0.0,0.0005,1.6,0.0,0.0,0.0475,0.0023,0.0075,0.0005,0.0005,0.0005,0.0,0.0,0.0,200.0,250.0,14.0,,,,,-67.0,28.0,,,,,,,,0,0,0,,0,0,0,1,0,0,0,0,0,0,1000.0,-13.074002,-13.074002265930176,19.0425,19.0425,27.056183,27.056182861328125,59.94451190476191,59.94451190476191,0.0,0.0,2.435380952380952,2.435380952380952
0.088,0.39,0.89,0.008,0.017,0.57,8.2,0.96,0.18,0.0,0.0,0.0,0.0361,0.0,0.0373,0.0,0.0,0.05,0.0,0.0,0.0,200.0,760.0,2.0,830.0,,,,,,,,,,,,,1,0,0,13500.0,0,0,0,0,0,0,1,0,0,0,2000.0,-43.34962,-43.3496208190918,6.14,6.14,52.267426,52.267425537109375,34.16,34.16,15.6,15.6,1.5659848484848484,1.5659848484848484
0.088,0.38,0.55,0.008,0.017,0.52,8.6,0.98,0.19,0.0,0.0,0.0,0.0363,0.0,0.0376,0.0,0.0,0.05,0.0,0.0,0.0,200.0,760.0,2.0,830.0,,,,,,,,,,,,,1,0,0,13500.0,0,0,0,0,0,0,1,0,0,0,2000.0,-30.07441,-30.07440948486328,10.86,10.86,52.267426,52.267425537109375,34.19,34.19,15.6,15.6,1.6294848484848483,1.6294848484848483
0.098,0.39,1.63,0.008,0.017,0.79,8.6,0.98,0.2,0.0,0.0,0.0,0.033,0.0,0.039,0.0,0.0,0.05,0.0,0.0,0.0,200.0,760.0,2.0,825.0,,,,,,,,,,,,,1,0,0,13500.0,0,0,0,0,0,0,1,0,0,0,2000.0,-43.5483,-43.548301696777344,5.23,5.23,71.163666,71.16366577148438,37.87,37.87,15.6,15.6,1.3794206349206348,1.3794206349206348
0.1,0.36,0.93,0.008,0.016,0.23,8.9,1.02,0.2,0.0,0.0,0.0,0.0372,0.0,0.0416,0.0,0.0,0.05,0.0,0.0,0.0,200.0,760.0,2.0,734.0,,,,,,,,,,,,,1,0,0,13500.0,0,0,0,0,0,0,1,0,0,0,2000.0,-32.083225,-32.08322525024414,6.64,6.64,51.803375,51.803375244140625,34.59,34.59,15.6,15.6,1.5559848484848484,1.5559848484848484
0.1,0.35,0.9,0.008,0.016,0.6,8.6,0.98,0.18,0.0,0.0,0.0,0.0368,0.0,0.0398,0.0,0.0,0.005,0.0,0.0,0.0,200.0,760.0,2.0,834.0,,,,,,,,,,,,,1,0,0,13500.0,0,0,0,0,0,0,1,0,0,0,2000.0,-35.32884,-35.32883834838867,5.66,5.66,51.439487,51.43948745727539,33.45,33.45,15.6,15.6,1.5559848484848484,1.5559848484848484
0.088,0.36,0.88,0.008,0.017,0.57,8.4,0.94,0.19,0.0,0.0,0.0,0.0441,0.0,0.0394,0.0,0.0,0.1,0.0,0.0,0.0,200.0,760.0,2.0,822.0,,,,,,,,,,,,,1,0,0,13500.0,0,0,0,0,0,0,1,0,0,0,2000.0,-35.91306,-35.91305923461914,7.7,7.7,52.03261,52.03261184692383,36.17,36.17,15.6,15.6,1.3928333333333334,1.3928333333333334
0.09,0.34,0.89,0.008,0.016,0.17,8.2,0.94,0.02,0.0,0.0,0.0,0.0396,0.0,0.0096,0.0,0.0,0.005,0.0,0.0,0.0,200.0,760.0,2.0,660.0,,,,,,,,,,,,,1,0,0,13500.0,0,0,0,0,0,0,1,0,0,0,2000.0,-35.376236,-35.37623596191406,6.04,6.04,93.070724,93.07072448730469,22.39,22.39,15.6,15.6,1.5759848484848484,1.5759848484848484
0.092,0.35,0.9,0.008,0.016,0.54,8.4,0.97,0.17,0.0,0.0,0.0,0.0426,0.0,0.0099,0.0,0.0,0.05,0.0,0.0,0.0,200.0,760.0,2.0,832.0,,,,,,,,,,,,,1,0,0,13500.0,0,0,0,0,0,0,1,0,0,0,2000.0,-30.925209,-30.925209045410156,7.21,7.21,52.689842,52.689842224121094,32.48,32.48,15.6,15.6,1.3928333333333334,1.3928333333333334
0.18,0.39,0.88,0.008,0.017,0.18,10.2,0.94,0.28,0.0,0.0,0.0,0.0327,0.0,0.0103,0.0,0.0,0.005,0.0,0.0,0.0,200.0,760.0,2.0,,,,,,,,,,,,,,1,0,0,13500.0,0,0,0,0,0,0,1,0,0,0,2000.0,-47.797726,-47.797725677490234,7.49,7.49,51.071857,51.07185745239258,35.66,35.66,15.6,15.6,1.5659848484848484,1.5659848484848484
